{
    "event_type": "flower_visit",
    "flower_id": "flower_1",
    "start_time": 1772089995.206371,
    "end_time": 1772089997.006269,
    "num_scans": 27,
    "angles": [
        131,
        132,
        133,
        134,
        135
    ],
    "distance_series": [
        [
            1.979,
            0.338,
            0.317,
            0.311,
            0.3
        ],
        [
            1.974,
            0.327,
            0.319,
            0.31,
            0.299
        ],
        [
            1.974,
            0.329,
            0.318,
            0.306,
            0.3
        ],
        [
            1.973,
            0.328,
            0.312,
            0.308,
            0.299
        ],
        [
            1.968,
            0.321,
            0.305,
            0.306,
            0.301
        ],
        [
            1.979,
            0.323,
            0.307,
            0.309,
            0.299
        ],
        [
            1.981,
            0.322,
            0.307,
            0.307,
            0.298
        ],
        [
            1.984,
            0.323,
            0.31,
            0.305,
            0.299
        ],
        [
            1.987,
            0.327,
            0.313,
            0.302,
            0.299
        ],
        [
            1.982,
            0.328,
            0.313,
            0.304,
            0.301
        ],
        [
            1.983,
            0.325,
            0.312,
            0.301,
            0.299
        ],
        [
            1.983,
            0.328,
            0.312,
            0.303,
            0.298
        ],
        [
            1.983,
            0.328,
            0.305,
            0.302,
            0.299
        ],
        [
            1.984,
            0.329,
            0.303,
            0.306,
            0.299
        ],
        [
            1.982,
            0.333,
            0.306,
            0.305,
            0.301
        ],
        [
            1.98,
            0.328,
            0.314,
            0.306,
            0.3
        ],
        [
            1.981,
            0.324,
            0.315,
            0.31,
            0.297
        ],
        [
            1.98,
            0.334,
            0.319,
            0.308,
            0.296
        ],
        [
            1.975,
            0.336,
            0.316,
            0.31,
            0.301
        ],
        [
            1.979,
            0.338,
            0.315,
            0.318,
            0.306
        ],
        [
            1.978,
            0.339,
            0.313,
            0.324,
            0.31
        ],
        [
            1.981,
            0.326,
            0.319,
            0.328,
            0.315
        ],
        [
            1.985,
            0.335,
            0.325,
            0.328,
            0.32
        ],
        [
            1.985,
            0.338,
            0.332,
            0.321,
            0.318
        ],
        [
            1.983,
            0.34,
            0.341,
            0.324,
            0.32
        ],
        [
            1.982,
            0.338,
            0.344,
            0.332,
            0.326
        ],
        [
            1.983,
            0.338,
            0.343,
            0.337,
            0.329
        ]
    ]
}