{
    "event_type": "flower_visit",
    "flower_id": "flower_1",
    "start_time": 1772090094.7404742,
    "end_time": 1772090098.607093,
    "num_scans": 58,
    "angles": [
        131,
        132,
        133,
        134,
        135
    ],
    "distance_series": [
        [
            0.268,
            0.288,
            0.287,
            0.292,
            0.295
        ],
        [
            0.268,
            0.284,
            0.287,
            0.296,
            0.292
        ],
        [
            0.265,
            0.285,
            0.288,
            0.295,
            0.294
        ],
        [
            0.265,
            0.282,
            0.289,
            0.294,
            0.293
        ],
        [
            0.263,
            0.28,
            0.288,
            0.295,
            0.294
        ],
        [
            0.269,
            0.281,
            0.287,
            0.291,
            0.294
        ],
        [
            0.267,
            0.28,
            0.283,
            0.294,
            0.293
        ],
        [
            0.264,
            0.278,
            0.287,
            0.294,
            0.293
        ],
        [
            0.26,
            0.278,
            0.28,
            0.294,
            0.295
        ],
        [
            0.262,
            0.277,
            0.276,
            0.293,
            0.294
        ],
        [
            0.259,
            0.276,
            0.28,
            0.294,
            0.294
        ],
        [
            0.262,
            0.278,
            0.278,
            0.289,
            0.294
        ],
        [
            0.27,
            0.282,
            0.287,
            0.291,
            0.294
        ],
        [
            0.268,
            0.283,
            0.287,
            0.292,
            0.293
        ],
        [
            0.263,
            0.283,
            0.287,
            0.291,
            0.292
        ],
        [
            0.261,
            0.283,
            0.289,
            0.294,
            0.289
        ],
        [
            0.262,
            0.279,
            0.282,
            0.292,
            0.287
        ],
        [
            0.26,
            0.28,
            0.281,
            0.292,
            0.285
        ],
        [
            0.262,
            0.279,
            0.28,
            0.291,
            0.288
        ],
        [
            0.262,
            0.279,
            0.281,
            0.287,
            0.289
        ],
        [
            0.262,
            0.282,
            0.28,
            0.287,
            0.288
        ],
        [
            0.264,
            0.277,
            0.282,
            0.284,
            0.292
        ],
        [
            0.259,
            0.275,
            0.278,
            0.287,
            0.293
        ],
        [
            0.261,
            0.278,
            0.281,
            0.286,
            0.29
        ],
        [
            0.265,
            0.281,
            0.282,
            0.287,
            0.29
        ],
        [
            0.26,
            0.276,
            0.284,
            0.29,
            0.291
        ],
        [
            0.261,
            0.276,
            0.287,
            0.288,
            0.291
        ],
        [
            0.258,
            0.276,
            0.286,
            0.288,
            0.292
        ],
        [
            0.256,
            0.267,
            0.286,
            0.288,
            0.294
        ],
        [
            0.259,
            0.271,
            0.28,
            0.29,
            0.292
        ],
        [
            0.262,
            0.275,
            0.276,
            0.288,
            0.292
        ],
        [
            0.265,
            0.27,
            0.278,
            0.289,
            0.293
        ],
        [
            0.264,
            0.276,
            0.28,
            0.292,
            0.291
        ],
        [
            0.265,
            0.271,
            0.285,
            0.29,
            0.29
        ],
        [
            0.263,
            0.267,
            0.28,
            0.293,
            0.291
        ],
        [
            0.264,
            0.271,
            0.276,
            0.29,
            0.288
        ],
        [
            0.265,
            0.274,
            0.278,
            0.286,
            0.289
        ],
        [
            0.266,
            0.274,
            0.278,
            0.282,
            0.291
        ],
        [
            0.265,
            0.273,
            0.282,
            0.281,
            0.29
        ],
        [
            0.263,
            0.275,
            0.28,
            0.285,
            0.288
        ],
        [
            0.26,
            0.268,
            0.279,
            0.285,
            0.292
        ],
        [
            0.257,
            0.272,
            0.28,
            0.286,
            0.291
        ],
        [
            0.258,
            0.269,
            0.281,
            0.289,
            0.29
        ],
        [
            0.259,
            0.271,
            0.281,
            0.287,
            0.289
        ],
        [
            0.262,
            0.271,
            0.282,
            0.285,
            0.286
        ],
        [
            0.26,
            0.271,
            0.279,
            0.285,
            0.287
        ],
        [
            0.259,
            0.27,
            0.284,
            0.284,
            0.288
        ],
        [
            0.26,
            0.268,
            0.284,
            0.287,
            0.285
        ],
        [
            0.266,
            0.273,
            0.288,
            0.285,
            0.286
        ],
        [
            0.68,
            0.697,
            0.307,
            0.305,
            0.301
        ],
        [
            1.107,
            1.121,
            0.311,
            0.316,
            0.316
        ],
        [
            1.533,
            1.552,
            0.325,
            0.327,
            0.328
        ],
        [
            1.949,
            1.978,
            0.337,
            0.341,
            0.34
        ],
        [
            1.949,
            1.981,
            0.334,
            0.34,
            0.339
        ],
        [
            1.951,
            1.978,
            0.334,
            0.34,
            0.342
        ],
        [
            1.946,
            1.975,
            0.334,
            0.343,
            0.347
        ],
        [
            1.946,
            1.974,
            0.333,
            0.341,
            0.349
        ],
        [
            1.951,
            1.977,
            0.338,
            0.342,
            0.348
        ]
    ]
}