{
    "event_type": "flower_visit",
    "flower_id": "flower_1",
    "start_time": 1772089647.07756,
    "end_time": 1772089649.007853,
    "num_scans": 29,
    "angles": [
        131,
        132,
        133,
        134,
        135
    ],
    "distance_series": [
        [
            1.98,
            0.334,
            0.34,
            0.334,
            0.301
        ],
        [
            1.973,
            0.337,
            0.344,
            0.336,
            0.3
        ],
        [
            1.973,
            0.329,
            0.346,
            0.342,
            0.296
        ],
        [
            1.976,
            0.321,
            0.341,
            0.336,
            0.297
        ],
        [
            1.98,
            0.32,
            0.339,
            0.334,
            0.3
        ],
        [
            1.983,
            0.32,
            0.337,
            0.332,
            0.299
        ],
        [
            1.987,
            0.326,
            0.338,
            0.332,
            0.296
        ],
        [
            1.985,
            0.339,
            0.341,
            0.333,
            0.295
        ],
        [
            1.983,
            0.343,
            0.342,
            0.33,
            0.295
        ],
        [
            1.988,
            0.343,
            0.342,
            0.33,
            0.291
        ],
        [
            1.988,
            0.339,
            0.34,
            0.328,
            0.293
        ],
        [
            1.984,
            0.33,
            0.342,
            0.331,
            0.289
        ],
        [
            1.988,
            0.326,
            0.339,
            0.335,
            0.291
        ],
        [
            1.983,
            0.323,
            0.341,
            0.339,
            0.292
        ],
        [
            1.981,
            0.325,
            0.34,
            0.344,
            0.298
        ],
        [
            1.982,
            0.329,
            0.338,
            0.343,
            0.293
        ],
        [
            1.98,
            0.329,
            0.34,
            0.341,
            0.292
        ],
        [
            1.977,
            0.328,
            0.34,
            0.339,
            0.293
        ],
        [
            1.977,
            0.327,
            0.341,
            0.337,
            0.293
        ],
        [
            1.977,
            0.327,
            0.343,
            0.34,
            0.294
        ],
        [
            1.975,
            0.332,
            0.348,
            0.34,
            0.3
        ],
        [
            1.977,
            0.338,
            0.344,
            0.338,
            0.31
        ],
        [
            1.978,
            0.339,
            0.344,
            0.34,
            0.317
        ],
        [
            1.972,
            0.337,
            0.344,
            0.344,
            0.335
        ],
        [
            1.97,
            0.335,
            0.344,
            0.345,
            0.338
        ],
        [
            1.969,
            0.327,
            0.345,
            0.344,
            0.341
        ],
        [
            1.966,
            0.328,
            0.348,
            0.343,
            0.343
        ],
        [
            1.971,
            0.331,
            0.347,
            0.343,
            0.341
        ],
        [
            1.978,
            0.331,
            0.345,
            0.344,
            0.34
        ]
    ]
}