{
    "event_type": "flower_visit",
    "flower_id": "flower_1",
    "start_time": 1772090120.5396721,
    "end_time": 1772090122.9396129,
    "num_scans": 36,
    "angles": [
        131,
        132,
        133,
        134,
        135
    ],
    "distance_series": [
        [
            0.267,
            0.264,
            0.27,
            0.267,
            0.263
        ],
        [
            0.265,
            0.266,
            0.267,
            0.268,
            0.265
        ],
        [
            0.266,
            0.264,
            0.263,
            0.268,
            0.269
        ],
        [
            0.264,
            0.266,
            0.266,
            0.267,
            0.268
        ],
        [
            0.261,
            0.266,
            0.264,
            0.26,
            0.269
        ],
        [
            0.264,
            0.265,
            0.262,
            0.263,
            0.266
        ],
        [
            0.263,
            0.268,
            0.261,
            0.265,
            0.264
        ],
        [
            0.263,
            0.268,
            0.267,
            0.266,
            0.266
        ],
        [
            0.266,
            0.269,
            0.268,
            0.263,
            0.266
        ],
        [
            0.264,
            0.27,
            0.26,
            0.266,
            0.264
        ],
        [
            0.261,
            0.265,
            0.263,
            0.271,
            0.262
        ],
        [
            0.266,
            0.262,
            0.266,
            0.267,
            0.261
        ],
        [
            0.263,
            0.26,
            0.262,
            0.271,
            0.259
        ],
        [
            0.263,
            0.258,
            0.265,
            0.268,
            0.259
        ],
        [
            0.261,
            0.261,
            0.262,
            0.27,
            0.262
        ],
        [
            0.259,
            0.263,
            0.263,
            0.271,
            0.265
        ],
        [
            0.263,
            0.266,
            0.264,
            0.269,
            0.268
        ],
        [
            0.264,
            0.269,
            0.261,
            0.273,
            0.269
        ],
        [
            0.26,
            0.263,
            0.264,
            0.272,
            0.266
        ],
        [
            0.263,
            0.264,
            0.266,
            0.271,
            0.268
        ],
        [
            0.263,
            0.263,
            0.265,
            0.27,
            0.268
        ],
        [
            0.265,
            0.263,
            0.271,
            0.271,
            0.269
        ],
        [
            0.267,
            0.27,
            0.267,
            0.27,
            0.269
        ],
        [
            0.266,
            0.276,
            0.268,
            0.271,
            0.269
        ],
        [
            0.267,
            0.274,
            0.268,
            0.268,
            0.27
        ],
        [
            0.271,
            0.279,
            0.271,
            0.27,
            0.272
        ],
        [
            0.275,
            0.279,
            0.289,
            0.284,
            0.287
        ],
        [
            0.697,
            0.702,
            0.303,
            0.307,
            0.306
        ],
        [
            1.117,
            1.126,
            0.318,
            0.329,
            0.327
        ],
        [
            1.532,
            1.555,
            0.33,
            0.351,
            0.345
        ],
        [
            1.947,
            1.98,
            0.333,
            0.349,
            0.35
        ],
        [
            1.945,
            1.98,
            0.335,
            0.347,
            0.345
        ],
        [
            1.945,
            1.984,
            0.336,
            0.345,
            0.344
        ],
        [
            1.945,
            1.985,
            0.339,
            0.342,
            0.342
        ],
        [
            1.952,
            1.981,
            0.339,
            0.342,
            0.341
        ],
        [
            1.949,
            1.982,
            0.338,
            0.341,
            0.338
        ]
    ]
}