{
    "event_type": "flower_visit",
    "flower_id": "flower_1",
    "start_time": 1772090140.406731,
    "end_time": 1772090143.006179,
    "num_scans": 39,
    "angles": [
        131,
        132,
        133,
        134,
        135
    ],
    "distance_series": [
        [
            0.265,
            0.269,
            0.264,
            0.26,
            0.262
        ],
        [
            0.263,
            0.266,
            0.265,
            0.269,
            0.26
        ],
        [
            0.267,
            0.265,
            0.262,
            0.27,
            0.258
        ],
        [
            0.268,
            0.267,
            0.264,
            0.264,
            0.259
        ],
        [
            0.269,
            0.264,
            0.264,
            0.266,
            0.264
        ],
        [
            0.268,
            0.264,
            0.266,
            0.263,
            0.262
        ],
        [
            0.268,
            0.269,
            0.269,
            0.261,
            0.263
        ],
        [
            0.259,
            0.267,
            0.272,
            0.261,
            0.265
        ],
        [
            0.258,
            0.267,
            0.267,
            0.265,
            0.263
        ],
        [
            0.26,
            0.261,
            0.267,
            0.269,
            0.264
        ],
        [
            0.257,
            0.262,
            0.266,
            0.264,
            0.267
        ],
        [
            0.264,
            0.263,
            0.268,
            0.264,
            0.263
        ],
        [
            0.266,
            0.267,
            0.267,
            0.263,
            0.26
        ],
        [
            0.264,
            0.264,
            0.265,
            0.262,
            0.264
        ],
        [
            0.264,
            0.263,
            0.271,
            0.26,
            0.262
        ],
        [
            0.266,
            0.266,
            0.269,
            0.259,
            0.259
        ],
        [
            0.265,
            0.261,
            0.264,
            0.26,
            0.259
        ],
        [
            0.264,
            0.265,
            0.267,
            0.26,
            0.263
        ],
        [
            0.257,
            0.263,
            0.264,
            0.261,
            0.263
        ],
        [
            0.26,
            0.259,
            0.263,
            0.261,
            0.267
        ],
        [
            0.259,
            0.265,
            0.266,
            0.26,
            0.26
        ],
        [
            0.261,
            0.262,
            0.266,
            0.26,
            0.264
        ],
        [
            0.263,
            0.263,
            0.266,
            0.261,
            0.261
        ],
        [
            0.26,
            0.265,
            0.269,
            0.262,
            0.259
        ],
        [
            0.257,
            0.266,
            0.264,
            0.265,
            0.264
        ],
        [
            0.257,
            0.266,
            0.265,
            0.266,
            0.262
        ],
        [
            0.262,
            0.265,
            0.263,
            0.265,
            0.263
        ],
        [
            0.258,
            0.261,
            0.259,
            0.262,
            0.264
        ],
        [
            0.254,
            0.25,
            0.253,
            0.253,
            0.258
        ],
        [
            0.682,
            0.682,
            0.27,
            0.278,
            0.279
        ],
        [
            1.105,
            1.116,
            0.291,
            0.302,
            0.295
        ],
        [
            1.526,
            1.554,
            0.317,
            0.326,
            0.318
        ],
        [
            1.95,
            1.993,
            0.332,
            0.349,
            0.347
        ],
        [
            1.945,
            1.99,
            0.336,
            0.346,
            0.349
        ],
        [
            1.939,
            1.99,
            0.334,
            0.348,
            0.348
        ],
        [
            1.936,
            1.984,
            0.337,
            0.343,
            0.346
        ],
        [
            1.939,
            1.975,
            0.339,
            0.344,
            0.339
        ],
        [
            1.941,
            1.969,
            0.339,
            0.342,
            0.336
        ],
        [
            1.947,
            1.969,
            0.338,
            0.335,
            0.338
        ]
    ]
}