{
    "event_type": "flower_visit",
    "flower_id": "flower_1",
    "start_time": 1772089538.6099598,
    "end_time": 1772089540.009687,
    "num_scans": 21,
    "angles": [
        131,
        132,
        133,
        134,
        135
    ],
    "distance_series": [
        [
            1.98,
            0.328,
            0.345,
            0.341,
            0.308
        ],
        [
            1.978,
            0.335,
            0.342,
            0.341,
            0.306
        ],
        [
            1.972,
            0.332,
            0.344,
            0.336,
            0.302
        ],
        [
            1.974,
            0.335,
            0.343,
            0.336,
            0.297
        ],
        [
            1.977,
            0.334,
            0.341,
            0.332,
            0.297
        ],
        [
            1.973,
            0.334,
            0.345,
            0.339,
            0.303
        ],
        [
            1.978,
            0.338,
            0.347,
            0.341,
            0.307
        ],
        [
            1.976,
            0.332,
            0.353,
            0.338,
            0.309
        ],
        [
            1.97,
            0.329,
            0.353,
            0.335,
            0.309
        ],
        [
            1.976,
            0.321,
            0.354,
            0.334,
            0.307
        ],
        [
            1.971,
            0.316,
            0.352,
            0.335,
            0.304
        ],
        [
            1.972,
            0.317,
            0.35,
            0.332,
            0.305
        ],
        [
            1.982,
            0.325,
            0.348,
            0.335,
            0.305
        ],
        [
            1.978,
            0.335,
            0.349,
            0.338,
            0.306
        ],
        [
            1.983,
            0.339,
            0.347,
            0.343,
            0.306
        ],
        [
            1.984,
            0.339,
            0.349,
            0.349,
            0.317
        ],
        [
            1.986,
            0.337,
            0.345,
            0.349,
            0.327
        ],
        [
            1.981,
            0.341,
            0.345,
            0.347,
            0.334
        ],
        [
            1.978,
            0.345,
            0.345,
            0.346,
            0.344
        ],
        [
            1.98,
            0.342,
            0.344,
            0.347,
            0.343
        ],
        [
            1.974,
            0.34,
            0.345,
            0.343,
            0.342
        ]
    ]
}