{
    "event_type": "flower_visit",
    "flower_id": "flower_1",
    "start_time": 1772090125.606612,
    "end_time": 1772090127.672966,
    "num_scans": 31,
    "angles": [
        131,
        132,
        133,
        134,
        135
    ],
    "distance_series": [
        [
            0.255,
            0.254,
            0.26,
            0.264,
            0.261
        ],
        [
            0.258,
            0.253,
            0.258,
            0.263,
            0.267
        ],
        [
            0.254,
            0.254,
            0.257,
            0.26,
            0.265
        ],
        [
            0.256,
            0.258,
            0.257,
            0.26,
            0.261
        ],
        [
            0.256,
            0.259,
            0.26,
            0.262,
            0.261
        ],
        [
            0.256,
            0.264,
            0.255,
            0.263,
            0.262
        ],
        [
            0.258,
            0.264,
            0.257,
            0.266,
            0.265
        ],
        [
            0.258,
            0.259,
            0.255,
            0.262,
            0.264
        ],
        [
            0.257,
            0.258,
            0.259,
            0.261,
            0.263
        ],
        [
            0.26,
            0.256,
            0.257,
            0.26,
            0.262
        ],
        [
            0.261,
            0.252,
            0.257,
            0.258,
            0.265
        ],
        [
            0.262,
            0.255,
            0.256,
            0.259,
            0.261
        ],
        [
            0.26,
            0.255,
            0.259,
            0.262,
            0.259
        ],
        [
            0.261,
            0.256,
            0.257,
            0.255,
            0.26
        ],
        [
            0.259,
            0.256,
            0.256,
            0.259,
            0.258
        ],
        [
            0.254,
            0.256,
            0.256,
            0.257,
            0.258
        ],
        [
            0.254,
            0.255,
            0.255,
            0.257,
            0.258
        ],
        [
            0.256,
            0.255,
            0.257,
            0.264,
            0.26
        ],
        [
            0.254,
            0.257,
            0.257,
            0.26,
            0.262
        ],
        [
            0.257,
            0.259,
            0.26,
            0.261,
            0.262
        ],
        [
            0.257,
            0.256,
            0.254,
            0.258,
            0.254
        ],
        [
            0.679,
            0.687,
            0.274,
            0.275,
            0.277
        ],
        [
            1.1,
            1.124,
            0.291,
            0.296,
            0.304
        ],
        [
            1.522,
            1.553,
            0.314,
            0.32,
            0.328
        ],
        [
            1.935,
            1.987,
            0.336,
            0.346,
            0.355
        ],
        [
            1.939,
            1.979,
            0.333,
            0.344,
            0.353
        ],
        [
            1.942,
            1.979,
            0.336,
            0.345,
            0.351
        ],
        [
            1.944,
            1.977,
            0.336,
            0.347,
            0.346
        ],
        [
            1.947,
            1.976,
            0.336,
            0.347,
            0.349
        ],
        [
            1.944,
            1.979,
            0.339,
            0.344,
            0.342
        ],
        [
            1.941,
            1.982,
            0.336,
            0.346,
            0.344
        ]
    ]
}