{
    "event_type": "flower_visit",
    "flower_id": "flower_1",
    "start_time": 1772090086.8066182,
    "end_time": 1772090088.8737931,
    "num_scans": 31,
    "angles": [
        131,
        132,
        133,
        134,
        135
    ],
    "distance_series": [
        [
            0.281,
            0.288,
            0.297,
            0.298,
            0.304
        ],
        [
            0.281,
            0.288,
            0.29,
            0.296,
            0.304
        ],
        [
            0.278,
            0.287,
            0.289,
            0.296,
            0.305
        ],
        [
            0.278,
            0.287,
            0.284,
            0.296,
            0.299
        ],
        [
            0.277,
            0.288,
            0.289,
            0.298,
            0.299
        ],
        [
            0.28,
            0.289,
            0.294,
            0.3,
            0.301
        ],
        [
            0.272,
            0.295,
            0.297,
            0.296,
            0.301
        ],
        [
            0.276,
            0.291,
            0.296,
            0.295,
            0.298
        ],
        [
            0.27,
            0.291,
            0.297,
            0.294,
            0.302
        ],
        [
            0.272,
            0.292,
            0.293,
            0.294,
            0.295
        ],
        [
            0.277,
            0.288,
            0.291,
            0.295,
            0.294
        ],
        [
            0.271,
            0.291,
            0.294,
            0.295,
            0.298
        ],
        [
            0.273,
            0.284,
            0.288,
            0.294,
            0.3
        ],
        [
            0.271,
            0.282,
            0.293,
            0.292,
            0.299
        ],
        [
            0.273,
            0.283,
            0.293,
            0.29,
            0.301
        ],
        [
            0.275,
            0.283,
            0.293,
            0.292,
            0.305
        ],
        [
            0.273,
            0.283,
            0.295,
            0.296,
            0.299
        ],
        [
            0.274,
            0.282,
            0.294,
            0.297,
            0.295
        ],
        [
            0.273,
            0.28,
            0.295,
            0.297,
            0.299
        ],
        [
            0.276,
            0.282,
            0.295,
            0.295,
            0.299
        ],
        [
            0.273,
            0.283,
            0.295,
            0.293,
            0.3
        ],
        [
            0.277,
            0.287,
            0.295,
            0.296,
            0.302
        ],
        [
            0.281,
            0.292,
            0.294,
            0.298,
            0.302
        ],
        [
            0.701,
            0.718,
            0.306,
            0.313,
            0.311
        ],
        [
            1.123,
            1.14,
            0.319,
            0.33,
            0.325
        ],
        [
            1.54,
            1.56,
            0.33,
            0.334,
            0.337
        ],
        [
            1.949,
            1.982,
            0.336,
            0.349,
            0.349
        ],
        [
            1.949,
            1.987,
            0.337,
            0.347,
            0.347
        ],
        [
            1.944,
            1.985,
            0.334,
            0.347,
            0.348
        ],
        [
            1.942,
            1.986,
            0.336,
            0.346,
            0.349
        ],
        [
            1.945,
            1.983,
            0.335,
            0.343,
            0.347
        ]
    ]
}