{
    "event_type": "flower_visit",
    "flower_id": "flower_1",
    "start_time": 1772089811.6725461,
    "end_time": 1772089813.075799,
    "num_scans": 21,
    "angles": [
        131,
        132,
        133,
        134,
        135
    ],
    "distance_series": [
        [
            1.982,
            0.308,
            0.306,
            0.317,
            0.301
        ],
        [
            1.983,
            0.323,
            0.317,
            0.315,
            0.304
        ],
        [
            1.983,
            0.331,
            0.325,
            0.324,
            0.306
        ],
        [
            1.978,
            0.338,
            0.337,
            0.328,
            0.305
        ],
        [
            1.982,
            0.342,
            0.341,
            0.333,
            0.307
        ],
        [
            1.99,
            0.334,
            0.338,
            0.33,
            0.302
        ],
        [
            1.981,
            0.334,
            0.333,
            0.324,
            0.302
        ],
        [
            1.976,
            0.327,
            0.319,
            0.319,
            0.302
        ],
        [
            1.973,
            0.32,
            0.308,
            0.316,
            0.299
        ],
        [
            1.97,
            0.32,
            0.305,
            0.315,
            0.299
        ],
        [
            1.975,
            0.323,
            0.309,
            0.318,
            0.299
        ],
        [
            1.976,
            0.33,
            0.317,
            0.317,
            0.299
        ],
        [
            1.978,
            0.336,
            0.328,
            0.322,
            0.299
        ],
        [
            1.973,
            0.34,
            0.339,
            0.329,
            0.307
        ],
        [
            1.978,
            0.342,
            0.349,
            0.331,
            0.318
        ],
        [
            1.982,
            0.332,
            0.348,
            0.341,
            0.324
        ],
        [
            1.985,
            0.336,
            0.35,
            0.34,
            0.331
        ],
        [
            1.986,
            0.33,
            0.345,
            0.341,
            0.334
        ],
        [
            1.98,
            0.321,
            0.345,
            0.343,
            0.338
        ],
        [
            1.977,
            0.322,
            0.345,
            0.345,
            0.339
        ],
        [
            1.975,
            0.321,
            0.345,
            0.349,
            0.338
        ]
    ]
}