{
    "event_type": "flower_visit",
    "flower_id": "flower_1",
    "start_time": 1772090135.673419,
    "end_time": 1772090137.540313,
    "num_scans": 28,
    "angles": [
        131,
        132,
        133,
        134,
        135
    ],
    "distance_series": [
        [
            0.286,
            0.289,
            0.29,
            0.286,
            0.291
        ],
        [
            0.287,
            0.292,
            0.29,
            0.291,
            0.294
        ],
        [
            0.291,
            0.292,
            0.294,
            0.29,
            0.292
        ],
        [
            0.289,
            0.296,
            0.29,
            0.29,
            0.293
        ],
        [
            0.287,
            0.298,
            0.29,
            0.288,
            0.291
        ],
        [
            0.289,
            0.294,
            0.287,
            0.292,
            0.29
        ],
        [
            0.287,
            0.292,
            0.289,
            0.292,
            0.287
        ],
        [
            0.287,
            0.293,
            0.286,
            0.297,
            0.287
        ],
        [
            0.29,
            0.29,
            0.287,
            0.293,
            0.283
        ],
        [
            0.289,
            0.289,
            0.29,
            0.295,
            0.285
        ],
        [
            0.29,
            0.29,
            0.29,
            0.301,
            0.287
        ],
        [
            0.289,
            0.286,
            0.291,
            0.297,
            0.292
        ],
        [
            0.292,
            0.288,
            0.288,
            0.298,
            0.291
        ],
        [
            0.287,
            0.286,
            0.286,
            0.293,
            0.286
        ],
        [
            0.287,
            0.285,
            0.286,
            0.292,
            0.288
        ],
        [
            0.287,
            0.287,
            0.286,
            0.293,
            0.287
        ],
        [
            0.288,
            0.289,
            0.291,
            0.293,
            0.285
        ],
        [
            0.29,
            0.287,
            0.289,
            0.291,
            0.29
        ],
        [
            0.288,
            0.287,
            0.292,
            0.292,
            0.298
        ],
        [
            0.699,
            0.713,
            0.304,
            0.304,
            0.313
        ],
        [
            1.116,
            1.137,
            0.314,
            0.32,
            0.327
        ],
        [
            1.529,
            1.561,
            0.326,
            0.335,
            0.339
        ],
        [
            1.947,
            1.993,
            0.339,
            0.35,
            0.346
        ],
        [
            1.949,
            1.989,
            0.339,
            0.35,
            0.348
        ],
        [
            1.945,
            1.989,
            0.339,
            0.353,
            0.354
        ],
        [
            1.95,
            1.987,
            0.339,
            0.353,
            0.353
        ],
        [
            1.952,
            1.981,
            0.339,
            0.351,
            0.35
        ],
        [
            1.956,
            1.981,
            0.337,
            0.353,
            0.347
        ]
    ]
}