{
    "event_type": "flower_visit",
    "flower_id": "flower_1",
    "start_time": 1772089743.5402272,
    "end_time": 1772089745.473378,
    "num_scans": 29,
    "angles": [
        131,
        132,
        133,
        134,
        135
    ],
    "distance_series": [
        [
            1.972,
            0.333,
            0.336,
            0.334,
            0.311
        ],
        [
            1.973,
            0.333,
            0.342,
            0.337,
            0.314
        ],
        [
            1.974,
            0.33,
            0.337,
            0.338,
            0.312
        ],
        [
            1.976,
            0.341,
            0.337,
            0.336,
            0.307
        ],
        [
            1.978,
            0.341,
            0.335,
            0.332,
            0.301
        ],
        [
            1.976,
            0.335,
            0.326,
            0.327,
            0.301
        ],
        [
            1.981,
            0.33,
            0.32,
            0.32,
            0.297
        ],
        [
            1.984,
            0.332,
            0.314,
            0.318,
            0.298
        ],
        [
            1.991,
            0.327,
            0.316,
            0.322,
            0.3
        ],
        [
            1.993,
            0.326,
            0.326,
            0.324,
            0.299
        ],
        [
            1.996,
            0.329,
            0.335,
            0.329,
            0.298
        ],
        [
            1.99,
            0.325,
            0.343,
            0.335,
            0.302
        ],
        [
            1.98,
            0.328,
            0.35,
            0.335,
            0.304
        ],
        [
            1.977,
            0.324,
            0.344,
            0.34,
            0.305
        ],
        [
            1.968,
            0.325,
            0.344,
            0.338,
            0.305
        ],
        [
            1.969,
            0.326,
            0.337,
            0.326,
            0.303
        ],
        [
            1.975,
            0.322,
            0.329,
            0.324,
            0.297
        ],
        [
            1.978,
            0.338,
            0.328,
            0.319,
            0.297
        ],
        [
            1.986,
            0.338,
            0.329,
            0.314,
            0.296
        ],
        [
            1.989,
            0.34,
            0.331,
            0.313,
            0.299
        ],
        [
            1.987,
            0.338,
            0.336,
            0.311,
            0.3
        ],
        [
            1.992,
            0.33,
            0.342,
            0.317,
            0.307
        ],
        [
            1.989,
            0.328,
            0.351,
            0.325,
            0.315
        ],
        [
            1.987,
            0.325,
            0.351,
            0.336,
            0.324
        ],
        [
            1.985,
            0.336,
            0.35,
            0.343,
            0.336
        ],
        [
            1.98,
            0.332,
            0.343,
            0.345,
            0.334
        ],
        [
            1.983,
            0.332,
            0.338,
            0.348,
            0.336
        ],
        [
            1.977,
            0.328,
            0.339,
            0.348,
            0.338
        ],
        [
            1.978,
            0.326,
            0.341,
            0.346,
            0.338
        ]
    ]
}