{
    "event_type": "flower_visit",
    "flower_id": "flower_1",
    "start_time": 1772089651.740937,
    "end_time": 1772089653.808087,
    "num_scans": 31,
    "angles": [
        131,
        132,
        133,
        134,
        135
    ],
    "distance_series": [
        [
            1.976,
            0.333,
            0.346,
            0.33,
            0.304
        ],
        [
            1.978,
            0.333,
            0.346,
            0.332,
            0.305
        ],
        [
            1.978,
            0.336,
            0.346,
            0.33,
            0.307
        ],
        [
            1.978,
            0.335,
            0.34,
            0.333,
            0.306
        ],
        [
            1.982,
            0.325,
            0.337,
            0.335,
            0.305
        ],
        [
            1.983,
            0.315,
            0.338,
            0.335,
            0.302
        ],
        [
            1.982,
            0.307,
            0.339,
            0.338,
            0.298
        ],
        [
            1.979,
            0.309,
            0.344,
            0.336,
            0.298
        ],
        [
            1.978,
            0.318,
            0.345,
            0.338,
            0.299
        ],
        [
            1.978,
            0.319,
            0.343,
            0.339,
            0.303
        ],
        [
            1.979,
            0.324,
            0.339,
            0.332,
            0.304
        ],
        [
            1.98,
            0.325,
            0.336,
            0.333,
            0.299
        ],
        [
            1.978,
            0.338,
            0.335,
            0.335,
            0.299
        ],
        [
            1.977,
            0.339,
            0.338,
            0.334,
            0.297
        ],
        [
            1.977,
            0.34,
            0.339,
            0.335,
            0.298
        ],
        [
            1.979,
            0.34,
            0.342,
            0.334,
            0.302
        ],
        [
            1.981,
            0.328,
            0.347,
            0.332,
            0.303
        ],
        [
            1.983,
            0.327,
            0.345,
            0.332,
            0.299
        ],
        [
            1.987,
            0.334,
            0.341,
            0.33,
            0.297
        ],
        [
            1.982,
            0.337,
            0.34,
            0.33,
            0.298
        ],
        [
            1.98,
            0.337,
            0.332,
            0.333,
            0.3
        ],
        [
            1.979,
            0.339,
            0.334,
            0.332,
            0.302
        ],
        [
            1.979,
            0.327,
            0.335,
            0.335,
            0.305
        ],
        [
            1.988,
            0.329,
            0.336,
            0.339,
            0.309
        ],
        [
            1.986,
            0.331,
            0.341,
            0.343,
            0.316
        ],
        [
            1.983,
            0.326,
            0.342,
            0.346,
            0.32
        ],
        [
            1.978,
            0.325,
            0.346,
            0.349,
            0.326
        ],
        [
            1.974,
            0.318,
            0.344,
            0.348,
            0.33
        ],
        [
            1.977,
            0.322,
            0.338,
            0.346,
            0.336
        ],
        [
            1.982,
            0.33,
            0.339,
            0.342,
            0.335
        ],
        [
            1.981,
            0.332,
            0.337,
            0.344,
            0.338
        ]
    ]
}