{
    "event_type": "flower_visit",
    "flower_id": "flower_1",
    "start_time": 1772089887.67152,
    "end_time": 1772089891.6709912,
    "num_scans": 60,
    "angles": [
        131,
        132,
        133,
        134,
        135
    ],
    "distance_series": [
        [
            1.977,
            0.326,
            0.338,
            0.321,
            0.292
        ],
        [
            1.981,
            0.328,
            0.34,
            0.32,
            0.291
        ],
        [
            1.974,
            0.326,
            0.341,
            0.321,
            0.294
        ],
        [
            1.973,
            0.329,
            0.342,
            0.324,
            0.294
        ],
        [
            1.971,
            0.324,
            0.341,
            0.323,
            0.295
        ],
        [
            1.976,
            0.329,
            0.34,
            0.329,
            0.301
        ],
        [
            1.985,
            0.331,
            0.341,
            0.332,
            0.3
        ],
        [
            1.982,
            0.334,
            0.341,
            0.332,
            0.297
        ],
        [
            1.987,
            0.339,
            0.338,
            0.334,
            0.298
        ],
        [
            1.983,
            0.34,
            0.337,
            0.335,
            0.292
        ],
        [
            1.974,
            0.338,
            0.335,
            0.336,
            0.29
        ],
        [
            1.978,
            0.336,
            0.338,
            0.338,
            0.293
        ],
        [
            1.978,
            0.338,
            0.338,
            0.33,
            0.29
        ],
        [
            1.984,
            0.338,
            0.338,
            0.331,
            0.298
        ],
        [
            1.983,
            0.344,
            0.34,
            0.327,
            0.303
        ],
        [
            1.986,
            0.345,
            0.34,
            0.326,
            0.306
        ],
        [
            1.987,
            0.347,
            0.342,
            0.334,
            0.31
        ],
        [
            1.982,
            0.336,
            0.338,
            0.334,
            0.307
        ],
        [
            1.986,
            0.331,
            0.34,
            0.339,
            0.307
        ],
        [
            1.981,
            0.328,
            0.339,
            0.34,
            0.304
        ],
        [
            1.978,
            0.327,
            0.341,
            0.336,
            0.302
        ],
        [
            1.971,
            0.334,
            0.347,
            0.338,
            0.306
        ],
        [
            1.971,
            0.335,
            0.341,
            0.334,
            0.304
        ],
        [
            1.973,
            0.331,
            0.343,
            0.337,
            0.301
        ],
        [
            1.981,
            0.335,
            0.344,
            0.335,
            0.304
        ],
        [
            1.99,
            0.334,
            0.346,
            0.329,
            0.306
        ],
        [
            1.984,
            0.322,
            0.349,
            0.333,
            0.303
        ],
        [
            1.982,
            0.325,
            0.344,
            0.335,
            0.297
        ],
        [
            1.978,
            0.321,
            0.345,
            0.338,
            0.296
        ],
        [
            1.983,
            0.337,
            0.341,
            0.333,
            0.295
        ],
        [
            1.992,
            0.336,
            0.339,
            0.333,
            0.3
        ],
        [
            1.989,
            0.337,
            0.339,
            0.332,
            0.303
        ],
        [
            1.986,
            0.338,
            0.335,
            0.329,
            0.303
        ],
        [
            1.979,
            0.327,
            0.331,
            0.327,
            0.3
        ],
        [
            1.972,
            0.332,
            0.331,
            0.328,
            0.301
        ],
        [
            1.977,
            0.333,
            0.333,
            0.326,
            0.299
        ],
        [
            1.971,
            0.326,
            0.335,
            0.325,
            0.302
        ],
        [
            1.971,
            0.329,
            0.336,
            0.326,
            0.304
        ],
        [
            1.978,
            0.342,
            0.337,
            0.323,
            0.304
        ],
        [
            1.981,
            0.338,
            0.331,
            0.323,
            0.302
        ],
        [
            1.984,
            0.336,
            0.323,
            0.323,
            0.301
        ],
        [
            1.982,
            0.336,
            0.325,
            0.314,
            0.302
        ],
        [
            1.977,
            0.338,
            0.323,
            0.316,
            0.301
        ],
        [
            1.977,
            0.337,
            0.325,
            0.312,
            0.304
        ],
        [
            1.981,
            0.335,
            0.326,
            0.313,
            0.308
        ],
        [
            1.987,
            0.329,
            0.328,
            0.317,
            0.308
        ],
        [
            1.986,
            0.328,
            0.327,
            0.316,
            0.305
        ],
        [
            1.981,
            0.323,
            0.325,
            0.316,
            0.308
        ],
        [
            1.975,
            0.326,
            0.326,
            0.312,
            0.308
        ],
        [
            1.973,
            0.328,
            0.321,
            0.318,
            0.306
        ],
        [
            1.976,
            0.335,
            0.321,
            0.317,
            0.313
        ],
        [
            1.98,
            0.335,
            0.321,
            0.32,
            0.304
        ],
        [
            1.984,
            0.333,
            0.323,
            0.319,
            0.307
        ],
        [
            1.981,
            0.332,
            0.328,
            0.314,
            0.31
        ],
        [
            1.981,
            0.33,
            0.334,
            0.32,
            0.311
        ],
        [
            1.978,
            0.334,
            0.339,
            0.322,
            0.315
        ],
        [
            1.981,
            0.339,
            0.337,
            0.322,
            0.313
        ],
        [
            1.977,
            0.338,
            0.34,
            0.324,
            0.316
        ],
        [
            1.979,
            0.319,
            0.337,
            0.318,
            0.312
        ],
        [
            1.982,
            0.322,
            0.333,
            0.318,
            0.31
        ]
    ]
}