{
    "event_type": "flower_visit",
    "flower_id": "flower_1",
    "start_time": 1772089496.475945,
    "end_time": 1772089499.27676,
    "num_scans": 42,
    "angles": [
        131,
        132,
        133,
        134,
        135
    ],
    "distance_series": [
        [
            1.978,
            0.324,
            0.35,
            0.336,
            0.302
        ],
        [
            1.979,
            0.341,
            0.348,
            0.333,
            0.3
        ],
        [
            1.975,
            0.34,
            0.345,
            0.334,
            0.301
        ],
        [
            1.974,
            0.342,
            0.342,
            0.331,
            0.302
        ],
        [
            1.976,
            0.341,
            0.342,
            0.331,
            0.304
        ],
        [
            1.977,
            0.332,
            0.341,
            0.334,
            0.303
        ],
        [
            1.979,
            0.335,
            0.342,
            0.333,
            0.304
        ],
        [
            1.979,
            0.333,
            0.343,
            0.334,
            0.304
        ],
        [
            1.976,
            0.339,
            0.343,
            0.328,
            0.302
        ],
        [
            1.976,
            0.334,
            0.345,
            0.327,
            0.3
        ],
        [
            1.974,
            0.324,
            0.346,
            0.328,
            0.303
        ],
        [
            1.973,
            0.32,
            0.346,
            0.327,
            0.3
        ],
        [
            1.981,
            0.319,
            0.342,
            0.325,
            0.299
        ],
        [
            1.98,
            0.323,
            0.341,
            0.328,
            0.301
        ],
        [
            1.98,
            0.328,
            0.342,
            0.335,
            0.303
        ],
        [
            1.983,
            0.332,
            0.334,
            0.343,
            0.306
        ],
        [
            1.982,
            0.327,
            0.338,
            0.336,
            0.308
        ],
        [
            1.985,
            0.325,
            0.342,
            0.331,
            0.304
        ],
        [
            1.985,
            0.32,
            0.337,
            0.333,
            0.305
        ],
        [
            1.986,
            0.32,
            0.34,
            0.331,
            0.304
        ],
        [
            1.984,
            0.321,
            0.335,
            0.331,
            0.301
        ],
        [
            1.982,
            0.321,
            0.335,
            0.329,
            0.298
        ],
        [
            1.98,
            0.321,
            0.34,
            0.329,
            0.297
        ],
        [
            1.98,
            0.321,
            0.342,
            0.331,
            0.296
        ],
        [
            1.975,
            0.328,
            0.345,
            0.328,
            0.297
        ],
        [
            1.977,
            0.331,
            0.338,
            0.328,
            0.298
        ],
        [
            1.976,
            0.332,
            0.335,
            0.324,
            0.301
        ],
        [
            1.971,
            0.333,
            0.333,
            0.325,
            0.302
        ],
        [
            1.965,
            0.333,
            0.33,
            0.324,
            0.299
        ],
        [
            1.968,
            0.332,
            0.336,
            0.325,
            0.298
        ],
        [
            1.969,
            0.335,
            0.339,
            0.329,
            0.297
        ],
        [
            1.972,
            0.331,
            0.34,
            0.329,
            0.299
        ],
        [
            1.975,
            0.327,
            0.343,
            0.332,
            0.299
        ],
        [
            1.971,
            0.329,
            0.343,
            0.341,
            0.298
        ],
        [
            1.978,
            0.327,
            0.34,
            0.349,
            0.306
        ],
        [
            1.98,
            0.339,
            0.346,
            0.349,
            0.314
        ],
        [
            1.982,
            0.335,
            0.342,
            0.348,
            0.324
        ],
        [
            1.98,
            0.329,
            0.341,
            0.345,
            0.339
        ],
        [
            1.977,
            0.329,
            0.341,
            0.347,
            0.34
        ],
        [
            1.977,
            0.323,
            0.336,
            0.349,
            0.341
        ],
        [
            1.98,
            0.32,
            0.339,
            0.346,
            0.34
        ],
        [
            1.986,
            0.329,
            0.337,
            0.345,
            0.341
        ]
    ]
}