{
    "event_type": "flower_visit",
    "flower_id": "flower_1",
    "start_time": 1772089780.2064252,
    "end_time": 1772089785.6732311,
    "num_scans": 82,
    "angles": [
        131,
        132,
        133,
        134,
        135
    ],
    "distance_series": [
        [
            1.973,
            0.347,
            0.343,
            0.339,
            0.294
        ],
        [
            1.973,
            0.325,
            0.342,
            0.345,
            0.301
        ],
        [
            1.979,
            0.325,
            0.341,
            0.349,
            0.312
        ],
        [
            1.981,
            0.325,
            0.341,
            0.345,
            0.312
        ],
        [
            1.981,
            0.324,
            0.338,
            0.345,
            0.312
        ],
        [
            1.982,
            0.326,
            0.348,
            0.343,
            0.307
        ],
        [
            1.978,
            0.332,
            0.346,
            0.338,
            0.302
        ],
        [
            1.979,
            0.332,
            0.341,
            0.332,
            0.299
        ],
        [
            1.98,
            0.332,
            0.344,
            0.329,
            0.299
        ],
        [
            1.981,
            0.333,
            0.34,
            0.327,
            0.297
        ],
        [
            1.98,
            0.327,
            0.336,
            0.327,
            0.299
        ],
        [
            1.982,
            0.329,
            0.34,
            0.334,
            0.302
        ],
        [
            1.982,
            0.328,
            0.335,
            0.34,
            0.304
        ],
        [
            1.985,
            0.326,
            0.342,
            0.345,
            0.305
        ],
        [
            1.982,
            0.328,
            0.345,
            0.346,
            0.305
        ],
        [
            1.986,
            0.332,
            0.344,
            0.339,
            0.302
        ],
        [
            1.987,
            0.331,
            0.347,
            0.332,
            0.295
        ],
        [
            1.981,
            0.331,
            0.342,
            0.326,
            0.292
        ],
        [
            1.98,
            0.341,
            0.343,
            0.32,
            0.29
        ],
        [
            1.971,
            0.338,
            0.34,
            0.324,
            0.291
        ],
        [
            1.965,
            0.338,
            0.34,
            0.326,
            0.298
        ],
        [
            1.962,
            0.339,
            0.338,
            0.329,
            0.299
        ],
        [
            1.962,
            0.327,
            0.339,
            0.334,
            0.3
        ],
        [
            1.963,
            0.328,
            0.342,
            0.341,
            0.3
        ],
        [
            1.969,
            0.334,
            0.34,
            0.345,
            0.298
        ],
        [
            1.974,
            0.328,
            0.344,
            0.347,
            0.297
        ],
        [
            1.981,
            0.327,
            0.341,
            0.343,
            0.296
        ],
        [
            1.987,
            0.323,
            0.342,
            0.336,
            0.291
        ],
        [
            1.988,
            0.322,
            0.341,
            0.33,
            0.291
        ],
        [
            1.986,
            0.326,
            0.337,
            0.326,
            0.291
        ],
        [
            1.981,
            0.332,
            0.334,
            0.321,
            0.289
        ],
        [
            1.982,
            0.329,
            0.341,
            0.323,
            0.293
        ],
        [
            1.987,
            0.332,
            0.348,
            0.326,
            0.293
        ],
        [
            1.988,
            0.326,
            0.347,
            0.333,
            0.296
        ],
        [
            1.986,
            0.322,
            0.346,
            0.335,
            0.297
        ],
        [
            1.984,
            0.318,
            0.34,
            0.338,
            0.299
        ],
        [
            1.977,
            0.314,
            0.339,
            0.343,
            0.3
        ],
        [
            1.976,
            0.323,
            0.34,
            0.334,
            0.3
        ],
        [
            1.976,
            0.323,
            0.342,
            0.332,
            0.295
        ],
        [
            1.976,
            0.328,
            0.34,
            0.333,
            0.296
        ],
        [
            1.979,
            0.334,
            0.339,
            0.332,
            0.3
        ],
        [
            1.982,
            0.336,
            0.338,
            0.331,
            0.3
        ],
        [
            1.979,
            0.334,
            0.337,
            0.33,
            0.3
        ],
        [
            1.971,
            0.339,
            0.334,
            0.326,
            0.297
        ],
        [
            1.966,
            0.338,
            0.338,
            0.324,
            0.292
        ],
        [
            1.965,
            0.332,
            0.34,
            0.33,
            0.286
        ],
        [
            1.968,
            0.334,
            0.342,
            0.33,
            0.286
        ],
        [
            1.974,
            0.333,
            0.342,
            0.33,
            0.288
        ],
        [
            1.974,
            0.336,
            0.339,
            0.332,
            0.29
        ],
        [
            1.973,
            0.341,
            0.341,
            0.323,
            0.291
        ],
        [
            1.971,
            0.343,
            0.342,
            0.331,
            0.294
        ],
        [
            1.968,
            0.34,
            0.339,
            0.335,
            0.296
        ],
        [
            1.963,
            0.325,
            0.336,
            0.34,
            0.296
        ],
        [
            1.967,
            0.321,
            0.334,
            0.346,
            0.298
        ],
        [
            1.968,
            0.318,
            0.335,
            0.341,
            0.299
        ],
        [
            1.975,
            0.319,
            0.339,
            0.336,
            0.299
        ],
        [
            1.98,
            0.319,
            0.341,
            0.334,
            0.298
        ],
        [
            1.979,
            0.326,
            0.336,
            0.332,
            0.298
        ],
        [
            1.975,
            0.334,
            0.337,
            0.336,
            0.299
        ],
        [
            1.972,
            0.336,
            0.337,
            0.338,
            0.299
        ],
        [
            1.977,
            0.338,
            0.341,
            0.338,
            0.3
        ],
        [
            1.978,
            0.333,
            0.342,
            0.34,
            0.304
        ],
        [
            1.975,
            0.334,
            0.344,
            0.342,
            0.307
        ],
        [
            1.979,
            0.331,
            0.345,
            0.341,
            0.308
        ],
        [
            1.973,
            0.332,
            0.343,
            0.341,
            0.307
        ],
        [
            1.97,
            0.334,
            0.344,
            0.349,
            0.303
        ],
        [
            1.973,
            0.333,
            0.346,
            0.349,
            0.299
        ],
        [
            1.97,
            0.335,
