{
    "event_type": "flower_visit",
    "flower_id": "flower_1",
    "start_time": 1772090006.540941,
    "end_time": 1772090009.14066,
    "num_scans": 39,
    "angles": [
        131,
        132,
        133,
        134,
        135
    ],
    "distance_series": [
        [
            1.974,
            0.331,
            0.335,
            0.331,
            0.297
        ],
        [
            1.975,
            0.328,
            0.333,
            0.324,
            0.297
        ],
        [
            1.972,
            0.333,
            0.334,
            0.322,
            0.298
        ],
        [
            1.976,
            0.329,
            0.339,
            0.322,
            0.298
        ],
        [
            1.976,
            0.336,
            0.339,
            0.324,
            0.3
        ],
        [
            1.975,
            0.34,
            0.335,
            0.327,
            0.301
        ],
        [
            1.979,
            0.337,
            0.337,
            0.321,
            0.297
        ],
        [
            1.972,
            0.337,
            0.339,
            0.327,
            0.296
        ],
        [
            1.972,
            0.342,
            0.335,
            0.328,
            0.296
        ],
        [
            1.972,
            0.341,
            0.334,
            0.332,
            0.298
        ],
        [
            1.972,
            0.342,
            0.336,
            0.338,
            0.3
        ],
        [
            1.976,
            0.342,
            0.333,
            0.332,
            0.298
        ],
        [
            1.973,
            0.34,
            0.336,
            0.338,
            0.292
        ],
        [
            1.98,
            0.339,
            0.339,
            0.332,
            0.298
        ],
        [
            1.985,
            0.338,
            0.342,
            0.331,
            0.296
        ],
        [
            1.988,
            0.337,
            0.349,
            0.332,
            0.301
        ],
        [
            1.984,
            0.34,
            0.349,
            0.33,
            0.304
        ],
        [
            1.987,
            0.339,
            0.347,
            0.337,
            0.301
        ],
        [
            1.989,
            0.329,
            0.35,
            0.34,
            0.304
        ],
        [
            1.985,
            0.322,
            0.349,
            0.341,
            0.301
        ],
        [
            1.988,
            0.314,
            0.347,
            0.342,
            0.301
        ],
        [
            1.982,
            0.318,
            0.345,
            0.334,
            0.301
        ],
        [
            1.983,
            0.328,
            0.341,
            0.328,
            0.302
        ],
        [
            1.988,
            0.332,
            0.339,
            0.327,
            0.299
        ],
        [
            1.994,
            0.335,
            0.341,
            0.327,
            0.3
        ],
        [
            1.99,
            0.338,
            0.342,
            0.328,
            0.299
        ],
        [
            1.989,
            0.329,
            0.344,
            0.334,
            0.293
        ],
        [
            1.986,
            0.33,
            0.348,
            0.332,
            0.297
        ],
        [
            1.987,
            0.345,
            0.345,
            0.33,
            0.298
        ],
        [
            1.986,
            0.345,
            0.34,
            0.336,
            0.298
        ],
        [
            1.985,
            0.343,
            0.337,
            0.332,
            0.303
        ],
        [
            1.982,
            0.339,
            0.337,
            0.34,
            0.31
        ],
        [
            1.972,
            0.332,
            0.34,
            0.348,
            0.319
        ],
        [
            1.98,
            0.332,
            0.343,
            0.346,
            0.328
        ],
        [
            1.978,
            0.335,
            0.345,
            0.35,
            0.334
        ],
        [
            1.981,
            0.336,
            0.342,
            0.349,
            0.337
        ],
        [
            1.983,
            0.337,
            0.339,
            0.345,
            0.335
        ],
        [
            1.972,
            0.34,
            0.338,
            0.343,
            0.335
        ],
        [
            1.973,
            0.334,
            0.339,
            0.338,
            0.339
        ]
    ]
}