{
    "event_type": "flower_visit",
    "flower_id": "flower_1",
    "start_time": 1772089512.143135,
    "end_time": 1772089514.143061,
    "num_scans": 30,
    "angles": [
        131,
        132,
        133,
        134,
        135
    ],
    "distance_series": [
        [
            1.977,
            0.332,
            0.344,
            0.339,
            0.308
        ],
        [
            1.973,
            0.335,
            0.348,
            0.339,
            0.307
        ],
        [
            1.981,
            0.335,
            0.347,
            0.336,
            0.309
        ],
        [
            1.99,
            0.325,
            0.343,
            0.335,
            0.305
        ],
        [
            1.988,
            0.324,
            0.339,
            0.333,
            0.303
        ],
        [
            1.991,
            0.319,
            0.34,
            0.334,
            0.304
        ],
        [
            1.983,
            0.316,
            0.343,
            0.336,
            0.301
        ],
        [
            1.973,
            0.324,
            0.346,
            0.337,
            0.302
        ],
        [
            1.972,
            0.323,
            0.347,
            0.337,
            0.302
        ],
        [
            1.974,
            0.332,
            0.349,
            0.336,
            0.301
        ],
        [
            1.977,
            0.335,
            0.345,
            0.331,
            0.303
        ],
        [
            1.979,
            0.337,
            0.345,
            0.333,
            0.305
        ],
        [
            1.985,
            0.334,
            0.341,
            0.333,
            0.306
        ],
        [
            1.979,
            0.337,
            0.34,
            0.335,
            0.305
        ],
        [
            1.98,
            0.335,
            0.34,
            0.341,
            0.305
        ],
        [
            1.98,
            0.33,
            0.337,
            0.341,
            0.305
        ],
        [
            1.975,
            0.326,
            0.342,
            0.342,
            0.304
        ],
        [
            1.976,
            0.325,
            0.338,
            0.342,
            0.304
        ],
        [
            1.975,
            0.318,
            0.337,
            0.343,
            0.3
        ],
        [
            1.97,
            0.322,
            0.337,
            0.343,
            0.297
        ],
        [
            1.969,
            0.317,
            0.337,
            0.338,
            0.3
        ],
        [
            1.973,
            0.324,
            0.338,
            0.339,
            0.304
        ],
        [
            1.972,
            0.329,
            0.34,
            0.341,
            0.312
        ],
        [
            1.975,
            0.336,
            0.336,
            0.339,
            0.318
        ],
        [
            1.979,
            0.342,
            0.339,
            0.34,
            0.327
        ],
        [
            1.977,
            0.338,
            0.342,
            0.345,
            0.332
        ],
        [
            1.982,
            0.339,
            0.346,
            0.344,
            0.336
        ],
        [
            1.981,
            0.332,
            0.35,
            0.344,
            0.34
        ],
        [
            1.984,
            0.334,
            0.347,
            0.347,
            0.341
        ],
        [
            1.981,
            0.335,
            0.347,
            0.341,
            0.34
        ]
    ]
}