{
    "event_type": "flower_visit",
    "flower_id": "flower_1",
    "start_time": 1772089527.6759958,
    "end_time": 1772089528.209302,
    "num_scans": 8,
    "angles": [
        131,
        132,
        133,
        134,
        135
    ],
    "distance_series": [
        [
            1.973,
            0.314,
            0.338,
            0.342,
            0.31
        ],
        [
            1.97,
            0.315,
            0.334,
            0.343,
            0.321
        ],
        [
            1.968,
            0.318,
            0.337,
            0.346,
            0.329
        ],
        [
            1.965,
            0.319,
            0.335,
            0.344,
            0.337
        ],
        [
            1.972,
            0.333,
            0.338,
            0.349,
            0.339
        ],
        [
            1.975,
            0.335,
            0.343,
            0.351,
            0.339
        ],
        [
            1.98,
            0.337,
            0.343,
            0.345,
            0.34
        ],
        [
            1.979,
            0.338,
            0.343,
            0.341,
            0.34
        ]
    ]
}