{
    "event_type": "flower_visit",
    "flower_id": "flower_1",
    "start_time": 1772090081.274081,
    "end_time": 1772090084.0756412,
    "num_scans": 42,
    "angles": [
        131,
        132,
        133,
        134,
        135
    ],
    "distance_series": [
        [
            0.282,
            0.28,
            0.285,
            0.283,
            0.286
        ],
        [
            0.284,
            0.284,
            0.291,
            0.283,
            0.282
        ],
        [
            0.286,
            0.282,
            0.289,
            0.278,
            0.278
        ],
        [
            0.286,
            0.284,
            0.288,
            0.277,
            0.279
        ],
        [
            0.291,
            0.282,
            0.28,
            0.281,
            0.277
        ],
        [
            0.292,
            0.286,
            0.278,
            0.283,
            0.284
        ],
        [
            0.29,
            0.285,
            0.28,
            0.28,
            0.283
        ],
        [
            0.285,
            0.285,
            0.283,
            0.284,
            0.285
        ],
        [
            0.285,
            0.279,
            0.289,
            0.281,
            0.288
        ],
        [
            0.285,
            0.28,
            0.288,
            0.284,
            0.286
        ],
        [
            0.281,
            0.284,
            0.285,
            0.284,
            0.29
        ],
        [
            0.284,
            0.279,
            0.286,
            0.287,
            0.287
        ],
        [
            0.283,
            0.281,
            0.285,
            0.287,
            0.287
        ],
        [
            0.287,
            0.28,
            0.284,
            0.287,
            0.284
        ],
        [
            0.285,
            0.281,
            0.284,
            0.285,
            0.284
        ],
        [
            0.283,
            0.283,
            0.283,
            0.283,
            0.283
        ],
        [
            0.281,
            0.282,
            0.286,
            0.289,
            0.283
        ],
        [
            0.28,
            0.283,
            0.288,
            0.282,
            0.285
        ],
        [
            0.279,
            0.286,
            0.29,
            0.282,
            0.288
        ],
        [
            0.278,
            0.282,
            0.288,
            0.283,
            0.283
        ],
        [
            0.282,
            0.284,
            0.291,
            0.288,
            0.288
        ],
        [
            0.288,
            0.284,
            0.289,
            0.282,
            0.285
        ],
        [
            0.287,
            0.282,
            0.289,
            0.287,
            0.285
        ],
        [
            0.287,
            0.283,
            0.289,
            0.281,
            0.284
        ],
        [
            0.289,
            0.281,
            0.284,
            0.281,
            0.285
        ],
        [
            0.29,
            0.283,
            0.281,
            0.28,
            0.288
        ],
        [
            0.287,
            0.282,
            0.283,
            0.278,
            0.289
        ],
        [
            0.284,
            0.289,
            0.291,
            0.285,
            0.29
        ],
        [
            0.287,
            0.287,
            0.291,
            0.288,
            0.285
        ],
        [
            0.284,
            0.288,
            0.288,
            0.29,
            0.286
        ],
        [
            0.286,
            0.291,
            0.288,
            0.289,
            0.289
        ],
        [
            0.282,
            0.288,
            0.285,
            0.282,
            0.29
        ],
        [
            0.274,
            0.276,
            0.283,
            0.275,
            0.282
        ],
        [
            0.689,
            0.699,
            0.294,
            0.288,
            0.298
        ],
        [
            1.101,
            1.128,
            0.306,
            0.306,
            0.31
        ],
        [
            1.514,
            1.554,
            0.313,
            0.323,
            0.324
        ],
        [
            1.938,
            1.98,
            0.333,
            0.348,
            0.343
        ],
        [
            1.939,
            1.975,
            0.33,
            0.344,
            0.341
        ],
        [
            1.94,
            1.98,
            0.324,
            0.342,
            0.344
        ],
        [
            1.944,
            1.978,
            0.329,
            0.344,
            0.344
        ],
        [
            1.948,
            1.976,
            0.327,
            0.345,
            0.345
        ],
        [
            1.947,
            1.975,
            0.325,
            0.348,
            0.346
        ]
    ]
}