{
    "event_type": "flower_visit",
    "flower_id": "flower_1",
    "start_time": 1772089767.806599,
    "end_time": 1772089771.539358,
    "num_scans": 56,
    "angles": [
        131,
        132,
        133,
        134,
        135
    ],
    "distance_series": [
        [
            1.981,
            0.325,
            0.347,
            0.343,
            0.306
        ],
        [
            1.98,
            0.326,
            0.349,
            0.342,
            0.311
        ],
        [
            1.978,
            0.33,
            0.346,
            0.344,
            0.313
        ],
        [
            1.972,
            0.333,
            0.346,
            0.342,
            0.309
        ],
        [
            1.973,
            0.333,
            0.344,
            0.341,
            0.306
        ],
        [
            1.974,
            0.336,
            0.345,
            0.34,
            0.299
        ],
        [
            1.975,
            0.335,
            0.342,
            0.336,
            0.296
        ],
        [
            1.979,
            0.331,
            0.338,
            0.336,
            0.3
        ],
        [
            1.98,
            0.333,
            0.34,
            0.339,
            0.299
        ],
        [
            1.975,
            0.331,
            0.338,
            0.336,
            0.304
        ],
        [
            1.974,
            0.336,
            0.335,
            0.337,
            0.305
        ],
        [
            1.97,
            0.335,
            0.337,
            0.334,
            0.304
        ],
        [
            1.976,
            0.335,
            0.339,
            0.334,
            0.303
        ],
        [
            1.982,
            0.335,
            0.343,
            0.339,
            0.302
        ],
        [
            1.987,
            0.332,
            0.345,
            0.336,
            0.303
        ],
        [
            1.986,
            0.335,
            0.341,
            0.335,
            0.301
        ],
        [
            1.976,
            0.33,
            0.34,
            0.337,
            0.305
        ],
        [
            1.976,
            0.33,
            0.335,
            0.337,
            0.301
        ],
        [
            1.973,
            0.328,
            0.336,
            0.339,
            0.301
        ],
        [
            1.978,
            0.324,
            0.336,
            0.342,
            0.303
        ],
        [
            1.98,
            0.324,
            0.34,
            0.347,
            0.304
        ],
        [
            1.977,
            0.326,
            0.346,
            0.343,
            0.307
        ],
        [
            1.981,
            0.32,
            0.343,
            0.343,
            0.304
        ],
        [
            1.976,
            0.324,
            0.343,
            0.347,
            0.3
        ],
        [
            1.981,
            0.329,
            0.345,
            0.343,
            0.303
        ],
        [
            1.982,
            0.324,
            0.343,
            0.339,
            0.301
        ],
        [
            1.972,
            0.326,
            0.34,
            0.336,
            0.296
        ],
        [
            1.97,
            0.32,
            0.345,
            0.336,
            0.301
        ],
        [
            1.966,
            0.32,
            0.348,
            0.338,
            0.307
        ],
        [
            1.964,
            0.322,
            0.348,
            0.338,
            0.307
        ],
        [
            1.97,
            0.319,
            0.343,
            0.339,
            0.31
        ],
        [
            1.973,
            0.322,
            0.342,
            0.342,
            0.307
        ],
        [
            1.972,
            0.324,
            0.341,
            0.342,
            0.307
        ],
        [
            1.968,
            0.326,
            0.337,
            0.345,
            0.308
        ],
        [
            1.967,
            0.328,
            0.338,
            0.341,
            0.305
        ],
        [
            1.964,
            0.331,
            0.341,
            0.339,
            0.304
        ],
        [
            1.966,
            0.338,
            0.339,
            0.34,
            0.301
        ],
        [
            1.973,
            0.329,
            0.339,
            0.337,
            0.3
        ],
        [
            1.974,
            0.334,
            0.339,
            0.344,
            0.303
        ],
        [
            1.979,
            0.333,
            0.343,
            0.343,
            0.306
        ],
        [
            1.981,
            0.326,
            0.346,
            0.341,
            0.302
        ],
        [
            1.978,
            0.333,
            0.349,
            0.343,
            0.302
        ],
        [
            1.977,
            0.327,
            0.344,
            0.339,
            0.299
        ],
        [
            1.974,
            0.332,
            0.347,
            0.34,
            0.297
        ],
        [
            1.972,
            0.331,
            0.339,
            0.336,
            0.301
        ],
        [
            1.972,
            0.335,
            0.339,
            0.336,
            0.293
        ],
        [
            1.974,
            0.339,
            0.34,
            0.336,
            0.296
        ],
        [
            1.971,
            0.337,
            0.339,
            0.334,
            0.3
        ],
        [
            1.97,
            0.333,
            0.34,
            0.342,
            0.312
        ],
        [
            1.97,
            0.326,
            0.345,
            0.342,
            0.324
        ],
        [
            1.966,
            0.325,
            0.34,
            0.347,
            0.332
        ],
        [
            1.971,
            0.325,
            0.337,
            0.349,
            0.338
        ],
        [
            1.973,
            0.327,
            0.339,
            0.342,
            0.336
        ],
        [
            1.977,
            0.335,
            0.339,
            0.343,
            0.336
        ],
        [
            1.978,
            0.332,
            0.347,
            0.344,
            0.337
        ],
        [
            1.975,
            0.333,
            0.35,
            0.343,
            0.337
        ]
    ]
}