{
    "event_type": "flower_visit",
    "flower_id": "flower_1",
    "start_time": 1772089922.271109,
    "end_time": 1772089923.538234,
    "num_scans": 19,
    "angles": [
        131,
        132,
        133,
        134,
        135
    ],
    "distance_series": [
        [
            1.136,
            0.298,
            0.303,
            0.316,
            0.306
        ],
        [
            1.565,
            0.296,
            0.301,
            0.31,
            0.302
        ],
        [
            1.551,
            0.297,
            0.302,
            0.313,
            0.311
        ],
        [
            1.134,
            0.296,
            0.306,
            0.322,
            0.319
        ],
        [
            0.711,
            0.295,
            0.314,
            0.331,
            0.331
        ],
        [
            0.287,
            0.297,
            0.32,
            0.34,
            0.337
        ],
        [
            0.293,
            0.301,
            0.324,
            0.347,
            0.338
        ],
        [
            0.29,
            0.299,
            0.319,
            0.339,
            0.337
        ],
        [
            0.716,
            0.298,
            0.317,
            0.338,
            0.332
        ],
        [
            1.139,
            0.305,
            0.31,
            0.328,
            0.323
        ],
        [
            1.564,
            0.303,
            0.303,
            0.317,
            0.312
        ],
        [
            1.981,
            0.311,
            0.308,
            0.318,
            0.306
        ],
        [
            1.983,
            0.317,
            0.314,
            0.323,
            0.312
        ],
        [
            1.983,
            0.323,
            0.321,
            0.334,
            0.323
        ],
        [
            1.979,
            0.325,
            0.338,
            0.343,
            0.332
        ],
        [
            1.978,
            0.334,
            0.343,
            0.35,
            0.335
        ],
        [
            1.972,
            0.326,
            0.343,
            0.35,
            0.334
        ],
        [
            1.964,
            0.317,
            0.345,
            0.346,
            0.332
        ],
        [
            1.973,
            0.313,
            0.343,
            0.349,
            0.332
        ]
    ]
}