{
    "event_type": "flower_visit",
    "flower_id": "flower_1",
    "start_time": 1772089681.741177,
    "end_time": 1772089684.076758,
    "num_scans": 35,
    "angles": [
        131,
        132,
        133,
        134,
        135
    ],
    "distance_series": [
        [
            1.976,
            0.325,
            0.338,
            0.326,
            0.302
        ],
        [
            1.976,
            0.319,
            0.337,
            0.323,
            0.305
        ],
        [
            1.976,
            0.312,
            0.335,
            0.315,
            0.305
        ],
        [
            1.978,
            0.323,
            0.334,
            0.318,
            0.305
        ],
        [
            1.98,
            0.317,
            0.337,
            0.318,
            0.308
        ],
        [
            1.974,
            0.322,
            0.34,
            0.33,
            0.303
        ],
        [
            1.969,
            0.332,
            0.341,
            0.334,
            0.302
        ],
        [
            1.964,
            0.338,
            0.339,
            0.334,
            0.302
        ],
        [
            1.966,
            0.34,
            0.335,
            0.334,
            0.304
        ],
        [
            1.974,
            0.338,
            0.337,
            0.332,
            0.303
        ],
        [
            1.985,
            0.342,
            0.335,
            0.335,
            0.305
        ],
        [
            1.991,
            0.325,
            0.334,
            0.334,
            0.303
        ],
        [
            1.993,
            0.324,
            0.338,
            0.336,
            0.303
        ],
        [
            1.989,
            0.323,
            0.34,
            0.34,
            0.304
        ],
        [
            1.987,
            0.328,
            0.343,
            0.344,
            0.303
        ],
        [
            1.985,
            0.322,
            0.345,
            0.344,
            0.305
        ],
        [
            1.982,
            0.329,
            0.345,
            0.344,
            0.303
        ],
        [
            1.983,
            0.333,
            0.34,
            0.343,
            0.304
        ],
        [
            1.982,
            0.329,
            0.338,
            0.342,
            0.305
        ],
        [
            1.982,
            0.334,
            0.341,
            0.338,
            0.305
        ],
        [
            1.981,
            0.33,
            0.339,
            0.336,
            0.303
        ],
        [
            1.978,
            0.332,
            0.34,
            0.335,
            0.302
        ],
        [
            1.976,
            0.341,
            0.341,
            0.334,
            0.304
        ],
        [
            1.977,
            0.338,
            0.338,
            0.329,
            0.305
        ],
        [
            1.98,
            0.339,
            0.342,
            0.329,
            0.305
        ],
        [
            1.984,
            0.338,
            0.343,
            0.326,
            0.305
        ],
        [
            1.978,
            0.34,
            0.34,
            0.33,
            0.303
        ],
        [
            1.981,
            0.332,
            0.342,
            0.344,
            0.306
        ],
        [
            1.978,
            0.334,
            0.342,
            0.345,
            0.307
        ],
        [
            1.975,
            0.329,
            0.342,
            0.348,
            0.308
        ],
        [
            1.979,
            0.332,
            0.343,
            0.346,
            0.321
        ],
        [
            1.972,
            0.338,
            0.337,
            0.342,
            0.326
        ],
        [
            1.968,
            0.334,
            0.337,
            0.342,
            0.333
        ],
        [
            1.969,
            0.335,
            0.337,
            0.344,
            0.339
        ],
        [
            1.969,
            0.335,
            0.336,
            0.341,
            0.339
        ]
    ]
}