{
    "event_type": "flower_visit",
    "flower_id": "flower_1",
    "start_time": 1772089393.877395,
    "end_time": 1772089396.544079,
    "num_scans": 40,
    "angles": [
        131,
        132,
        133,
        134,
        135
    ],
    "distance_series": [
        [
            0.257,
            0.255,
            0.258,
            0.264,
            0.263
        ],
        [
            0.258,
            0.26,
            0.261,
            0.268,
            0.265
        ],
        [
            0.256,
            0.26,
            0.261,
            0.263,
            0.265
        ],
        [
            0.255,
            0.262,
            0.26,
            0.263,
            0.264
        ],
        [
            0.257,
            0.255,
            0.262,
            0.262,
            0.265
        ],
        [
            0.254,
            0.254,
            0.257,
            0.261,
            0.261
        ],
        [
            0.256,
            0.258,
            0.257,
            0.262,
            0.261
        ],
        [
            0.26,
            0.26,
            0.261,
            0.262,
            0.264
        ],
        [
            0.259,
            0.263,
            0.263,
            0.266,
            0.265
        ],
        [
            0.264,
            0.266,
            0.263,
            0.261,
            0.262
        ],
        [
            0.264,
            0.265,
            0.26,
            0.262,
            0.26
        ],
        [
            0.259,
            0.263,
            0.262,
            0.261,
            0.262
        ],
        [
            0.265,
            0.263,
            0.262,
            0.259,
            0.26
        ],
        [
            0.262,
            0.263,
            0.263,
            0.261,
            0.266
        ],
        [
            0.263,
            0.263,
            0.262,
            0.26,
            0.263
        ],
        [
            0.262,
            0.263,
            0.265,
            0.26,
            0.264
        ],
        [
            0.264,
            0.262,
            0.267,
            0.254,
            0.264
        ],
        [
            0.267,
            0.26,
            0.266,
            0.257,
            0.266
        ],
        [
            0.264,
            0.262,
            0.266,
            0.26,
            0.265
        ],
        [
            0.269,
            0.264,
            0.268,
            0.263,
            0.267
        ],
        [
            0.268,
            0.261,
            0.27,
            0.268,
            0.264
        ],
        [
            0.267,
            0.265,
            0.268,
            0.264,
            0.263
        ],
        [
            0.27,
            0.267,
            0.269,
            0.262,
            0.261
        ],
        [
            0.267,
            0.266,
            0.267,
            0.26,
            0.265
        ],
        [
            0.265,
            0.265,
            0.261,
            0.263,
            0.269
        ],
        [
            0.261,
            0.264,
            0.258,
            0.262,
            0.27
        ],
        [
            0.262,
            0.264,
            0.257,
            0.258,
            0.268
        ],
        [
            0.257,
            0.259,
            0.259,
            0.257,
            0.262
        ],
        [
            0.248,
            0.251,
            0.253,
            0.252,
            0.257
        ],
        [
            0.249,
            0.254,
            0.257,
            0.26,
            0.262
        ],
        [
            0.687,
            0.274,
            0.274,
            0.282,
            0.284
        ],
        [
            1.125,
            0.294,
            0.294,
            0.301,
            0.305
        ],
        [
            1.557,
            0.321,
            0.325,
            0.326,
            0.33
        ],
        [
            1.98,
            0.337,
            0.341,
            0.341,
            0.343
        ],
        [
            1.976,
            0.341,
            0.342,
            0.348,
            0.339
        ],
        [
            1.975,
            0.336,
            0.343,
            0.346,
            0.34
        ],
        [
            1.977,
            0.336,
            0.341,
            0.344,
            0.338
        ],
        [
            1.975,
            0.338,
            0.341,
            0.345,
            0.333
        ],
        [
            1.976,
            0.334,
            0.339,
            0.344,
            0.335
        ],
        [
            1.974,
            0.342,
            0.344,
            0.344,
            0.331
        ]
    ]
}