{
    "event_type": "flower_visit",
    "flower_id": "flower_1",
    "start_time": 1772089985.938508,
    "end_time": 1772089987.93942,
    "num_scans": 30,
    "angles": [
        131,
        132,
        133,
        134,
        135
    ],
    "distance_series": [
        [
            1.959,
            0.298,
            0.314,
            0.329,
            0.322
        ],
        [
            1.96,
            0.302,
            0.317,
            0.333,
            0.321
        ],
        [
            1.962,
            0.301,
            0.317,
            0.334,
            0.326
        ],
        [
            1.965,
            0.297,
            0.32,
            0.333,
            0.329
        ],
        [
            1.966,
            0.297,
            0.318,
            0.333,
            0.326
        ],
        [
            1.965,
            0.295,
            0.316,
            0.333,
            0.328
        ],
        [
            1.964,
            0.293,
            0.316,
            0.336,
            0.332
        ],
        [
            1.963,
            0.298,
            0.316,
            0.337,
            0.328
        ],
        [
            1.984,
            0.304,
            0.318,
            0.338,
            0.323
        ],
        [
            1.982,
            0.308,
            0.316,
            0.339,
            0.318
        ],
        [
            1.972,
            0.312,
            0.314,
            0.335,
            0.314
        ],
        [
            1.971,
            0.309,
            0.312,
            0.338,
            0.316
        ],
        [
            1.97,
            0.299,
            0.307,
            0.335,
            0.319
        ],
        [
            1.965,
            0.295,
            0.307,
            0.332,
            0.322
        ],
        [
            1.963,
            0.287,
            0.304,
            0.328,
            0.327
        ],
        [
            1.967,
            0.288,
            0.304,
            0.333,
            0.326
        ],
        [
            1.971,
            0.29,
            0.306,
            0.332,
            0.323
        ],
        [
            1.986,
            0.292,
            0.304,
            0.334,
            0.32
        ],
        [
            1.988,
            0.298,
            0.299,
            0.33,
            0.312
        ],
        [
            1.982,
            0.301,
            0.291,
            0.326,
            0.31
        ],
        [
            1.984,
            0.299,
            0.288,
            0.316,
            0.312
        ],
        [
            1.981,
            0.304,
            0.302,
            0.311,
            0.313
        ],
        [
            1.979,
            0.311,
            0.309,
            0.314,
            0.319
        ],
        [
            1.979,
            0.321,
            0.322,
            0.323,
            0.321
        ],
        [
            1.977,
            0.334,
            0.335,
            0.337,
            0.327
        ],
        [
            1.977,
            0.337,
            0.342,
            0.348,
            0.338
        ],
        [
            1.979,
            0.337,
            0.342,
            0.349,
            0.341
        ],
        [
            1.986,
            0.335,
            0.343,
            0.345,
            0.343
        ],
        [
            1.986,
            0.325,
            0.346,
            0.343,
            0.344
        ],
        [
            1.992,
            0.324,
            0.348,
            0.342,
            0.341
        ]
    ]
}