{
    "event_type": "flower_visit",
    "flower_id": "flower_1",
    "start_time": 1772089897.271522,
    "end_time": 1772089899.338048,
    "num_scans": 31,
    "angles": [
        131,
        132,
        133,
        134,
        135
    ],
    "distance_series": [
        [
            1.976,
            0.337,
            0.314,
            0.302,
            0.301
        ],
        [
            1.981,
            0.332,
            0.314,
            0.303,
            0.3
        ],
        [
            1.983,
            0.334,
            0.311,
            0.307,
            0.303
        ],
        [
            1.985,
            0.33,
            0.31,
            0.312,
            0.305
        ],
        [
            1.985,
            0.322,
            0.305,
            0.313,
            0.305
        ],
        [
            1.984,
            0.324,
            0.308,
            0.317,
            0.307
        ],
        [
            1.978,
            0.318,
            0.309,
            0.313,
            0.309
        ],
        [
            1.975,
            0.32,
            0.312,
            0.314,
            0.31
        ],
        [
            1.977,
            0.318,
            0.314,
            0.315,
            0.307
        ],
        [
            1.973,
            0.33,
            0.32,
            0.308,
            0.308
        ],
        [
            1.971,
            0.334,
            0.32,
            0.309,
            0.305
        ],
        [
            1.972,
            0.338,
            0.318,
            0.306,
            0.303
        ],
        [
            1.968,
            0.336,
            0.312,
            0.307,
            0.304
        ],
        [
            1.972,
            0.32,
            0.309,
            0.307,
            0.305
        ],
        [
            1.969,
            0.32,
            0.306,
            0.31,
            0.305
        ],
        [
            1.968,
            0.314,
            0.309,
            0.312,
            0.306
        ],
        [
            1.972,
            0.313,
            0.314,
            0.315,
            0.304
        ],
        [
            1.971,
            0.332,
            0.314,
            0.315,
            0.305
        ],
        [
            1.979,
            0.326,
            0.316,
            0.315,
            0.302
        ],
        [
            1.981,
            0.33,
            0.319,
            0.314,
            0.305
        ],
        [
            1.981,
            0.327,
            0.316,
            0.314,
            0.306
        ],
        [
            1.979,
            0.324,
            0.317,
            0.312,
            0.304
        ],
        [
            1.979,
            0.321,
            0.313,
            0.312,
            0.305
        ],
        [
            1.982,
            0.32,
            0.314,
            0.312,
            0.307
        ],
        [
            1.976,
            0.322,
            0.313,
            0.313,
            0.308
        ],
        [
            1.976,
            0.321,
            0.314,
            0.316,
            0.311
        ],
        [
            1.971,
            0.328,
            0.318,
            0.309,
            0.31
        ],
        [
            1.961,
            0.326,
            0.323,
            0.309,
            0.309
        ],
        [
            1.965,
            0.328,
            0.322,
            0.31,
            0.31
        ],
        [
            1.963,
            0.334,
            0.318,
            0.31,
            0.31
        ],
        [
            1.969,
            0.33,
            0.317,
            0.316,
            0.313
        ]
    ]
}