{
    "event_type": "flower_visit",
    "flower_id": "flower_1",
    "start_time": 1772090230.53839,
    "end_time": 1772090232.7384572,
    "num_scans": 33,
    "angles": [
        131,
        132,
        133,
        134,
        135
    ],
    "distance_series": [
        [
            1.946,
            1.125,
            0.299,
            0.315,
            0.314
        ],
        [
            1.949,
            1.562,
            0.304,
            0.315,
            0.31
        ],
        [
            1.948,
            1.985,
            0.31,
            0.32,
            0.309
        ],
        [
            1.94,
            1.982,
            0.312,
            0.321,
            0.31
        ],
        [
            1.942,
            1.975,
            0.308,
            0.328,
            0.317
        ],
        [
            1.939,
            1.569,
            0.308,
            0.327,
            0.323
        ],
        [
            1.94,
            1.14,
            0.306,
            0.333,
            0.321
        ],
        [
            1.939,
            0.713,
            0.304,
            0.332,
            0.326
        ],
        [
            1.931,
            0.284,
            0.297,
            0.328,
            0.327
        ],
        [
            1.929,
            0.279,
            0.293,
            0.322,
            0.327
        ],
        [
            1.925,
            0.284,
            0.289,
            0.311,
            0.329
        ],
        [
            1.927,
            0.29,
            0.288,
            0.312,
            0.329
        ],
        [
            1.947,
            0.711,
            0.29,
            0.314,
            0.321
        ],
        [
            1.945,
            1.139,
            0.296,
            0.313,
            0.316
        ],
        [
            1.943,
            1.559,
            0.306,
            0.318,
            0.312
        ],
        [
            1.938,
            1.978,
            0.316,
            0.315,
            0.309
        ],
        [
            1.946,
            1.981,
            0.324,
            0.318,
            0.318
        ],
        [
            1.942,
            1.986,
            0.326,
            0.32,
            0.323
        ],
        [
            1.945,
            1.566,
            0.32,
            0.33,
            0.327
        ],
        [
            1.948,
            1.126,
            0.315,
            0.329,
            0.333
        ],
        [
            1.942,
            0.696,
            0.311,
            0.336,
            0.34
        ],
        [
            1.949,
            0.273,
            0.307,
            0.336,
            0.345
        ],
        [
            1.949,
            0.289,
            0.306,
            0.338,
            0.344
        ],
        [
            1.949,
            0.288,
            0.311,
            0.342,
            0.352
        ],
        [
            1.959,
            0.282,
            0.309,
            0.342,
            0.356
        ],
        [
            1.956,
            0.715,
            0.308,
            0.337,
            0.352
        ],
        [
            1.955,
            1.147,
            0.312,
            0.338,
            0.351
        ],
        [
            1.953,
            1.579,
            0.318,
            0.338,
            0.353
        ],
        [
            1.947,
            1.979,
            0.326,
            0.343,
            0.354
        ],
        [
            1.95,
            1.978,
            0.334,
            0.341,
            0.354
        ],
        [
            1.949,
            1.978,
            0.341,
            0.349,
            0.354
        ],
        [
            1.951,
            1.983,
            0.335,
            0.342,
            0.348
        ],
        [
            1.945,
            1.981,
            0.336,
            0.341,
            0.344
        ]
    ]
}