{
    "event_type": "flower_visit",
    "flower_id": "flower_1",
    "start_time": 1772089824.739415,
    "end_time": 1772089827.405607,
    "num_scans": 40,
    "angles": [
        131,
        132,
        133,
        134,
        135
    ],
    "distance_series": [
        [
            1.974,
            0.306,
            0.302,
            0.294,
            0.286
        ],
        [
            1.977,
            0.299,
            0.292,
            0.292,
            0.285
        ],
        [
            1.977,
            0.288,
            0.289,
            0.292,
            0.284
        ],
        [
            1.974,
            0.291,
            0.292,
            0.291,
            0.283
        ],
        [
            1.975,
            0.299,
            0.297,
            0.294,
            0.284
        ],
        [
            1.974,
            0.312,
            0.305,
            0.297,
            0.284
        ],
        [
            1.973,
            0.325,
            0.311,
            0.299,
            0.287
        ],
        [
            1.978,
            0.321,
            0.311,
            0.304,
            0.287
        ],
        [
            1.983,
            0.334,
            0.313,
            0.3,
            0.287
        ],
        [
            1.984,
            0.323,
            0.305,
            0.298,
            0.284
        ],
        [
            1.985,
            0.31,
            0.296,
            0.293,
            0.283
        ],
        [
            1.982,
            0.294,
            0.292,
            0.291,
            0.285
        ],
        [
            1.982,
            0.286,
            0.287,
            0.296,
            0.28
        ],
        [
            1.984,
            0.299,
            0.292,
            0.296,
            0.284
        ],
        [
            1.984,
            0.312,
            0.296,
            0.295,
            0.287
        ],
        [
            1.988,
            0.318,
            0.302,
            0.3,
            0.288
        ],
        [
            1.983,
            0.326,
            0.309,
            0.302,
            0.289
        ],
        [
            1.98,
            0.326,
            0.31,
            0.304,
            0.292
        ],
        [
            1.983,
            0.319,
            0.308,
            0.302,
            0.29
        ],
        [
            1.979,
            0.315,
            0.303,
            0.3,
            0.287
        ],
        [
            1.982,
            0.308,
            0.295,
            0.299,
            0.287
        ],
        [
            1.985,
            0.298,
            0.291,
            0.295,
            0.284
        ],
        [
            1.979,
            0.284,
            0.293,
            0.294,
            0.281
        ],
        [
            1.979,
            0.288,
            0.297,
            0.296,
            0.282
        ],
        [
            1.978,
            0.305,
            0.3,
            0.299,
            0.283
        ],
        [
            1.977,
            0.321,
            0.307,
            0.302,
            0.285
        ],
        [
            1.981,
            0.333,
            0.313,
            0.309,
            0.289
        ],
        [
            1.981,
            0.34,
            0.312,
            0.308,
            0.29
        ],
        [
            1.979,
            0.338,
            0.31,
            0.304,
            0.29
        ],
        [
            1.976,
            0.312,
            0.301,
            0.302,
            0.287
        ],
        [
            1.976,
            0.305,
            0.296,
            0.29,
            0.287
        ],
        [
            1.976,
            0.304,
            0.304,
            0.305,
            0.298
        ],
        [
            1.982,
            0.308,
            0.316,
            0.316,
            0.315
        ],
        [
            1.988,
            0.316,
            0.331,
            0.329,
            0.327
        ],
        [
            1.984,
            0.328,
            0.342,
            0.345,
            0.338
        ],
        [
            1.988,
            0.323,
            0.343,
            0.346,
            0.339
        ],
        [
            1.987,
            0.328,
            0.338,
            0.348,
            0.34
        ],
        [
            1.984,
            0.332,
            0.337,
            0.348,
            0.34
        ],
        [
            1.989,
            0.335,
            0.34,
            0.347,
            0.342
        ],
        [
            1.983,
            0.337,
            0.341,
            0.342,
            0.34
        ]
    ]
}