{
    "event_type": "flower_visit",
    "flower_id": "flower_1",
    "start_time": 1772089876.7389262,
    "end_time": 1772089878.7387788,
    "num_scans": 30,
    "angles": [
        131,
        132,
        133,
        134,
        135
    ],
    "distance_series": [
        [
            1.971,
            0.327,
            0.332,
            0.321,
            0.304
        ],
        [
            1.972,
            0.326,
            0.336,
            0.321,
            0.303
        ],
        [
            1.97,
            0.318,
            0.336,
            0.311,
            0.301
        ],
        [
            1.973,
            0.31,
            0.335,
            0.31,
            0.301
        ],
        [
            1.975,
            0.322,
            0.337,
            0.313,
            0.294
        ],
        [
            1.976,
            0.317,
            0.338,
            0.317,
            0.29
        ],
        [
            1.978,
            0.322,
            0.336,
            0.328,
            0.292
        ],
        [
            1.977,
            0.322,
            0.341,
            0.327,
            0.292
        ],
        [
            1.97,
            0.316,
            0.342,
            0.326,
            0.295
        ],
        [
            1.965,
            0.322,
            0.339,
            0.317,
            0.301
        ],
        [
            1.969,
            0.329,
            0.327,
            0.315,
            0.3
        ],
        [
            1.972,
            0.336,
            0.323,
            0.31,
            0.3
        ],
        [
            1.978,
            0.337,
            0.328,
            0.305,
            0.303
        ],
        [
            1.981,
            0.337,
            0.333,
            0.305,
            0.302
        ],
        [
            1.979,
            0.318,
            0.338,
            0.303,
            0.304
        ],
        [
            1.974,
            0.336,
            0.336,
            0.31,
            0.303
        ],
        [
            1.971,
            0.336,
            0.334,
            0.316,
            0.3
        ],
        [
            1.967,
            0.334,
            0.335,
            0.32,
            0.302
        ],
        [
            1.965,
            0.333,
            0.33,
            0.324,
            0.3
        ],
        [
            1.97,
            0.322,
            0.327,
            0.321,
            0.297
        ],
        [
            1.971,
            0.329,
            0.331,
            0.32,
            0.298
        ],
        [
            1.975,
            0.33,
            0.329,
            0.325,
            0.304
        ],
        [
            1.975,
            0.323,
            0.334,
            0.337,
            0.314
        ],
        [
            1.973,
            0.328,
            0.341,
            0.341,
            0.326
        ],
        [
            1.971,
            0.321,
            0.34,
            0.342,
            0.332
        ],
        [
            1.972,
            0.321,
            0.341,
            0.343,
            0.339
        ],
        [
            1.976,
            0.33,
            0.333,
            0.339,
            0.336
        ],
        [
            1.981,
            0.327,
            0.334,
            0.335,
            0.337
        ],
        [
            1.982,
            0.33,
            0.334,
            0.341,
            0.336
        ],
        [
            1.983,
            0.329,
            0.33,
            0.345,
            0.338
        ]
    ]
}