{
    "event_type": "flower_visit",
    "flower_id": "flower_1",
    "start_time": 1772089790.939209,
    "end_time": 1772089794.075839,
    "num_scans": 47,
    "angles": [
        131,
        132,
        133,
        134,
        135
    ],
    "distance_series": [
        [
            0.262,
            0.263,
            0.258,
            0.266,
            0.269
        ],
        [
            0.264,
            0.265,
            0.261,
            0.265,
            0.269
        ],
        [
            0.272,
            0.266,
            0.263,
            0.266,
            0.266
        ],
        [
            0.27,
            0.267,
            0.265,
            0.266,
            0.266
        ],
        [
            0.275,
            0.268,
            0.26,
            0.266,
            0.266
        ],
        [
            0.271,
            0.269,
            0.262,
            0.267,
            0.265
        ],
        [
            0.27,
            0.275,
            0.263,
            0.267,
            0.265
        ],
        [
            0.267,
            0.272,
            0.264,
            0.269,
            0.268
        ],
        [
            0.266,
            0.269,
            0.263,
            0.267,
            0.266
        ],
        [
            0.264,
            0.27,
            0.262,
            0.268,
            0.268
        ],
        [
            0.267,
            0.266,
            0.268,
            0.268,
            0.269
        ],
        [
            0.264,
            0.266,
            0.265,
            0.262,
            0.268
        ],
        [
            0.259,
            0.267,
            0.264,
            0.262,
            0.264
        ],
        [
            0.256,
            0.266,
            0.261,
            0.262,
            0.267
        ],
        [
            0.258,
            0.266,
            0.261,
            0.259,
            0.267
        ],
        [
            0.267,
            0.264,
            0.262,
            0.262,
            0.268
        ],
        [
            0.271,
            0.266,
            0.263,
            0.264,
            0.267
        ],
        [
            0.27,
            0.263,
            0.267,
            0.265,
            0.274
        ],
        [
            0.266,
            0.267,
            0.267,
            0.268,
            0.271
        ],
        [
            0.261,
            0.269,
            0.266,
            0.27,
            0.268
        ],
        [
            0.259,
            0.267,
            0.268,
            0.271,
            0.268
        ],
        [
            0.264,
            0.261,
            0.262,
            0.274,
            0.267
        ],
        [
            0.266,
            0.263,
            0.264,
            0.265,
            0.267
        ],
        [
            0.268,
            0.26,
            0.26,
            0.267,
            0.27
        ],
        [
            0.268,
            0.262,
            0.263,
            0.265,
            0.272
        ],
        [
            0.268,
            0.266,
            0.264,
            0.262,
            0.273
        ],
        [
            0.268,
            0.265,
            0.262,
            0.269,
            0.27
        ],
        [
            0.268,
            0.27,
            0.264,
            0.266,
            0.268
        ],
        [
            0.269,
            0.267,
            0.263,
            0.267,
            0.269
        ],
        [
            0.267,
            0.266,
            0.262,
            0.27,
            0.266
        ],
        [
            0.265,
            0.265,
            0.267,
            0.265,
            0.266
        ],
        [
            0.261,
            0.262,
            0.269,
            0.265,
            0.266
        ],
        [
            0.266,
            0.264,
            0.267,
            0.266,
            0.265
        ],
        [
            0.267,
            0.261,
            0.273,
            0.269,
            0.261
        ],
        [
            0.265,
            0.263,
            0.27,
            0.263,
            0.265
        ],
        [
            0.265,
            0.261,
            0.265,
            0.264,
            0.268
        ],
        [
            0.264,
            0.261,
            0.269,
            0.26,
            0.27
        ],
        [
            0.699,
            0.282,
            0.285,
            0.283,
            0.294
        ],
        [
            1.13,
            0.305,
            0.305,
            0.302,
            0.307
        ],
        [
            1.555,
            0.324,
            0.324,
            0.327,
            0.326
        ],
        [
            1.978,
            0.339,
            0.338,
            0.341,
            0.343
        ],
        [
            1.982,
            0.33,
            0.339,
            0.346,
            0.343
        ],
        [
            1.976,
            0.333,
            0.34,
            0.347,
            0.344
        ],
        [
            1.973,
            0.329,
            0.349,
            0.348,
            0.345
        ],
        [
            1.98,
            0.331,
            0.35,
            0.348,
            0.339
        ],
        [
            1.975,
            0.331,
            0.353,
            0.349,
            0.338
        ],
        [
            1.976,
            0.328,
            0.353,
            0.349,
            0.336
        ]
    ]
}