{
    "event_type": "flower_visit",
    "flower_id": "flower_1",
    "start_time": 1772089624.4077241,
    "end_time": 1772089626.2743292,
    "num_scans": 28,
    "angles": [
        131,
        132,
        133,
        134,
        135
    ],
    "distance_series": [
        [
            1.986,
            0.336,
            0.322,
            0.311,
            0.304
        ],
        [
            1.978,
            0.339,
            0.331,
            0.317,
            0.303
        ],
        [
            1.982,
            0.335,
            0.33,
            0.32,
            0.299
        ],
        [
            1.978,
            0.337,
            0.332,
            0.324,
            0.298
        ],
        [
            1.973,
            0.338,
            0.326,
            0.318,
            0.298
        ],
        [
            1.972,
            0.34,
            0.326,
            0.311,
            0.297
        ],
        [
            1.97,
            0.34,
            0.332,
            0.309,
            0.298
        ],
        [
            1.972,
            0.336,
            0.331,
            0.318,
            0.297
        ],
        [
            1.975,
            0.335,
            0.34,
            0.322,
            0.297
        ],
        [
            1.978,
            0.325,
            0.344,
            0.328,
            0.298
        ],
        [
            1.975,
            0.334,
            0.34,
            0.327,
            0.297
        ],
        [
            1.982,
            0.335,
            0.339,
            0.321,
            0.3
        ],
        [
            1.978,
            0.328,
            0.334,
            0.314,
            0.301
        ],
        [
            1.979,
            0.331,
            0.337,
            0.311,
            0.299
        ],
        [
            1.983,
            0.332,
            0.334,
            0.312,
            0.298
        ],
        [
            1.979,
            0.333,
            0.342,
            0.324,
            0.297
        ],
        [
            1.987,
            0.336,
            0.347,
            0.332,
            0.296
        ],
        [
            1.983,
            0.342,
            0.344,
            0.328,
            0.298
        ],
        [
            1.983,
            0.34,
            0.339,
            0.326,
            0.296
        ],
        [
            1.98,
            0.341,
            0.343,
            0.325,
            0.304
        ],
        [
            1.976,
            0.343,
            0.342,
            0.327,
            0.314
        ],
        [
            1.986,
            0.34,
            0.342,
            0.336,
            0.325
        ],
        [
            1.984,
            0.319,
            0.34,
            0.342,
            0.337
        ],
        [
            1.985,
            0.314,
            0.344,
            0.345,
            0.342
        ],
        [
            1.984,
            0.32,
            0.345,
            0.342,
            0.342
        ],
        [
            1.976,
            0.321,
            0.346,
            0.341,
            0.34
        ],
        [
            1.978,
            0.318,
            0.343,
            0.338,
            0.34
        ],
        [
            1.974,
            0.328,
            0.344,
            0.339,
            0.338
        ]
    ]
}