{
    "event_type": "flower_visit",
    "flower_id": "flower_1",
    "start_time": 1772089675.141133,
    "end_time": 1772089676.4745731,
    "num_scans": 20,
    "angles": [
        131,
        132,
        133,
        134,
        135
    ],
    "distance_series": [
        [
            1.989,
            0.333,
            0.342,
            0.341,
            0.299
        ],
        [
            1.981,
            0.334,
            0.342,
            0.34,
            0.299
        ],
        [
            1.978,
            0.341,
            0.341,
            0.337,
            0.301
        ],
        [
            1.972,
            0.339,
            0.338,
            0.338,
            0.3
        ],
        [
            1.971,
            0.333,
            0.345,
            0.339,
            0.298
        ],
        [
            1.969,
            0.341,
            0.347,
            0.342,
            0.303
        ],
        [
            1.967,
            0.332,
            0.348,
            0.345,
            0.304
        ],
        [
            1.968,
            0.331,
            0.351,
            0.344,
            0.303
        ],
        [
            1.969,
            0.327,
            0.345,
            0.342,
            0.302
        ],
        [
            1.967,
            0.325,
            0.345,
            0.342,
            0.299
        ],
        [
            1.972,
            0.329,
            0.347,
            0.343,
            0.302
        ],
        [
            1.974,
            0.334,
            0.345,
            0.344,
            0.305
        ],
        [
            1.971,
            0.34,
            0.348,
            0.343,
            0.31
        ],
        [
            1.976,
            0.335,
            0.349,
            0.345,
            0.312
        ],
        [
            1.968,
            0.332,
            0.348,
            0.346,
            0.31
        ],
        [
            1.968,
            0.325,
            0.347,
            0.346,
            0.309
        ],
        [
            1.965,
            0.316,
            0.348,
            0.345,
            0.316
        ],
        [
            1.962,
            0.315,
            0.35,
            0.347,
            0.323
        ],
        [
            1.968,
            0.311,
            0.35,
            0.347,
            0.33
        ],
        [
            1.971,
            0.319,
            0.35,
            0.345,
            0.338
        ]
    ]
}