{
    "event_type": "flower_visit",
    "flower_id": "flower_1",
    "start_time": 1772090193.205044,
    "end_time": 1772090194.1394281,
    "num_scans": 14,
    "angles": [
        131,
        132,
        133,
        134,
        135
    ],
    "distance_series": [
        [
            1.933,
            1.978,
            0.325,
            0.322,
            0.297
        ],
        [
            1.935,
            1.973,
            0.326,
            0.326,
            0.304
        ],
        [
            1.937,
            1.969,
            0.329,
            0.326,
            0.311
        ],
        [
            1.94,
            1.968,
            0.326,
            0.326,
            0.312
        ],
        [
            1.946,
            1.965,
            0.324,
            0.321,
            0.31
        ],
        [
            1.944,
            1.965,
            0.318,
            0.319,
            0.305
        ],
        [
            1.945,
            1.968,
            0.32,
            0.321,
            0.315
        ],
        [
            1.943,
            1.97,
            0.322,
            0.324,
            0.319
        ],
        [
            1.941,
            1.971,
            0.325,
            0.335,
            0.325
        ],
        [
            1.942,
            1.973,
            0.335,
            0.342,
            0.338
        ],
        [
            1.944,
            1.975,
            0.335,
            0.343,
            0.337
        ],
        [
            1.944,
            1.979,
            0.334,
            0.341,
            0.34
        ],
        [
            1.944,
            1.983,
            0.337,
            0.348,
            0.335
        ],
        [
            1.945,
            1.981,
            0.338,
            0.346,
            0.34
        ]
    ]
}