{
    "event_type": "flower_visit",
    "flower_id": "flower_1",
    "start_time": 1772089910.005067,
    "end_time": 1772089913.0743139,
    "num_scans": 46,
    "angles": [
        131,
        132,
        133,
        134,
        135
    ],
    "distance_series": [
        [
            1.964,
            0.293,
            0.308,
            0.326,
            0.33
        ],
        [
            1.965,
            0.292,
            0.309,
            0.329,
            0.329
        ],
        [
            1.964,
            0.292,
            0.312,
            0.332,
            0.329
        ],
        [
            1.963,
            0.293,
            0.315,
            0.328,
            0.333
        ],
        [
            1.396,
            0.295,
            0.31,
            0.329,
            0.334
        ],
        [
            0.804,
            0.296,
            0.308,
            0.333,
            0.336
        ],
        [
            0.275,
            0.297,
            0.306,
            0.328,
            0.336
        ],
        [
            0.662,
            0.293,
            0.308,
            0.333,
            0.337
        ],
        [
            1.098,
            0.291,
            0.307,
            0.334,
            0.338
        ],
        [
            1.542,
            0.291,
            0.31,
            0.334,
            0.335
        ],
        [
            1.952,
            0.288,
            0.31,
            0.335,
            0.333
        ],
        [
            1.948,
            0.289,
            0.311,
            0.337,
            0.327
        ],
        [
            1.95,
            0.291,
            0.313,
            0.333,
            0.328
        ],
        [
            1.53,
            0.288,
            0.309,
            0.331,
            0.329
        ],
        [
            1.083,
            0.289,
            0.312,
            0.331,
            0.331
        ],
        [
            0.788,
            0.289,
            0.314,
            0.329,
            0.336
        ],
        [
            0.802,
            0.29,
            0.31,
            0.326,
            0.333
        ],
        [
            1.399,
            0.289,
            0.314,
            0.335,
            0.332
        ],
        [
            1.959,
            0.288,
            0.31,
            0.337,
            0.328
        ],
        [
            1.957,
            0.288,
            0.311,
            0.338,
            0.324
        ],
        [
            1.95,
            0.285,
            0.307,
            0.336,
            0.325
        ],
        [
            1.949,
            0.285,
            0.306,
            0.337,
            0.327
        ],
        [
            1.955,
            0.284,
            0.307,
            0.334,
            0.33
        ],
        [
            1.962,
            0.288,
            0.302,
            0.333,
            0.334
        ],
        [
            1.969,
            0.284,
            0.306,
            0.338,
            0.338
        ],
        [
            1.971,
            0.288,
            0.303,
            0.326,
            0.338
        ],
        [
            1.968,
            0.288,
            0.305,
            0.329,
            0.338
        ],
        [
            1.964,
            0.283,
            0.31,
            0.335,
            0.335
        ],
        [
            1.963,
            0.287,
            0.31,
            0.328,
            0.333
        ],
        [
            1.962,
            0.287,
            0.31,
            0.331,
            0.329
        ],
        [
            1.955,
            0.285,
            0.31,
            0.33,
            0.329
        ],
        [
            1.952,
            0.289,
            0.314,
            0.333,
            0.327
        ],
        [
            1.535,
            0.289,
            0.316,
            0.329,
            0.326
        ],
        [
            1.53,
            0.295,
            0.32,
            0.333,
            0.331
        ],
        [
            1.529,
            0.294,
            0.317,
            0.335,
            0.331
        ],
        [
            1.525,
            0.295,
            0.307,
            0.325,
            0.33
        ],
        [
            1.965,
            0.296,
            0.301,
            0.314,
            0.318
        ],
        [
            1.965,
            0.295,
            0.308,
            0.317,
            0.315
        ],
        [
            1.973,
            0.313,
            0.319,
            0.321,
            0.318
        ],
        [
            1.974,
            0.322,
            0.33,
            0.335,
            0.32
        ],
        [
            1.968,
            0.336,
            0.34,
            0.347,
            0.329
        ],
        [
            1.972,
            0.334,
            0.342,
            0.348,
            0.339
        ],
        [
            1.975,
            0.329,
            0.347,
            0.352,
            0.342
        ],
        [
            1.975,
            0.336,
            0.347,
            0.346,
            0.346
        ],
        [
            1.976,
            0.324,
            0.35,
            0.346,
            0.345
        ],
        [
            1.977,
            0.327,
            0.347,
            0.345,
            0.345
        ]
    ]
}