{
    "event_type": "flower_visit",
    "flower_id": "flower_1",
    "start_time": 1772089934.338048,
    "end_time": 1772089936.0732641,
    "num_scans": 26,
    "angles": [
        131,
        132,
        133,
        134,
        135
    ],
    "distance_series": [
        [
            1.967,
            0.306,
            0.305,
            0.312,
            0.316
        ],
        [
            1.965,
            0.306,
            0.315,
            0.316,
            0.311
        ],
        [
            1.973,
            0.309,
            0.319,
            0.313,
            0.303
        ],
        [
            1.978,
            0.314,
            0.322,
            0.316,
            0.302
        ],
        [
            1.961,
            0.305,
            0.32,
            0.317,
            0.303
        ],
        [
            1.527,
            0.307,
            0.312,
            0.321,
            0.313
        ],
        [
            1.099,
            0.303,
            0.307,
            0.328,
            0.324
        ],
        [
            0.722,
            0.296,
            0.308,
            0.336,
            0.333
        ],
        [
            0.716,
            0.296,
            0.309,
            0.334,
            0.334
        ],
        [
            1.145,
            0.301,
            0.315,
            0.326,
            0.322
        ],
        [
            1.575,
            0.311,
            0.322,
            0.326,
            0.315
        ],
        [
            1.981,
            0.323,
            0.329,
            0.325,
            0.307
        ],
        [
            1.986,
            0.327,
            0.337,
            0.331,
            0.299
        ],
        [
            1.963,
            0.32,
            0.326,
            0.324,
            0.309
        ],
        [
            1.548,
            0.308,
            0.315,
            0.324,
            0.309
        ],
        [
            1.127,
            0.299,
            0.314,
            0.326,
            0.319
        ],
        [
            0.707,
            0.297,
            0.309,
            0.336,
            0.337
        ],
        [
            0.709,
            0.302,
            0.309,
            0.338,
            0.33
        ],
        [
            1.139,
            0.312,
            0.319,
            0.337,
            0.323
        ],
        [
            1.561,
            0.317,
            0.324,
            0.332,
            0.314
        ],
        [
            1.981,
            0.328,
            0.329,
            0.333,
            0.306
        ],
        [
            1.983,
            0.329,
            0.339,
            0.337,
            0.308
        ],
        [
            1.976,
            0.321,
            0.332,
            0.327,
            0.306
        ],
        [
            1.978,
            0.316,
            0.332,
            0.332,
            0.311
        ],
        [
            1.979,
            0.311,
            0.339,
            0.329,
            0.315
        ],
        [
            1.984,
            0.312,
            0.336,
            0.331,
            0.327
        ]
    ]
}