{
    "event_type": "flower_visit",
    "flower_id": "flower_1",
    "start_time": 1772090091.075516,
    "end_time": 1772090092.273928,
    "num_scans": 18,
    "angles": [
        131,
        132,
        133,
        134,
        135
    ],
    "distance_series": [
        [
            0.298,
            0.299,
            0.299,
            0.3,
            0.293
        ],
        [
            0.29,
            0.301,
            0.298,
            0.301,
            0.294
        ],
        [
            0.284,
            0.295,
            0.293,
            0.299,
            0.29
        ],
        [
            0.286,
            0.291,
            0.297,
            0.298,
            0.29
        ],
        [
            0.284,
            0.29,
            0.292,
            0.295,
            0.295
        ],
        [
            0.286,
            0.285,
            0.293,
            0.297,
            0.295
        ],
        [
            0.285,
            0.29,
            0.299,
            0.296,
            0.298
        ],
        [
            0.285,
            0.287,
            0.296,
            0.297,
            0.298
        ],
        [
            0.283,
            0.29,
            0.297,
            0.295,
            0.291
        ],
        [
            0.701,
            0.72,
            0.31,
            0.305,
            0.305
        ],
        [
            1.11,
            1.14,
            0.325,
            0.318,
            0.319
        ],
        [
            1.523,
            1.561,
            0.332,
            0.332,
            0.333
        ],
        [
            1.935,
            1.981,
            0.34,
            0.345,
            0.346
        ],
        [
            1.933,
            1.984,
            0.339,
            0.35,
            0.345
        ],
        [
            1.934,
            1.982,
            0.336,
            0.349,
            0.345
        ],
        [
            1.94,
            1.982,
            0.333,
            0.346,
            0.346
        ],
        [
            1.948,
            1.978,
            0.337,
            0.349,
            0.349
        ],
        [
            1.946,
            1.976,
            0.337,
            0.345,
            0.346
        ]
    ]
}