{
    "event_type": "flower_visit",
    "flower_id": "flower_1",
    "start_time": 1772089615.274427,
    "end_time": 1772089617.207995,
    "num_scans": 29,
    "angles": [
        131,
        132,
        133,
        134,
        135
    ],
    "distance_series": [
        [
            1.978,
            0.336,
            0.337,
            0.335,
            0.293
        ],
        [
            1.976,
            0.333,
            0.34,
            0.334,
            0.296
        ],
        [
            1.976,
            0.333,
            0.342,
            0.342,
            0.301
        ],
        [
            1.976,
            0.333,
            0.346,
            0.342,
            0.306
        ],
        [
            1.983,
            0.33,
            0.35,
            0.336,
            0.302
        ],
        [
            1.985,
            0.334,
            0.348,
            0.331,
            0.303
        ],
        [
            1.985,
            0.333,
            0.347,
            0.331,
            0.302
        ],
        [
            1.985,
            0.322,
            0.346,
            0.332,
            0.299
        ],
        [
            1.979,
            0.323,
            0.343,
            0.337,
            0.304
        ],
        [
            1.976,
            0.318,
            0.339,
            0.338,
            0.305
        ],
        [
            1.973,
            0.318,
            0.338,
            0.334,
            0.303
        ],
        [
            1.974,
            0.324,
            0.34,
            0.338,
            0.301
        ],
        [
            1.976,
            0.329,
            0.343,
            0.335,
            0.3
        ],
        [
            1.98,
            0.333,
            0.345,
            0.334,
            0.298
        ],
        [
            1.988,
            0.342,
            0.347,
            0.336,
            0.301
        ],
        [
            1.984,
            0.342,
            0.344,
            0.341,
            0.306
        ],
        [
            1.973,
            0.331,
            0.342,
            0.345,
            0.308
        ],
        [
            1.97,
            0.329,
            0.341,
            0.346,
            0.307
        ],
        [
            1.96,
            0.326,
            0.341,
            0.337,
            0.308
        ],
        [
            1.959,
            0.334,
            0.339,
            0.337,
            0.305
        ],
        [
            1.959,
            0.336,
            0.342,
            0.342,
            0.303
        ],
        [
            1.957,
            0.339,
            0.343,
            0.343,
            0.308
        ],
        [
            1.985,
            0.339,
            0.345,
            0.346,
            0.312
        ],
        [
            1.986,
            0.339,
            0.342,
            0.348,
            0.322
        ],
        [
            1.983,
            0.342,
            0.348,
            0.347,
            0.331
        ],
        [
            1.982,
            0.334,
            0.346,
            0.344,
            0.335
        ],
        [
            1.977,
            0.33,
            0.344,
            0.347,
            0.34
        ],
        [
            1.979,
            0.332,
            0.348,
            0.342,
            0.341
        ],
        [
            1.981,
            0.331,
            0.349,
            0.339,
            0.34
        ]
    ]
}