{
    "event_type": "flower_visit",
    "flower_id": "flower_1",
    "start_time": 1772090191.206018,
    "end_time": 1772090191.8725948,
    "num_scans": 10,
    "angles": [
        131,
        132,
        133,
        134,
        135
    ],
    "distance_series": [
        [
            1.942,
            1.117,
            0.302,
            0.292,
            0.293
        ],
        [
            1.938,
            1.562,
            0.315,
            0.303,
            0.301
        ],
        [
            1.935,
            1.975,
            0.325,
            0.318,
            0.309
        ],
        [
            1.933,
            2.004,
            0.332,
            0.331,
            0.317
        ],
        [
            1.934,
            1.973,
            0.337,
            0.34,
            0.324
        ],
        [
            1.937,
            1.97,
            0.339,
            0.342,
            0.328
        ],
        [
            1.949,
            1.971,
            0.34,
            0.344,
            0.326
        ],
        [
            1.952,
            1.97,
            0.338,
            0.338,
            0.321
        ],
        [
            1.95,
            1.981,
            0.33,
            0.329,
            0.314
        ],
        [
            1.946,
            2.005,
            0.317,
            0.317,
            0.306
        ]
    ]
}