{
    "event_type": "flower_visit",
    "flower_id": "flower_1",
    "start_time": 1772090114.8730829,
    "end_time": 1772090117.67369,
    "num_scans": 42,
    "angles": [
        131,
        132,
        133,
        134,
        135
    ],
    "distance_series": [
        [
            0.261,
            0.264,
            0.267,
            0.27,
            0.269
        ],
        [
            0.256,
            0.261,
            0.265,
            0.27,
            0.27
        ],
        [
            0.257,
            0.264,
            0.265,
            0.272,
            0.267
        ],
        [
            0.259,
            0.264,
            0.271,
            0.272,
            0.268
        ],
        [
            0.262,
            0.268,
            0.271,
            0.27,
            0.272
        ],
        [
            0.261,
            0.271,
            0.271,
            0.27,
            0.273
        ],
        [
            0.263,
            0.272,
            0.269,
            0.27,
            0.273
        ],
        [
            0.266,
            0.268,
            0.27,
            0.27,
            0.275
        ],
        [
            0.268,
            0.269,
            0.27,
            0.268,
            0.274
        ],
        [
            0.267,
            0.267,
            0.265,
            0.271,
            0.278
        ],
        [
            0.266,
            0.268,
            0.266,
            0.271,
            0.277
        ],
        [
            0.264,
            0.27,
            0.267,
            0.269,
            0.281
        ],
        [
            0.263,
            0.259,
            0.27,
            0.27,
            0.283
        ],
        [
            0.266,
            0.262,
            0.266,
            0.269,
            0.285
        ],
        [
            0.269,
            0.265,
            0.268,
            0.268,
            0.281
        ],
        [
            0.271,
            0.267,
            0.27,
            0.266,
            0.278
        ],
        [
            0.268,
            0.27,
            0.268,
            0.266,
            0.275
        ],
        [
            0.271,
            0.269,
            0.271,
            0.268,
            0.275
        ],
        [
            0.275,
            0.266,
            0.272,
            0.268,
            0.276
        ],
        [
            0.267,
            0.266,
            0.271,
            0.272,
            0.278
        ],
        [
            0.267,
            0.267,
            0.27,
            0.273,
            0.275
        ],
        [
            0.265,
            0.267,
            0.27,
            0.272,
            0.275
        ],
        [
            0.267,
            0.266,
            0.273,
            0.273,
            0.277
        ],
        [
            0.266,
            0.267,
            0.268,
            0.275,
            0.272
        ],
        [
            0.266,
            0.27,
            0.268,
            0.274,
            0.276
        ],
        [
            0.268,
            0.27,
            0.27,
            0.275,
            0.276
        ],
        [
            0.266,
            0.271,
            0.275,
            0.274,
            0.276
        ],
        [
            0.267,
            0.269,
            0.274,
            0.272,
            0.274
        ],
        [
            0.265,
            0.267,
            0.274,
            0.27,
            0.271
        ],
        [
            0.263,
            0.267,
            0.263,
            0.271,
            0.271
        ],
        [
            0.263,
            0.269,
            0.264,
            0.27,
            0.27
        ],
        [
            0.265,
            0.276,
            0.272,
            0.278,
            0.272
        ],
        [
            0.273,
            0.287,
            0.278,
            0.282,
            0.28
        ],
        [
            0.694,
            0.716,
            0.296,
            0.301,
            0.299
        ],
        [
            1.113,
            1.142,
            0.311,
            0.317,
            0.319
        ],
        [
            1.535,
            1.565,
            0.322,
            0.332,
            0.337
        ],
        [
            1.943,
            1.984,
            0.332,
            0.345,
            0.346
        ],
        [
            1.945,
            1.983,
            0.332,
            0.342,
            0.345
        ],
        [
            1.945,
            1.983,
            0.333,
            0.344,
            0.345
        ],
        [
            1.943,
            1.982,
            0.336,
            0.346,
            0.346
        ],
        [
            1.945,
            1.978,
            0.334,
            0.353,
            0.347
        ],
        [
            1.944,
            1.979,
            0.336,
            0.353,
            0.342
        ]
    ]
}