{
    "event_type": "flower_visit",
    "flower_id": "flower_1",
    "start_time": 1772089818.405855,
    "end_time": 1772089819.206379,
    "num_scans": 12,
    "angles": [
        131,
        132,
        133,
        134,
        135
    ],
    "distance_series": [
        [
            1.984,
            0.331,
            0.336,
            0.328,
            0.31
        ],
        [
            1.984,
            0.331,
            0.33,
            0.329,
            0.31
        ],
        [
            1.984,
            0.334,
            0.328,
            0.328,
            0.308
        ],
        [
            1.969,
            0.336,
            0.331,
            0.326,
            0.305
        ],
        [
            1.97,
            0.335,
            0.334,
            0.328,
            0.307
        ],
        [
            1.973,
            0.333,
            0.338,
            0.333,
            0.306
        ],
        [
            1.973,
            0.335,
            0.341,
            0.33,
            0.31
        ],
        [
            1.985,
            0.334,
            0.345,
            0.333,
            0.308
        ],
        [
            1.985,
            0.328,
            0.345,
            0.332,
            0.307
        ],
        [
            1.98,
            0.328,
            0.347,
            0.332,
            0.306
        ],
        [
            1.982,
            0.325,
            0.342,
            0.331,
            0.306
        ],
        [
            1.98,
            0.317,
            0.337,
            0.326,
            0.306
        ]
    ]
}