{
    "event_type": "flower_visit",
    "flower_id": "flower_1",
    "start_time": 1772089927.40474,
    "end_time": 1772089930.0043368,
    "num_scans": 39,
    "angles": [
        131,
        132,
        133,
        134,
        135
    ],
    "distance_series": [
        [
            0.68,
            0.287,
            0.29,
            0.319,
            0.316
        ],
        [
            0.276,
            0.288,
            0.292,
            0.326,
            0.331
        ],
        [
            0.278,
            0.291,
            0.297,
            0.334,
            0.338
        ],
        [
            0.286,
            0.29,
            0.294,
            0.327,
            0.33
        ],
        [
            0.687,
            0.289,
            0.294,
            0.315,
            0.315
        ],
        [
            1.109,
            0.291,
            0.295,
            0.308,
            0.306
        ],
        [
            1.538,
            0.291,
            0.293,
            0.304,
            0.292
        ],
        [
            1.538,
            0.292,
            0.295,
            0.304,
            0.296
        ],
        [
            1.118,
            0.291,
            0.301,
            0.312,
            0.309
        ],
        [
            0.696,
            0.29,
            0.307,
            0.321,
            0.32
        ],
        [
            0.278,
            0.29,
            0.31,
            0.327,
            0.335
        ],
        [
            0.285,
            0.293,
            0.305,
            0.326,
            0.333
        ],
        [
            0.714,
            0.298,
            0.302,
            0.314,
            0.322
        ],
        [
            1.143,
            0.295,
            0.303,
            0.307,
            0.309
        ],
        [
            1.569,
            0.298,
            0.31,
            0.301,
            0.297
        ],
        [
            1.949,
            0.298,
            0.312,
            0.299,
            0.294
        ],
        [
            1.511,
            0.289,
            0.314,
            0.3,
            0.299
        ],
        [
            1.097,
            0.286,
            0.308,
            0.304,
            0.309
        ],
        [
            0.68,
            0.282,
            0.306,
            0.311,
            0.324
        ],
        [
            0.273,
            0.288,
            0.307,
            0.322,
            0.333
        ],
        [
            0.706,
            0.288,
            0.309,
            0.324,
            0.329
        ],
        [
            1.131,
            0.296,
            0.31,
            0.318,
            0.32
        ],
        [
            1.546,
            0.316,
            0.313,
            0.316,
            0.306
        ],
        [
            1.967,
            0.328,
            0.317,
            0.314,
            0.3
        ],
        [
            1.983,
            0.343,
            0.322,
            0.311,
            0.3
        ],
        [
            1.959,
            0.33,
            0.316,
            0.309,
            0.298
        ],
        [
            1.532,
            0.287,
            0.302,
            0.303,
            0.301
        ],
        [
            1.108,
            0.279,
            0.294,
            0.3,
            0.307
        ],
        [
            0.698,
            0.278,
            0.293,
            0.304,
            0.306
        ],
        [
            0.854,
            0.288,
            0.303,
            0.317,
            0.311
        ],
        [
            1.426,
            0.304,
            0.315,
            0.329,
            0.322
        ],
        [
            1.96,
            0.317,
            0.326,
            0.334,
            0.33
        ],
        [
            1.979,
            0.33,
            0.342,
            0.345,
            0.333
        ],
        [
            1.98,
            0.331,
            0.343,
            0.342,
            0.336
        ],
        [
            1.976,
            0.33,
            0.343,
            0.34,
            0.333
        ],
        [
            1.981,
            0.326,
            0.343,
            0.344,
            0.332
        ],
        [
            1.982,
            0.321,
            0.345,
            0.341,
            0.335
        ],
        [
            1.976,
            0.324,
            0.341,
            0.342,
            0.333
        ],
        [
            1.978,
            0.328,
            0.337,
            0.345,
            0.336
        ]
    ]
}