{
    "event_type": "flower_visit",
    "flower_id": "flower_1",
    "start_time": 1772089707.8074298,
    "end_time": 1772089708.740866,
    "num_scans": 14,
    "angles": [
        131,
        132,
        133,
        134,
        135
    ],
    "distance_series": [
        [
            1.978,
            0.338,
            0.322,
            0.31,
            0.296
        ],
        [
            1.984,
            0.315,
            0.331,
            0.305,
            0.297
        ],
        [
            1.984,
            0.321,
            0.337,
            0.309,
            0.298
        ],
        [
            1.987,
            0.322,
            0.333,
            0.309,
            0.298
        ],
        [
            1.98,
            0.319,
            0.338,
            0.311,
            0.297
        ],
        [
            1.971,
            0.332,
            0.34,
            0.318,
            0.298
        ],
        [
            1.972,
            0.332,
            0.336,
            0.327,
            0.308
        ],
        [
            1.971,
            0.335,
            0.342,
            0.334,
            0.317
        ],
        [
            1.97,
            0.338,
            0.337,
            0.337,
            0.327
        ],
        [
            1.968,
            0.322,
            0.336,
            0.343,
            0.336
        ],
        [
            1.97,
            0.328,
            0.336,
            0.342,
            0.339
        ],
        [
            1.972,
            0.33,
            0.336,
            0.343,
            0.338
        ],
        [
            1.975,
            0.327,
            0.342,
            0.344,
            0.341
        ],
        [
            1.984,
            0.325,
            0.341,
            0.343,
            0.339
        ]
    ]
}