{
    "event_type": "flower_visit",
    "flower_id": "flower_1",
    "start_time": 1772090129.873363,
    "end_time": 1772090131.73906,
    "num_scans": 28,
    "angles": [
        131,
        132,
        133,
        134,
        135
    ],
    "distance_series": [
        [
            0.233,
            0.239,
            0.247,
            0.242,
            0.246
        ],
        [
            0.239,
            0.235,
            0.247,
            0.241,
            0.245
        ],
        [
            0.239,
            0.228,
            0.242,
            0.242,
            0.246
        ],
        [
            0.237,
            0.226,
            0.243,
            0.24,
            0.242
        ],
        [
            0.24,
            0.231,
            0.24,
            0.242,
            0.238
        ],
        [
            0.235,
            0.236,
            0.238,
            0.245,
            0.238
        ],
        [
            0.233,
            0.238,
            0.239,
            0.241,
            0.24
        ],
        [
            0.233,
            0.237,
            0.242,
            0.238,
            0.243
        ],
        [
            0.236,
            0.232,
            0.236,
            0.236,
            0.244
        ],
        [
            0.234,
            0.232,
            0.238,
            0.24,
            0.243
        ],
        [
            0.237,
            0.234,
            0.239,
            0.241,
            0.242
        ],
        [
            0.239,
            0.235,
            0.241,
            0.234,
            0.24
        ],
        [
            0.238,
            0.238,
            0.243,
            0.238,
            0.243
        ],
        [
            0.236,
            0.235,
            0.245,
            0.235,
            0.243
        ],
        [
            0.233,
            0.236,
            0.242,
            0.235,
            0.245
        ],
        [
            0.237,
            0.24,
            0.241,
            0.239,
            0.243
        ],
        [
            0.237,
            0.242,
            0.239,
            0.24,
            0.243
        ],
        [
            0.246,
            0.252,
            0.249,
            0.249,
            0.258
        ],
        [
            0.675,
            0.68,
            0.28,
            0.276,
            0.285
        ],
        [
            1.1,
            1.113,
            0.299,
            0.303,
            0.31
        ],
        [
            1.527,
            1.547,
            0.325,
            0.325,
            0.337
        ],
        [
            1.946,
            1.984,
            0.34,
            0.345,
            0.35
        ],
        [
            1.947,
            1.988,
            0.34,
            0.339,
            0.345
        ],
        [
            1.944,
            1.986,
            0.335,
            0.341,
            0.34
        ],
        [
            1.946,
            1.986,
            0.331,
            0.333,
            0.338
        ],
        [
            1.943,
            1.983,
            0.328,
            0.337,
            0.342
        ],
        [
            1.947,
            1.979,
            0.327,
            0.339,
            0.342
        ],
        [
            1.949,
            1.983,
            0.329,
            0.335,
            0.344
        ]
    ]
}