{
    "event_type": "flower_visit",
    "flower_id": "flower_1",
    "start_time": 1772089967.937097,
    "end_time": 1772089969.87108,
    "num_scans": 29,
    "angles": [
        131,
        132,
        133,
        134,
        135
    ],
    "distance_series": [
        [
            1.976,
            0.313,
            0.344,
            0.333,
            0.311
        ],
        [
            1.979,
            0.318,
            0.346,
            0.329,
            0.308
        ],
        [
            1.975,
            0.328,
            0.343,
            0.336,
            0.307
        ],
        [
            1.969,
            0.323,
            0.342,
            0.333,
            0.302
        ],
        [
            1.974,
            0.318,
            0.344,
            0.332,
            0.296
        ],
        [
            1.972,
            0.32,
            0.342,
            0.336,
            0.298
        ],
        [
            1.979,
            0.32,
            0.34,
            0.343,
            0.298
        ],
        [
            1.977,
            0.322,
            0.341,
            0.342,
            0.301
        ],
        [
            1.976,
            0.337,
            0.34,
            0.341,
            0.304
        ],
        [
            1.978,
            0.333,
            0.34,
            0.341,
            0.307
        ],
        [
            1.975,
            0.326,
            0.337,
            0.342,
            0.303
        ],
        [
            1.98,
            0.334,
            0.338,
            0.342,
            0.302
        ],
        [
            1.98,
            0.332,
            0.338,
            0.34,
            0.307
        ],
        [
            1.978,
            0.335,
            0.339,
            0.337,
            0.307
        ],
        [
            1.978,
            0.335,
            0.342,
            0.331,
            0.311
        ],
        [
            1.983,
            0.323,
            0.335,
            0.334,
            0.315
        ],
        [
            1.985,
            0.32,
            0.337,
            0.34,
            0.311
        ],
        [
            1.993,
            0.322,
            0.335,
            0.335,
            0.311
        ],
        [
            1.991,
            0.325,
            0.34,
            0.333,
            0.309
        ],
        [
            1.983,
            0.335,
            0.341,
            0.339,
            0.302
        ],
        [
            1.978,
            0.331,
            0.337,
            0.342,
            0.304
        ],
        [
            1.973,
            0.325,
            0.342,
            0.342,
            0.311
        ],
        [
            1.978,
            0.327,
            0.344,
            0.342,
            0.319
        ],
        [
            1.978,
            0.329,
            0.345,
            0.343,
            0.329
        ],
        [
            1.974,
            0.333,
            0.351,
            0.347,
            0.333
        ],
        [
            1.975,
            0.337,
            0.346,
            0.351,
            0.335
        ],
        [
            1.973,
            0.337,
            0.343,
            0.354,
            0.335
        ],
        [
            1.978,
            0.338,
            0.344,
            0.352,
            0.335
        ],
        [
            1.984,
            0.332,
            0.343,
            0.349,
            0.336
        ]
    ]
}