{
    "event_type": "flower_visit",
    "flower_id": "flower_1",
    "start_time": 1772089388.0784059,
    "end_time": 1772089391.0784152,
    "num_scans": 45,
    "angles": [
        131,
        132,
        133,
        134,
        135
    ],
    "distance_series": [
        [
            0.298,
            0.297,
            0.296,
            0.291,
            0.294
        ],
        [
            0.291,
            0.295,
            0.294,
            0.289,
            0.291
        ],
        [
            0.292,
            0.299,
            0.296,
            0.292,
            0.291
        ],
        [
            0.286,
            0.301,
            0.3,
            0.288,
            0.287
        ],
        [
            0.287,
            0.297,
            0.3,
            0.294,
            0.286
        ],
        [
            0.288,
            0.299,
            0.302,
            0.296,
            0.283
        ],
        [
            0.289,
            0.296,
            0.297,
            0.299,
            0.287
        ],
        [
            0.295,
            0.293,
            0.295,
            0.298,
            0.296
        ],
        [
            0.295,
            0.301,
            0.299,
            0.291,
            0.299
        ],
        [
            0.297,
            0.301,
            0.295,
            0.299,
            0.297
        ],
        [
            0.298,
            0.3,
            0.297,
            0.297,
            0.299
        ],
        [
            0.298,
            0.302,
            0.297,
            0.288,
            0.297
        ],
        [
            0.305,
            0.302,
            0.296,
            0.285,
            0.295
        ],
        [
            0.302,
            0.302,
            0.302,
            0.289,
            0.293
        ],
        [
            0.304,
            0.298,
            0.307,
            0.292,
            0.297
        ],
        [
            0.303,
            0.307,
            0.309,
            0.295,
            0.299
        ],
        [
            0.3,
            0.311,
            0.308,
            0.306,
            0.303
        ],
        [
            0.3,
            0.314,
            0.309,
            0.306,
            0.307
        ],
        [
            0.304,
            0.315,
            0.312,
            0.308,
            0.306
        ],
        [
            0.308,
            0.315,
            0.314,
            0.311,
            0.307
        ],
        [
            0.31,
            0.318,
            0.314,
            0.309,
            0.305
        ],
        [
            0.314,
            0.319,
            0.313,
            0.307,
            0.3
        ],
        [
            0.312,
            0.312,
            0.312,
            0.304,
            0.305
        ],
        [
            0.317,
            0.312,
            0.311,
            0.304,
            0.305
        ],
        [
            0.31,
            0.311,
            0.309,
            0.305,
            0.311
        ],
        [
            0.308,
            0.312,
            0.31,
            0.311,
            0.306
        ],
        [
            0.305,
            0.314,
            0.307,
            0.306,
            0.305
        ],
        [
            0.3,
            0.314,
            0.308,
            0.296,
            0.307
        ],
        [
            0.297,
            0.311,
            0.306,
            0.304,
            0.306
        ],
        [
            0.298,
            0.307,
            0.304,
            0.303,
            0.305
        ],
        [
            0.304,
            0.312,
            0.304,
            0.306,
            0.311
        ],
        [
            0.308,
            0.312,
            0.305,
            0.308,
            0.309
        ],
        [
            0.313,
            0.315,
            0.306,
            0.305,
            0.309
        ],
        [
            0.312,
            0.315,
            0.308,
            0.305,
            0.307
        ],
        [
            0.309,
            0.311,
            0.308,
            0.304,
            0.304
        ],
        [
            0.304,
            0.311,
            0.307,
            0.299,
            0.301
        ],
        [
            0.72,
            0.301,
            0.317,
            0.312,
            0.303
        ],
        [
            1.132,
            0.307,
            0.327,
            0.323,
            0.311
        ],
        [
            1.55,
            0.314,
            0.336,
            0.33,
            0.317
        ],
        [
            1.969,
            0.321,
            0.347,
            0.339,
            0.327
        ],
        [
            1.971,
            0.324,
            0.347,
            0.341,
            0.333
        ],
        [
            1.977,
            0.328,
            0.345,
            0.347,
            0.333
        ],
        [
            1.981,
            0.333,
            0.343,
            0.347,
            0.337
        ],
        [
            1.986,
            0.331,
            0.338,
            0.343,
            0.338
        ],
        [
            1.983,
            0.329,
            0.342,
            0.345,
            0.341
        ]
    ]
}