{
    "event_type": "flower_visit",
    "flower_id": "flower_1",
    "start_time": 1772089955.604112,
    "end_time": 1772089958.404331,
    "num_scans": 42,
    "angles": [
        131,
        132,
        133,
        134,
        135
    ],
    "distance_series": [
        [
            1.965,
            0.301,
            0.301,
            0.305,
            0.301
        ],
        [
            1.967,
            0.294,
            0.301,
            0.302,
            0.304
        ],
        [
            1.97,
            0.286,
            0.301,
            0.304,
            0.309
        ],
        [
            1.965,
            0.288,
            0.301,
            0.306,
            0.311
        ],
        [
            1.962,
            0.288,
            0.298,
            0.304,
            0.309
        ],
        [
            1.955,
            0.293,
            0.292,
            0.303,
            0.309
        ],
        [
            1.951,
            0.307,
            0.298,
            0.307,
            0.305
        ],
        [
            1.951,
            0.314,
            0.303,
            0.309,
            0.301
        ],
        [
            1.96,
            0.318,
            0.305,
            0.306,
            0.303
        ],
        [
            1.96,
            0.312,
            0.306,
            0.312,
            0.308
        ],
        [
            1.959,
            0.302,
            0.303,
            0.313,
            0.31
        ],
        [
            1.961,
            0.294,
            0.303,
            0.313,
            0.316
        ],
        [
            1.957,
            0.295,
            0.304,
            0.316,
            0.317
        ],
        [
            1.954,
            0.304,
            0.304,
            0.31,
            0.312
        ],
        [
            1.956,
            0.31,
            0.31,
            0.313,
            0.306
        ],
        [
            1.974,
            0.322,
            0.313,
            0.312,
            0.299
        ],
        [
            1.983,
            0.325,
            0.313,
            0.311,
            0.301
        ],
        [
            1.957,
            0.317,
            0.311,
            0.31,
            0.304
        ],
        [
            1.566,
            0.314,
            0.308,
            0.313,
            0.31
        ],
        [
            1.141,
            0.3,
            0.301,
            0.315,
            0.316
        ],
        [
            0.706,
            0.297,
            0.301,
            0.313,
            0.319
        ],
        [
            0.71,
            0.307,
            0.301,
            0.313,
            0.315
        ],
        [
            1.138,
            0.312,
            0.31,
            0.311,
            0.308
        ],
        [
            1.57,
            0.319,
            0.321,
            0.309,
            0.304
        ],
        [
            1.977,
            0.332,
            0.327,
            0.32,
            0.3
        ],
        [
            1.974,
            0.33,
            0.326,
            0.322,
            0.299
        ],
        [
            1.958,
            0.323,
            0.316,
            0.314,
            0.3
        ],
        [
            1.533,
            0.315,
            0.302,
            0.311,
            0.306
        ],
        [
            1.533,
            0.294,
            0.297,
            0.304,
            0.31
        ],
        [
            1.539,
            0.294,
            0.302,
            0.302,
            0.31
        ],
        [
            1.533,
            0.301,
            0.304,
            0.306,
            0.307
        ],
        [
            1.957,
            0.305,
            0.309,
            0.31,
            0.301
        ],
        [
            1.974,
            0.317,
            0.319,
            0.317,
            0.301
        ],
        [
            1.973,
            0.326,
            0.329,
            0.327,
            0.301
        ],
        [
            1.977,
            0.328,
            0.333,
            0.337,
            0.313
        ],
        [
            1.974,
            0.332,
            0.337,
            0.343,
            0.323
        ],
        [
            1.978,
            0.332,
            0.346,
            0.347,
            0.331
        ],
        [
            1.98,
            0.329,
            0.344,
            0.35,
            0.339
        ],
        [
            1.985,
            0.329,
            0.352,
            0.346,
            0.34
        ],
        [
            1.986,
            0.33,
            0.358,
            0.345,
            0.34
        ],
        [
            1.984,
            0.329,
            0.349,
            0.344,
            0.343
        ],
        [
            1.985,
            0.325,
            0.348,
            0.342,
            0.345
        ]
    ]
}