{
    "event_type": "flower_visit",
    "flower_id": "flower_1",
    "start_time": 1772089695.3404129,
    "end_time": 1772089696.607876,
    "num_scans": 19,
    "angles": [
        131,
        132,
        133,
        134,
        135
    ],
    "distance_series": [
        [
            0.714,
            0.291,
            0.327,
            0.332,
            0.331
        ],
        [
            1.136,
            0.298,
            0.329,
            0.33,
            0.325
        ],
        [
            1.567,
            0.314,
            0.331,
            0.334,
            0.323
        ],
        [
            1.976,
            0.328,
            0.34,
            0.344,
            0.321
        ],
        [
            1.978,
            0.341,
            0.342,
            0.353,
            0.33
        ],
        [
            1.972,
            0.34,
            0.345,
            0.349,
            0.331
        ],
        [
            1.973,
            0.328,
            0.345,
            0.349,
            0.328
        ],
        [
            1.552,
            0.317,
            0.337,
            0.347,
            0.327
        ],
        [
            1.127,
            0.305,
            0.329,
            0.339,
            0.327
        ],
        [
            0.707,
            0.297,
            0.319,
            0.336,
            0.333
        ],
        [
            0.688,
            0.303,
            0.319,
            0.331,
            0.334
        ],
        [
            1.109,
            0.312,
            0.328,
            0.33,
            0.328
        ],
        [
            1.526,
            0.325,
            0.33,
            0.336,
            0.329
        ],
        [
            1.956,
            0.333,
            0.335,
            0.341,
            0.328
        ],
        [
            1.978,
            0.332,
            0.344,
            0.342,
            0.332
        ],
        [
            1.976,
            0.332,
            0.344,
            0.344,
            0.33
        ],
        [
            1.974,
            0.323,
            0.342,
            0.342,
            0.318
        ],
        [
            1.963,
            0.312,
            0.332,
            0.332,
            0.31
        ],
        [
            1.963,
            0.311,
            0.333,
            0.335,
            0.312
        ]
    ]
}