{
    "event_type": "flower_visit",
    "flower_id": "flower_1",
    "start_time": 1772089750.740305,
    "end_time": 1772089752.806908,
    "num_scans": 31,
    "angles": [
        131,
        132,
        133,
        134,
        135
    ],
    "distance_series": [
        [
            1.97,
            0.337,
            0.311,
            0.296,
            0.286
        ],
        [
            1.977,
            0.324,
            0.298,
            0.287,
            0.297
        ],
        [
            1.98,
            0.319,
            0.29,
            0.283,
            0.308
        ],
        [
            1.978,
            0.31,
            0.283,
            0.282,
            0.312
        ],
        [
            1.981,
            0.316,
            0.287,
            0.281,
            0.311
        ],
        [
            1.977,
            0.313,
            0.293,
            0.283,
            0.302
        ],
        [
            1.969,
            0.332,
            0.302,
            0.289,
            0.296
        ],
        [
            1.975,
            0.337,
            0.311,
            0.296,
            0.288
        ],
        [
            1.97,
            0.339,
            0.315,
            0.296,
            0.288
        ],
        [
            1.971,
            0.337,
            0.312,
            0.295,
            0.29
        ],
        [
            1.978,
            0.338,
            0.307,
            0.291,
            0.293
        ],
        [
            1.975,
            0.33,
            0.297,
            0.285,
            0.298
        ],
        [
            1.977,
            0.323,
            0.292,
            0.287,
            0.299
        ],
        [
            1.981,
            0.323,
            0.289,
            0.285,
            0.301
        ],
        [
            1.981,
            0.322,
            0.294,
            0.285,
            0.3
        ],
        [
            1.982,
            0.331,
            0.299,
            0.289,
            0.297
        ],
        [
            1.987,
            0.336,
            0.306,
            0.293,
            0.295
        ],
        [
            1.978,
            0.342,
            0.318,
            0.3,
            0.293
        ],
        [
            1.977,
            0.339,
            0.32,
            0.303,
            0.293
        ],
        [
            1.984,
            0.34,
            0.323,
            0.299,
            0.293
        ],
        [
            1.984,
            0.339,
            0.315,
            0.297,
            0.295
        ],
        [
            1.986,
            0.332,
            0.308,
            0.292,
            0.298
        ],
        [
            1.989,
            0.333,
            0.312,
            0.302,
            0.309
        ],
        [
            1.984,
            0.329,
            0.321,
            0.314,
            0.322
        ],
        [
            1.982,
            0.333,
            0.333,
            0.329,
            0.334
        ],
        [
            1.981,
            0.324,
            0.343,
            0.345,
            0.338
        ],
        [
            1.972,
            0.326,
            0.344,
            0.34,
            0.339
        ],
        [
            1.972,
            0.334,
            0.34,
            0.343,
            0.341
        ],
        [
            1.968,
            0.335,
            0.337,
            0.343,
            0.338
        ],
        [
            1.97,
            0.339,
            0.34,
            0.346,
            0.34
        ],
        [
            1.974,
            0.334,
            0.341,
            0.347,
            0.343
        ]
    ]
}