{
    "event_type": "flower_visit",
    "flower_id": "flower_1",
    "start_time": 1772090224.87176,
    "end_time": 1772090226.205235,
    "num_scans": 20,
    "angles": [
        131,
        132,
        133,
        134,
        135
    ],
    "distance_series": [
        [
            1.958,
            1.988,
            0.309,
            0.303,
            0.305
        ],
        [
            1.957,
            1.575,
            0.299,
            0.302,
            0.303
        ],
        [
            1.947,
            1.15,
            0.291,
            0.297,
            0.297
        ],
        [
            1.947,
            0.72,
            0.285,
            0.298,
            0.295
        ],
        [
            1.941,
            0.286,
            0.288,
            0.292,
            0.294
        ],
        [
            1.939,
            0.282,
            0.286,
            0.289,
            0.292
        ],
        [
            1.943,
            0.698,
            0.284,
            0.293,
            0.294
        ],
        [
            1.944,
            1.123,
            0.288,
            0.292,
            0.296
        ],
        [
            1.946,
            1.558,
            0.293,
            0.296,
            0.296
        ],
        [
            1.945,
            1.996,
            0.304,
            0.305,
            0.298
        ],
        [
            1.936,
            1.993,
            0.315,
            0.312,
            0.299
        ],
        [
            1.931,
            1.991,
            0.317,
            0.316,
            0.304
        ],
        [
            1.93,
            1.994,
            0.32,
            0.322,
            0.31
        ],
        [
            1.931,
            1.985,
            0.323,
            0.331,
            0.322
        ],
        [
            1.942,
            1.985,
            0.325,
            0.335,
            0.333
        ],
        [
            1.947,
            1.982,
            0.336,
            0.35,
            0.346
        ],
        [
            1.951,
            1.981,
            0.336,
            0.353,
            0.345
        ],
        [
            1.954,
            1.987,
            0.339,
            0.352,
            0.343
        ],
        [
            1.954,
            1.986,
            0.337,
            0.345,
            0.347
        ],
        [
            1.953,
            1.987,
            0.338,
            0.345,
            0.346
        ]
    ]
}