{
    "event_type": "flower_visit",
    "flower_id": "flower_1",
    "start_time": 1772090198.4055161,
    "end_time": 1772090200.804957,
    "num_scans": 36,
    "angles": [
        131,
        132,
        133,
        134,
        135
    ],
    "distance_series": [
        [
            1.945,
            1.979,
            0.313,
            0.309,
            0.3
        ],
        [
            1.949,
            1.978,
            0.32,
            0.315,
            0.302
        ],
        [
            1.95,
            1.978,
            0.315,
            0.313,
            0.304
        ],
        [
            1.954,
            1.98,
            0.311,
            0.309,
            0.304
        ],
        [
            1.954,
            1.57,
            0.309,
            0.306,
            0.305
        ],
        [
            1.952,
            1.125,
            0.3,
            0.302,
            0.304
        ],
        [
            1.951,
            0.695,
            0.295,
            0.305,
            0.299
        ],
        [
            1.949,
            0.695,
            0.292,
            0.304,
            0.301
        ],
        [
            1.947,
            1.137,
            0.292,
            0.3,
            0.297
        ],
        [
            1.952,
            1.585,
            0.3,
            0.3,
            0.295
        ],
        [
            1.951,
            1.986,
            0.305,
            0.303,
            0.304
        ],
        [
            1.944,
            1.989,
            0.318,
            0.307,
            0.311
        ],
        [
            1.946,
            1.991,
            0.321,
            0.316,
            0.311
        ],
        [
            1.938,
            1.991,
            0.321,
            0.32,
            0.315
        ],
        [
            1.937,
            1.986,
            0.321,
            0.316,
            0.316
        ],
        [
            1.945,
            1.982,
            0.319,
            0.308,
            0.309
        ],
        [
            1.945,
            1.983,
            0.311,
            0.302,
            0.302
        ],
        [
            1.948,
            1.558,
            0.304,
            0.298,
            0.296
        ],
        [
            1.947,
            1.128,
            0.298,
            0.293,
            0.293
        ],
        [
            1.945,
            0.689,
            0.294,
            0.29,
            0.292
        ],
        [
            1.94,
            0.278,
            0.292,
            0.29,
            0.293
        ],
        [
            1.944,
            0.688,
            0.293,
            0.29,
            0.293
        ],
        [
            1.95,
            1.123,
            0.296,
            0.296,
            0.297
        ],
        [
            1.944,
            1.565,
            0.306,
            0.3,
            0.299
        ],
        [
            1.949,
            1.978,
            0.313,
            0.307,
            0.303
        ],
        [
            1.946,
            1.982,
            0.313,
            0.31,
            0.305
        ],
        [
            1.949,
            2.016,
            0.316,
            0.312,
            0.304
        ],
        [
            1.948,
            1.984,
            0.312,
            0.313,
            0.304
        ],
        [
            1.954,
            1.986,
            0.311,
            0.31,
            0.31
        ],
        [
            1.952,
            1.553,
            0.313,
            0.32,
            0.323
        ],
        [
            1.95,
            1.554,
            0.315,
            0.329,
            0.332
        ],
        [
            1.958,
            1.556,
            0.324,
            0.337,
            0.344
        ],
        [
            1.956,
            1.561,
            0.329,
            0.343,
            0.345
        ],
        [
            1.96,
            1.991,
            0.334,
            0.345,
            0.344
        ],
        [
            1.959,
            1.993,
            0.339,
            0.342,
            0.341
        ],
        [
            1.953,
            1.983,
            0.341,
            0.342,
            0.344
        ]
    ]
}