{
    "event_type": "flower_visit",
    "event_id": "flower_1_20260410220041810463",
    "flower_id": "flower_1",
    "background_dist": 0.35,
    "start_time": 1775876439.47664,
    "end_time": 1775876441.810327,
    "num_scans": 35,
    "angles": [
        125,
        126,
        127,
        128,
        129,
        130,
        131,
        132
    ],
    "distance_series": [
        [
            0.311,
            0.305,
            0.311,
            0.329,
            0.332,
            0.333,
            0.335,
            0.338
        ],
        [
            0.312,
            0.308,
            0.312,
            0.322,
            0.332,
            0.33,
            0.337,
            0.335
        ],
        [
            0.323,
            0.313,
            0.302,
            0.312,
            0.328,
            0.331,
            0.339,
            0.336
        ],
        [
            0.321,
            0.31,
            0.301,
            0.315,
            0.331,
            0.334,
            0.337,
            0.34
        ],
        [
            0.319,
            0.309,
            0.305,
            0.313,
            0.331,
            0.333,
            0.338,
            0.337
        ],
        [
            0.311,
            0.305,
            0.314,
            0.324,
            0.329,
            0.333,
            0.339,
            0.34
        ],
        [
            0.31,
            0.304,
            0.313,
            0.329,
            0.335,
            0.335,
            0.338,
            0.343
        ],
        [
            0.32,
            0.305,
            0.305,
            0.319,
            0.331,
            0.334,
            0.342,
            0.339
        ],
        [
            0.322,
            0.302,
            0.298,
            0.324,
            0.333,
            0.335,
            0.339,
            0.342
        ],
        [
            0.32,
            0.301,
            0.305,
            0.329,
            0.336,
            0.336,
            0.337,
            0.343
        ],
        [
            0.31,
            0.3,
            0.316,
            0.331,
            0.335,
            0.335,
            0.337,
            0.343
        ],
        [
            0.305,
            0.299,
            0.317,
            0.337,
            0.338,
            0.334,
            0.341,
            0.342
        ],
        [
            0.317,
            0.303,
            0.317,
            0.331,
            0.336,
            0.336,
            0.341,
            0.339
        ],
        [
            0.326,
            0.304,
            0.305,
            0.326,
            0.341,
            0.334,
            0.34,
            0.34
        ],
        [
            0.325,
            0.309,
            0.3,
            0.326,
            0.337,
            0.33,
            0.34,
            0.342
        ],
        [
            0.319,
            0.317,
            0.311,
            0.326,
            0.337,
            0.332,
            0.339,
            0.339
        ],
        [
            0.312,
            0.316,
            0.316,
            0.328,
            0.332,
            0.332,
            0.338,
            0.34
        ],
        [
            0.313,
            0.317,
            0.318,
            0.329,
            0.329,
            0.338,
            0.341,
            0.339
        ],
        [
            0.321,
            0.316,
            0.31,
            0.329,
            0.327,
            0.338,
            0.341,
            0.34
        ],
        [
            0.319,
            0.311,
            0.309,
            0.331,
            0.329,
            0.339,
            0.339,
            0.341
        ],
        [
            0.319,
            0.31,
            0.313,
            0.335,
            0.332,
            0.341,
            0.342,
            0.338
        ],
        [
            0.312,
            0.308,
            0.32,
            0.333,
            0.333,
            0.337,
            0.342,
            0.341
        ],
        [
            0.309,
            0.31,
            0.326,
            0.331,
            0.338,
            0.34,
            0.34,
            0.339
        ],
        [
            0.312,
            0.306,
            0.317,
            0.327,
            0.333,
            0.339,
            0.34,
            0.339
        ],
        [
            0.31,
            0.303,
            0.309,
            0.328,
            0.338,
            0.335,
            0.336,
            0.341
        ],
        [
            0.308,
            0.303,
            0.307,
            0.328,
            0.34,
            0.34,
            0.337,
            0.34
        ],
        [
            0.313,
            0.31,
            0.318,
            0.327,
            0.34,
            0.34,
            0.335,
            0.34
        ],
        [
            0.318,
            0.325,
            0.324,
            0.333,
            0.339,
            0.338,
            0.333,
            0.343
        ],
        [
            0.319,
            0.335,
            0.331,
            0.334,
            0.34,
            0.339,
            0.342,
            0.343
        ],
        [
            0.319,
            0.335,
            0.336,
            0.334,
            0.337,
            0.339,
            0.337,
            0.343
        ],
        [
            0.315,
            0.328,
            0.332,
            0.336,
            0.339,
            0.342,
            0.336,
            0.34
        ],
        [
            0.315,
            0.329,
            0.332,
            0.333,
            0.337,
            0.338,
            0.342,
            0.337
        ],
        [
            0.321,
            0.33,
            0.336,
            0.336,
            0.335,
            0.336,
            0.337,
            0.34
        ],
        [
            0.33,
            0.333,
            0.331,
            0.334,
            0.333,
            0.332,
            0.34,
            0.341
        ],
        [
            0.338,
            0.342,
            0.332,
            0.339,
            0.339,
            0.333,
            0.339,
            0.344
        ]
    ],
    "timestamp": "2026-04-10T22:00:41.810563",
    "label": null
}