{
    "event_type": "flower_visit",
    "event_id": "flower_1_20260410204545454816",
    "flower_id": "flower_1",
    "background_dist": 0.34,
    "start_time": 1775871942.9876502,
    "end_time": 1775871945.454676,
    "num_scans": 37,
    "angles": [
        124,
        125,
        126,
        127,
        128,
        129,
        130,
        131,
        132
    ],
    "distance_series": [
        [
            0.369,
            0.344,
            0.337,
            0.333,
            0.33,
            0.332,
            0.323,
            0.302,
            0.286
        ],
        [
            0.375,
            0.344,
            0.336,
            0.332,
            0.33,
            0.327,
            0.313,
            0.292,
            0.297
        ],
        [
            0.375,
            0.341,
            0.336,
            0.331,
            0.325,
            0.324,
            0.309,
            0.303,
            0.31
        ],
        [
            0.376,
            0.339,
            0.34,
            0.337,
            0.328,
            0.319,
            0.303,
            0.311,
            0.321
        ],
        [
            0.384,
            0.342,
            0.34,
            0.335,
            0.326,
            0.313,
            0.309,
            0.323,
            0.333
        ],
        [
            0.379,
            0.341,
            0.338,
            0.337,
            0.328,
            0.309,
            0.321,
            0.331,
            0.341
        ],
        [
            0.379,
            0.342,
            0.343,
            0.336,
            0.324,
            0.305,
            0.32,
            0.322,
            0.34
        ],
        [
            0.379,
            0.343,
            0.342,
            0.333,
            0.327,
            0.303,
            0.321,
            0.327,
            0.342
        ],
        [
            0.381,
            0.343,
            0.342,
            0.332,
            0.329,
            0.298,
            0.306,
            0.314,
            0.325
        ],
        [
            0.421,
            0.343,
            0.338,
            0.332,
            0.328,
            0.302,
            0.292,
            0.302,
            0.309
        ],
        [
            0.421,
            0.344,
            0.339,
            0.335,
            0.335,
            0.308,
            0.29,
            0.295,
            0.293
        ],
        [
            0.381,
            0.345,
            0.336,
            0.335,
            0.335,
            0.314,
            0.299,
            0.283,
            0.281
        ],
        [
            0.38,
            0.342,
            0.34,
            0.331,
            0.334,
            0.323,
            0.313,
            0.287,
            0.277
        ],
        [
            0.377,
            0.342,
            0.334,
            0.332,
            0.328,
            0.329,
            0.327,
            0.294,
            0.276
        ],
        [
            0.377,
            0.342,
            0.33,
            0.329,
            0.329,
            0.331,
            0.331,
            0.304,
            0.289
        ],
        [
            0.418,
            0.339,
            0.337,
            0.327,
            0.328,
            0.331,
            0.329,
            0.304,
            0.289
        ],
        [
            0.454,
            0.34,
            0.334,
            0.328,
            0.329,
            0.334,
            0.328,
            0.305,
            0.29
        ],
        [
            0.454,
            0.338,
            0.334,
            0.328,
            0.326,
            0.328,
            0.317,
            0.306,
            0.3
        ],
        [
            0.457,
            0.337,
            0.334,
            0.329,
            0.332,
            0.326,
            0.309,
            0.305,
            0.293
        ],
        [
            0.455,
            0.341,
            0.333,
            0.33,
            0.336,
            0.33,
            0.31,
            0.313,
            0.342
        ],
        [
            0.419,
            0.344,
            0.335,
            0.334,
            0.338,
            0.328,
            0.316,
            0.314,
            0.352
        ],
        [
            0.382,
            0.345,
            0.34,
            0.335,
            0.338,
            0.332,
            0.323,
            0.316,
            0.353
        ],
        [
            0.377,
            0.349,
            0.336,
            0.337,
            0.335,
            0.331,
            0.326,
            0.315,
            0.355
        ],
        [
            0.342,
            0.348,
            0.333,
            0.335,
            0.335,
            0.336,
            0.331,
            0.309,
            0.308
        ],
        [
            0.343,
            0.343,
            0.333,
            0.333,
            0.332,
            0.335,
            0.328,
            0.312,
            0.306
        ],
        [
            0.378,
            0.345,
            0.332,
            0.332,
            0.331,
            0.332,
            0.321,
            0.308,
            0.295
        ],
        [
            0.42,
            0.343,
            0.337,
            0.33,
            0.332,
            0.333,
            0.326,
            0.312,
            0.296
        ],
        [
            0.422,
            0.343,
            0.339,
            0.33,
            0.328,
            0.33,
            0.325,
            0.305,
            0.295
        ],
        [
            0.424,
            0.344,
            0.341,
            0.334,
            0.328,
            0.325,
            0.317,
            0.3,
            0.301
        ],
        [
            0.424,
            0.344,
            0.338,
            0.334,
            0.33,
            0.323,
            0.319,
            0.309,
            0.311
        ],
        [
            0.384,
            0.341,
            0.336,
            0.335,
            0.328,
            0.327,
            0.319,
            0.314,
            0.316
        ],
        [
            0.384,
            0.342,
            0.334,
            0.335,
            0.329,
            0.325,
            0.323,
            0.325,
            0.327
        ],
        [
            0.383,
            0.343,
            0.335,
            0.333,
            0.332,
            0.336,
            0.334,
            0.333,
            0.335
        ],
        [
            0.345,
            0.344,
            0.335,
            0.332,
            0.332,
            0.337,
            0.336,
            0.33,
            0.341
        ],
        [
            0.348,
            0.346,
            0.337,
            0.335,
            0.333,
            0.335,
            0.334,
            0.33,
            0.341
        ],
        [
            0.349,
            0.343,
            0.335,
            0.335,
            0.331,
            0.335,
            0.337,
            0.328,
            0.338
        ],
        [
            0.344,
            0.343,
            0.329,
            0.334,
            0.331,
            0.334,
            0.337,
            0.331,
            0.339
        ]
    ],
    "timestamp": "2026-04-10T20:45:45.454910",
    "label": "bee"
}