{
    "event_type": "flower_visit",
    "event_id": "flower_1_20260410201123739656",
    "flower_id": "flower_1",
    "background_dist": 0.32,
    "start_time": 1775869878.206979,
    "end_time": 1775869883.739508,
    "num_scans": 83,
    "angles": [
        122,
        123,
        124,
        125,
        126,
        127,
        128,
        129,
        130
    ],
    "distance_series": [
        [
            0.318,
            0.312,
            0.302,
            0.284,
            0.296,
            0.314,
            0.316,
            0.318,
            0.318
        ],
        [
            0.318,
            0.299,
            0.288,
            0.291,
            0.299,
            0.31,
            0.313,
            0.319,
            0.316
        ],
        [
            0.305,
            0.287,
            0.285,
            0.289,
            0.301,
            0.312,
            0.317,
            0.318,
            0.317
        ],
        [
            0.292,
            0.275,
            0.284,
            0.306,
            0.304,
            0.313,
            0.318,
            0.32,
            0.32
        ],
        [
            0.277,
            0.264,
            0.294,
            0.306,
            0.308,
            0.313,
            0.314,
            0.32,
            0.321
        ],
        [
            0.265,
            0.268,
            0.301,
            0.303,
            0.311,
            0.312,
            0.316,
            0.316,
            0.323
        ],
        [
            0.267,
            0.27,
            0.29,
            0.294,
            0.311,
            0.316,
            0.308,
            0.32,
            0.32
        ],
        [
            0.269,
            0.273,
            0.286,
            0.291,
            0.306,
            0.313,
            0.311,
            0.318,
            0.321
        ],
        [
            0.269,
            0.272,
            0.279,
            0.288,
            0.299,
            0.317,
            0.309,
            0.311,
            0.32
        ],
        [
            0.277,
            0.277,
            0.273,
            0.281,
            0.304,
            0.315,
            0.313,
            0.312,
            0.319
        ],
        [
            0.314,
            0.274,
            0.275,
            0.287,
            0.297,
            0.308,
            0.316,
            0.311,
            0.322
        ],
        [
            0.327,
            0.287,
            0.283,
            0.287,
            0.289,
            0.304,
            0.317,
            0.309,
            0.315
        ],
        [
            0.336,
            0.296,
            0.296,
            0.284,
            0.284,
            0.298,
            0.315,
            0.313,
            0.318
        ],
        [
            0.341,
            0.304,
            0.301,
            0.275,
            0.271,
            0.285,
            0.313,
            0.314,
            0.319
        ],
        [
            0.316,
            0.318,
            0.311,
            0.269,
            0.265,
            0.281,
            0.319,
            0.314,
            0.319
        ],
        [
            0.311,
            0.314,
            0.304,
            0.27,
            0.265,
            0.28,
            0.308,
            0.316,
            0.326
        ],
        [
            0.312,
            0.313,
            0.294,
            0.258,
            0.263,
            0.287,
            0.312,
            0.319,
            0.325
        ],
        [
            0.313,
            0.309,
            0.296,
            0.264,
            0.265,
            0.289,
            0.313,
            0.312,
            0.328
        ],
        [
            0.313,
            0.309,
            0.296,
            0.269,
            0.268,
            0.297,
            0.309,
            0.313,
            0.325
        ],
        [
            0.315,
            0.31,
            0.288,
            0.271,
            0.282,
            0.301,
            0.313,
            0.313,
            0.326
        ],
        [
            0.313,
            0.312,
            0.29,
            0.277,
            0.283,
            0.292,
            0.306,
            0.313,
            0.326
        ],
        [
            0.313,
            0.315,
            0.29,
            0.274,
            0.283,
            0.29,
            0.299,
            0.315,
            0.322
        ],
        [
            0.316,
            0.311,
            0.3,
            0.28,
            0.277,
            0.283,
            0.298,
            0.315,
            0.322
        ],
        [
            0.315,
            0.312,
            0.304,
            0.284,
            0.269,
            0.285,
            0.297,
            0.316,
            0.322
        ],
        [
            0.318,
            0.314,
            0.307,
            0.288,
            0.27,
            0.288,
            0.308,
            0.315,
            0.32
        ],
        [
            0.32,
            0.313,
            0.309,
            0.287,
            0.269,
            0.296,
            0.311,
            0.31,
            0.321
        ],
        [
            0.319,
            0.319,
            0.304,
            0.282,
            0.269,
            0.298,
            0.312,
            0.313,
            0.323
        ],
        [
            0.321,
            0.319,
            0.311,
            0.279,
            0.268,
            0.298,
            0.315,
            0.314,
            0.323
        ],
        [
            0.318,
            0.318,
            0.305,
            0.273,
            0.273,
            0.309,
            0.312,
            0.316,
            0.328
        ],
        [
            0.317,
            0.318,
            0.298,
            0.282,
            0.285,
            0.311,
            0.313,
            0.318,
            0.324
        ],
        [
            0.317,
            0.315,
            0.293,
            0.281,
            0.298,
            0.31,
            0.312,
            0.316,
            0.324
        ],
        [
            0.318,
            0.314,
            0.287,
            0.278,
            0.298,
            0.309,
            0.307,
            0.314,
            0.324
        ],
        [
            0.317,
            0.315,
            0.294,
            0.277,
            0.295,
            0.303,
            0.311,
            0.312,
            0.327
        ],
        [
            0.317,
            0.318,
            0.298,
            0.271,
            0.282,
            0.304,
            0.308,
            0.321,
            0.325
        ],
        [
            0.318,
            0.324,
            0.309,
            0.28,
            0.272,
            0.296,
            0.307,
            0.324,
            0.321
        ],
        [
            0.318,
            0.324,
            0.306,
            0.283,
            0.272,
            0.3,
            0.308,
            0.323,
            0.322
        ],
        [
            0.318,
            0.321,
            0.305,
            0.294,
            0.275,
            0.293,
            0.309,
            0.321,
            0.321
        ],
        [
            0.32,
            0.321,
            0.31,
            0.297,
            0.265,
            0.291,
            0.314,
            0.318,
            0.322
        ],
        [
            0.317,
            0.317,
            0.304,
            0.298,
            0.269,
            0.292,
            0.311,
            0.318,
            0.323
        ],
        [
            0.316,
            0.314,
            0.306,
            0.294,
            0.269,
            0.289,
            0.313,
            0.317,
