{
    "event_type": "flower_visit",
    "event_id": "flower_2_20260410204512921143",
    "flower_id": "flower_2",
    "background_dist": 0.22,
    "start_time": 1775871910.5217211,
    "end_time": 1775871912.920983,
    "num_scans": 36,
    "angles": [
        169,
        170,
        171,
        172,
        173,
        174,
        175,
        176,
        177,
        178,
        179,
        180,
        181,
        182
    ],
    "distance_series": [
        [
            0.204,
            0.208,
            0.231,
            0.222,
            0.223,
            0.227,
            0.22,
            0.198,
            0.198,
            0.194,
            0.185,
            0.174,
            0.179,
            0.17
        ],
        [
            0.201,
            0.208,
            0.228,
            0.226,
            0.22,
            0.225,
            0.217,
            0.204,
            0.213,
            0.198,
            0.186,
            0.179,
            0.181,
            0.168
        ],
        [
            0.207,
            0.208,
            0.229,
            0.231,
            0.217,
            0.221,
            0.217,
            0.214,
            0.219,
            0.203,
            0.193,
            0.175,
            0.183,
            0.17
        ],
        [
            0.209,
            0.197,
            0.226,
            0.227,
            0.22,
            0.223,
            0.213,
            0.215,
            0.216,
            0.197,
            0.189,
            0.18,
            0.181,
            0.167
        ],
        [
            0.213,
            0.2,
            0.228,
            0.226,
            0.222,
            0.222,
            0.211,
            0.205,
            0.207,
            0.187,
            0.182,
            0.181,
            0.181,
            0.183
        ],
        [
            0.231,
            0.204,
            0.23,
            0.223,
            0.226,
            0.223,
            0.207,
            0.199,
            0.199,
            0.192,
            0.177,
            0.176,
            0.178,
            0.186
        ],
        [
            1.02,
            0.201,
            0.234,
            0.224,
            0.224,
            0.215,
            0.195,
            0.192,
            0.187,
            0.183,
            0.175,
            0.178,
            0.176,
            0.19
        ],
        [
            1.289,
            0.218,
            0.232,
            0.227,
            0.226,
            0.212,
            0.189,
            0.186,
            0.182,
            0.187,
            0.182,
            0.183,
            0.19,
            0.199
        ],
        [
            1.272,
            0.217,
            0.23,
            0.224,
            0.226,
            0.212,
            0.189,
            0.188,
            0.188,
            0.187,
            0.187,
            0.187,
            0.184,
            0.19
        ],
        [
            1.271,
            0.217,
            0.235,
            0.23,
            0.226,
            0.212,
            0.204,
            0.196,
            0.186,
            0.188,
            0.191,
            0.194,
            0.192,
            0.189
        ],
        [
            0.221,
            0.214,
            0.235,
            0.23,
            0.23,
            0.224,
            0.213,
            0.204,
            0.193,
            0.189,
            0.195,
            0.198,
            0.196,
            0.192
        ],
        [
            0.222,
            0.212,
            0.236,
            0.23,
            0.231,
            0.231,
            0.215,
            0.207,
            0.201,
            0.198,
            0.192,
            0.191,
            0.187,
            0.186
        ],
        [
            0.208,
            0.213,
            0.233,
            0.233,
            0.23,
            0.231,
            0.224,
            0.215,
            0.21,
            0.193,
            0.193,
            0.19,
            0.185,
            0.185
        ],
        [
            0.196,
            0.218,
            0.232,
            0.23,
            0.227,
            0.231,
            0.225,
            0.221,
            0.217,
            0.199,
            0.192,
            0.185,
            0.184,
            0.187
        ],
        [
            0.211,
            0.219,
            0.232,
            0.234,
            0.228,
            0.23,
            0.223,
            0.222,
            0.212,
            0.199,
            0.191,
            0.181,
            0.178,
            0.185
        ],
        [
            0.211,
            0.223,
            0.236,
            0.234,
            0.23,
            0.222,
            0.221,
            0.219,
            0.201,
            0.191,
            0.188,
            0.183,
            0.186,
            0.2
        ],
        [
            0.233,
            0.224,
            0.232,
            0.231,
            0.223,
            0.219,
            0.215,
            0.21,
            0.183,
            0.188,
            0.191,
            0.187,
            0.201,
            0.216
        ],
        [
            1.008,
            0.225,
            0.236,
            0.229,
            0.225,
            0.212,
            0.205,
            0.196,
            0.181,
            0.182,
            0.187,
            0.184,
            0.196,
            0.213
        ],
        [
            1.006,
            0.213,
            0.238,
            0.225,
            0.221,
            0.209,
            0.194,
            0.188,
            0.185,
            0.179,
            0.183,
            0.188,
            0.198,
            0.213
        ],
        [
            1.014,
            0.213,
            0.239,
            0.226,
            0.223,
            0.21,
            0.193,
            0.184,
            0.184,
            0.182,
            0.183,
            0.182,
            0.186,
            0.195
        ],
        [
            0.988,
            0.211,
            0.232,
            0.224,
            0.224,
            0.214,
            0.202,
            0.194,
            0.193,
            0.184,
            0.179,
            0.182,
            0.178,
            0.175
        ],
        [
            0.207,
            0.209,
            0.23,
            0.221,
            0.222,
            0.219,
            0.212,
            0.204,
            0.205,
            0.191,
            0.186,
            0.184,
            0.183,
            0.176
        ],
        [
            0.213,
            0.217,
            0.228,
            0.224,
            0.223,
            0.22,
            0.219,
            0.215,
            0.207,
            0.195,
            0.185,
            0.183,
            0.186,
            0.178
        ],
        [
            0.206,
            0.211,
            0.225,
            0.22,
            0.223,
            0.22,
            0.21,
            0.222,
            0.22,
            0.2,
            0.185,
            0.184,
            0.187,
            0.176
        ],
        [
            0.193,
            0.204,
            0.229,
            0.225,
            0.221,
            0.219,
            0.215,
            0.219,
            0.214,
            0.195,
            0.184,
            0.184,
            0.185,
            0.176
        ],
        [
            0.188,
            0.2,
            0.229,
            0.225,
            0.22,
            0.219,
            0.214,
            0.218,
            0.209,
            0.193,
            0.181,
            0.184,
            0.179,
            0.172
        ],
        [
            0.189,
            0.195,
            0.233,
            0.225,
            0.223,
            0.222,
