{
    "event_type": "flower_visit",
    "event_id": "flower_2_20260410195157881155",
    "flower_id": "flower_2",
    "background_dist": 0.28,
    "start_time": 1775868715.6139688,
    "end_time": 1775868717.8809972,
    "num_scans": 34,
    "angles": [
        144,
        145,
        146,
        147,
        148,
        149,
        150,
        151,
        152,
        153
    ],
    "distance_series": [
        [
            0.233,
            0.238,
            0.236,
            0.24,
            0.246,
            0.242,
            0.235,
            0.251,
            0.273,
            0.283
        ],
        [
            0.233,
            0.239,
            0.242,
            0.242,
            0.247,
            0.241,
            0.235,
            0.256,
            0.274,
            0.285
        ],
        [
            0.236,
            0.24,
            0.242,
            0.241,
            0.243,
            0.244,
            0.236,
            0.258,
            0.276,
            0.285
        ],
        [
            0.236,
            0.239,
            0.239,
            0.241,
            0.239,
            0.241,
            0.235,
            0.259,
            0.27,
            0.285
        ],
        [
            0.238,
            0.238,
            0.238,
            0.238,
            0.24,
            0.235,
            0.238,
            0.253,
            0.27,
            0.284
        ],
        [
            0.238,
            0.242,
            0.239,
            0.236,
            0.238,
            0.24,
            0.232,
            0.25,
            0.265,
            0.282
        ],
        [
            0.24,
            0.238,
            0.238,
            0.237,
            0.241,
            0.234,
            0.236,
            0.241,
            0.265,
            0.285
        ],
        [
            0.239,
            0.236,
            0.243,
            0.241,
            0.24,
            0.234,
            0.235,
            0.244,
            0.266,
            0.287
        ],
        [
            0.242,
            0.241,
            0.241,
            0.238,
            0.241,
            0.243,
            0.241,
            0.245,
            0.263,
            0.287
        ],
        [
            0.241,
            0.25,
            0.243,
            0.244,
            0.247,
            0.237,
            0.238,
            0.245,
            0.27,
            0.285
        ],
        [
            0.238,
            0.258,
            0.246,
            0.252,
            0.25,
            0.241,
            0.238,
            0.245,
            0.266,
            0.28
        ],
        [
            0.242,
            0.261,
            0.247,
            0.252,
            0.255,
            0.246,
            0.239,
            0.249,
            0.266,
            0.279
        ],
        [
            0.247,
            0.263,
            0.254,
            0.255,
            0.258,
            0.248,
            0.241,
            0.249,
            0.261,
            0.279
        ],
        [
            0.245,
            0.266,
            0.253,
            0.252,
            0.259,
            0.248,
            0.238,
            0.248,
            0.253,
            0.278
        ],
        [
            0.244,
            0.262,
            0.259,
            0.253,
            0.262,
            0.249,
            0.237,
            0.253,
            0.258,
            0.285
        ],
        [
            0.243,
            0.264,
            0.26,
            0.256,
            0.262,
            0.248,
            0.237,
            0.252,
            0.258,
            0.276
        ],
        [
            0.238,
            0.273,
            0.257,
            0.258,
            0.262,
            0.246,
            0.234,
            0.252,
            0.258,
            0.272
        ],
        [
            0.242,
            0.276,
            0.263,
            0.256,
            0.263,
            0.25,
            0.237,
            0.251,
            0.255,
            0.265
        ],
        [
            0.245,
            0.281,
            0.265,
            0.251,
            0.263,
            0.25,
            0.238,
            0.248,
            0.254,
            0.261
        ],
        [
            0.25,
            0.284,
            0.268,
            0.254,
            0.265,
            0.249,
            0.237,
            0.248,
            0.249,
            0.258
        ],
        [
            0.252,
            0.286,
            0.272,
            0.258,
            0.271,
            0.254,
            0.239,
            0.239,
            0.246,
            0.253
        ],
        [
            0.252,
            0.286,
            0.269,
            0.257,
            0.269,
            0.252,
            0.238,
            0.24,
            0.243,
            0.247
        ],
        [
            0.251,
            0.285,
            0.264,
            0.26,
            0.266,
            0.254,
            0.236,
            0.241,
            0.244,
            0.249
        ],
        [
            0.258,
            0.287,
            0.257,
            0.263,
            0.271,
            0.254,
            0.235,
            0.243,
            0.242,
            0.255
        ],
        [
            0.283,
            0.28,
            0.257,
            0.267,
            0.266,
            0.254,
            0.235,
            0.246,
            0.253,
            0.271
        ],
        [
            0.277,
            0.272,
            0.256,
            0.265,
            0.261,
            0.256,
            0.235,
            0.246,
            0.257,
            0.286
        ],
        [
            0.28,
            0.276,
            0.261,
            0.266,
            0.255,
            0.255,
            0.248,
            0.251,
            0.263,
            0.291
        ],
        [
            0.28,
            0.279,
            0.266,
            0.259,
            0.256,
            0.26,
            0.259,
            0.257,
            0.27,
            0.292
        ],
        [
            0.27,
            0.274,
            0.259,
            0.258,
            0.263,
            0.267,
            0.271,
            0.263,
            0.267,
            0.289
        ],
        [
            0.278,
            0.279,
            0.266,
            0.259,
            0.267,
            0.272,
            0.277,
            0.27,
            0.27,
            0.286
        ],
        [
            0.276,
            0.279,
            0.271,
            0.264,
            0.27,
            0.276,
            0.278,
            0.273,
            0.27,
            0.282
        ],
        [
            0.278,
            0.281,
            0.272,
            0.27,
            0.275,
            0.276,
            0.276,
            0.274,
            0.279,
            0.285
        ],
        [
            0.29,
            0.289,
            0.281,
            0.273,
            0.278,
            0.28,
            0.277,
            0.275,
            0.275,
            0.285
        ],
        [
            0.294,
            0.288,
            0.278,
            0.274,
            0.279,
            0.28,
            0.275,
            0.276,
            0.273,
            0.291
        ]
    ],
    "timestamp": "2026-04-10T19:51:57.881244",
    "label": "not_bee"
}