{
    "event_type": "flower_visit",
    "event_id": "flower_2_20260409152358590637",
    "flower_id": "flower_2",
    "background_dist": 0.23,
    "start_time": 1775766235.991154,
    "end_time": 1775766238.590465,
    "num_scans": 39,
    "angles": [
        162,
        163,
        164,
        165,
        166,
        167,
        168,
        169,
        170,
        171,
        172,
        173
    ],
    "distance_series": [
        [
            0.255,
            0.224,
            0.217,
            0.208,
            0.201,
            0.193,
            0.188,
            0.191,
            0.183,
            0.179,
            0.182,
            0.215
        ],
        [
            0.255,
            0.224,
            0.22,
            0.216,
            0.212,
            0.198,
            0.182,
            0.184,
            0.18,
            0.179,
            0.177,
            0.203
        ],
        [
            0.257,
            0.228,
            0.216,
            0.217,
            0.211,
            0.203,
            0.182,
            0.181,
            0.177,
            0.179,
            0.176,
            0.192
        ],
        [
            0.254,
            0.228,
            0.217,
            0.22,
            0.216,
            0.212,
            0.188,
            0.191,
            0.186,
            0.178,
            0.179,
            0.18
        ],
        [
            0.255,
            0.23,
            0.217,
            0.215,
            0.21,
            0.214,
            0.19,
            0.19,
            0.185,
            0.177,
            0.183,
            0.183
        ],
        [
            0.255,
            0.226,
            0.217,
            0.217,
            0.206,
            0.208,
            0.195,
            0.192,
            0.191,
            0.186,
            0.188,
            0.187
        ],
        [
            0.256,
            0.221,
            0.221,
            0.222,
            0.207,
            0.21,
            0.206,
            0.194,
            0.2,
            0.185,
            0.195,
            0.195
        ],
        [
            0.254,
            0.218,
            0.221,
            0.22,
            0.216,
            0.208,
            0.199,
            0.19,
            0.2,
            0.191,
            0.192,
            0.194
        ],
        [
            0.254,
            0.218,
            0.22,
            0.22,
            0.217,
            0.207,
            0.199,
            0.2,
            0.201,
            0.197,
            0.199,
            0.206
        ],
        [
            0.253,
            0.221,
            0.219,
            0.22,
            0.221,
            0.212,
            0.206,
            0.212,
            0.199,
            0.194,
            0.195,
            0.206
        ],
        [
            0.253,
            0.223,
            0.222,
            0.221,
            0.22,
            0.213,
            0.204,
            0.21,
            0.195,
            0.196,
            0.188,
            0.202
        ],
        [
            0.254,
            0.221,
            0.224,
            0.222,
            0.217,
            0.206,
            0.198,
            0.205,
            0.193,
            0.19,
            0.187,
            0.206
        ],
        [
            0.254,
            0.225,
            0.225,
            0.218,
            0.218,
            0.211,
            0.201,
            0.197,
            0.187,
            0.19,
            0.18,
            0.188
        ],
        [
            0.255,
            0.221,
            0.227,
            0.218,
            0.216,
            0.213,
            0.204,
            0.194,
            0.188,
            0.202,
            0.19,
            0.218
        ],
        [
            0.255,
            0.224,
            0.221,
            0.215,
            0.212,
            0.206,
            0.194,
            0.189,
            0.188,
            0.202,
            0.192,
            0.226
        ],
        [
            0.254,
            0.23,
            0.225,
            0.215,
            0.217,
            0.204,
            0.199,
            0.186,
            0.187,
            0.205,
            0.194,
            0.222
        ],
        [
            0.255,
            0.233,
            0.22,
            0.22,
            0.211,
            0.203,
            0.206,
            0.191,
            0.198,
            0.211,
            0.207,
            0.246
        ],
        [
            0.257,
            0.225,
            0.219,
            0.217,
            0.212,
            0.199,
            0.202,
            0.192,
            0.199,
            0.206,
            0.206,
            0.231
        ],
        [
            0.254,
            0.225,
            0.221,
            0.218,
            0.216,
            0.211,
            0.209,
            0.204,
            0.195,
            0.205,
            0.209,
            0.227
        ],
        [
            0.254,
            0.224,
            0.226,
            0.217,
            0.218,
            0.22,
            0.215,
            0.212,
            0.202,
            0.208,
            0.215,
            0.253
        ],
        [
            0.255,
            0.222,
            0.224,
            0.215,
            0.222,
            0.22,
            0.216,
            0.212,
            0.19,
            0.198,
            0.203,
            0.225
        ],
        [
            0.254,
            0.227,
            0.219,
            0.217,
            0.217,
            0.219,
            0.207,
            0.207,
            0.187,
            0.195,
            0.195,
            0.208
        ],
        [
            0.257,
            0.226,
            0.222,
            0.221,
            0.212,
            0.215,
            0.215,
            0.204,
            0.198,
            0.194,
            0.204,
            0.24
        ],
        [
            0.256,
            0.225,
            0.219,
            0.224,
            0.215,
            0.214,
            0.213,
            0.199,
            0.192,
            0.187,
            0.191,
            0.207
        ],
        [
            0.256,
            0.224,
            0.222,
            0.225,
            0.21,
            0.208,
            0.202,
            0.191,
            0.194,
            0.183,
            0.188,
            0.217
        ],
        [
            0.261,
            0.224,
            0.221,
            0.224,
            0.213,
            0.213,
            0.213,
            0.201,
            0.2,
            0.195,
            0.202,
            0.248
        ],
        [
            0.261,
            0.224,
            0.219,
            0.22,
            0.219,
            0.21,
            0.206,
            0.204,
            0.202,
            0.202,
            0.2,
            0.242
        ],
        [
            0.264,
            0.227,
            0.216,
            0.22,
            0.209,
            0.201,
            0.199,
            0.2,
            0.201,
            0.198,
            0.205,
            0.257
        ],
        [
            0.264,
            0.23,
            0.218,
            0.215,
            0.208,
            0.206,
            0.209,
            0.209,
            0.204,
            0.209,
            0.215,
            0.275
        ],
        [
            0.26,
            0.225,
            0.226,
            0.213,
            0.208,
            0.208,
            0.208,
            0.212,
            0.207,
            0.201,
            0.212,
            0.255
        ],
        [
            0.261,
            0.222,
            0.23,
            0.217,
            0.208,
            0.215,
            0.212,
            0.211,
