{
    "event_type": "flower_visit",
    "event_id": "flower_1_20260410195737013599",
    "flower_id": "flower_1",
    "background_dist": 0.19,
    "start_time": 1775869054.080705,
    "end_time": 1775869057.0135412,
    "num_scans": 44,
    "angles": [
        105,
        106,
        107,
        108,
        109,
        110,
        111,
        112,
        113,
        114,
        115,
        116
    ],
    "distance_series": [
        [
            0.199,
            0.186,
            0.177,
            0.175,
            0.171,
            0.178,
            0.176,
            0.164,
            0.148,
            0.142,
            0.168,
            0.184
        ],
        [
            0.194,
            0.186,
            0.168,
            0.172,
            0.173,
            0.179,
            0.173,
            0.164,
            0.143,
            0.138,
            0.173,
            0.18
        ],
        [
            0.196,
            0.184,
            0.176,
            0.179,
            0.173,
            0.182,
            0.175,
            0.166,
            0.153,
            0.139,
            0.165,
            0.175
        ],
        [
            0.193,
            0.189,
            0.177,
            0.182,
            0.177,
            0.179,
            0.181,
            0.173,
            0.151,
            0.139,
            0.156,
            0.167
        ],
        [
            0.227,
            0.19,
            0.181,
            0.18,
            0.178,
            0.181,
            0.181,
            0.178,
            0.151,
            0.137,
            0.153,
            0.166
        ],
        [
            0.265,
            0.191,
            0.183,
            0.185,
            0.18,
            0.185,
            0.186,
            0.171,
            0.151,
            0.141,
            0.149,
            0.162
        ],
        [
            0.303,
            0.189,
            0.186,
            0.184,
            0.179,
            0.186,
            0.183,
            0.173,
            0.154,
            0.143,
            0.148,
            0.159
        ],
        [
            0.304,
            0.187,
            0.186,
            0.183,
            0.18,
            0.184,
            0.18,
            0.173,
            0.155,
            0.143,
            0.148,
            0.157
        ],
        [
            0.273,
            0.19,
            0.182,
            0.186,
            0.175,
            0.183,
            0.178,
            0.176,
            0.152,
            0.143,
            0.152,
            0.157
        ],
        [
            0.236,
            0.188,
            0.182,
            0.181,
            0.177,
            0.178,
            0.18,
            0.181,
            0.15,
            0.142,
            0.157,
            0.165
        ],
        [
            0.197,
            0.194,
            0.181,
            0.181,
            0.181,
            0.172,
            0.178,
            0.176,
            0.15,
            0.146,
            0.157,
            0.168
        ],
        [
            0.198,
            0.194,
            0.182,
            0.184,
            0.177,
            0.175,
            0.177,
            0.172,
            0.147,
            0.148,
            0.162,
            0.174
        ],
        [
            0.195,
            0.193,
            0.18,
            0.181,
            0.174,
            0.178,
            0.18,
            0.168,
            0.152,
            0.145,
            0.161,
            0.179
        ],
        [
            0.231,
            0.191,
            0.179,
            0.177,
            0.175,
            0.175,
            0.177,
            0.168,
            0.147,
            0.141,
            0.162,
            0.18
        ],
        [
            0.232,
            0.188,
            0.174,
            0.183,
            0.179,
            0.18,
            0.18,
            0.166,
            0.148,
            0.142,
            0.169,
            0.183
        ],
        [
            0.228,
            0.19,
            0.172,
            0.184,
            0.183,
            0.178,
            0.182,
            0.161,
            0.152,
            0.14,
            0.171,
            0.182
        ],
        [
            0.268,
            0.187,
            0.176,
            0.181,
            0.182,
            0.179,
            0.18,
            0.165,
            0.15,
            0.139,
            0.167,
            0.175
        ],
        [
            0.231,
            0.19,
            0.181,
            0.184,
            0.177,
            0.181,
            0.182,
            0.169,
            0.157,
            0.139,
            0.162,
            0.172
        ],
        [
            0.236,
            0.193,
            0.187,
            0.183,
            0.178,
            0.178,
            0.182,
            0.171,
            0.16,
            0.141,
            0.159,
            0.166
        ],
        [
            0.235,
            0.191,
            0.19,
            0.181,
            0.177,
            0.181,
            0.182,
            0.168,
            0.159,
            0.142,
            0.156,
            0.166
        ],
        [
            0.198,
            0.192,
            0.182,
            0.184,
            0.184,
            0.183,
            0.178,
            0.166,
            0.16,
            0.144,
            0.156,
            0.166
        ],
        [
            0.201,
            0.193,
            0.183,
            0.178,
            0.179,
            0.182,
            0.18,
            0.165,
            0.158,
            0.143,
            0.161,
            0.17
        ],
        [
            0.195,
            0.193,
            0.183,
            0.183,
            0.179,
            0.18,
            0.177,
            0.165,
            0.153,
            0.143,
            0.163,
            0.175
        ],
        [
            0.191,
            0.196,
            0.183,
            0.185,
            0.177,
            0.184,
            0.176,
            0.166,
            0.153,
            0.147,
            0.165,
            0.175
        ],
        [
            0.225,
            0.196,
            0.183,
            0.176,
            0.171,
            0.186,
            0.181,
            0.167,
            0.151,
            0.146,
            0.168,
            0.174
        ],
        [
            0.221,
            0.191,
            0.183,
            0.174,
            0.169,
            0.182,
            0.176,
            0.169,
            0.146,
            0.145,
            0.162,
            0.171
        ],
        [
            0.225,
            0.192,
            0.18,
            0.175,
            0.173,
            0.185,
            0.177,
            0.173,
            0.154,
            0.145,
            0.161,
            0.164
        ],
        [
            0.232,
            0.19,
            0.178,
            0.171,
            0.175,
            0.182,
            0.175,
            0.173,
            0.156,
            0.145,
            0.157,
            0.16
        ],
        [
            0.194,
            0.19,
            0.18,
            0.175,
            0.176,
            0.176,
            0.182,
            0.173,
            0.154,
            0.144,
            0.153,
            0.159
        ],
        [
            0.197,
            0.195,
            0.179,
            0.179,
            0.176,
            0.179,
            0.179,
            0.174,
            0.159,
            0.143,
            0.15,
            0.154
        ],
        [
            0.195,
            0.191,
            0.178,
            0.179,
            0.182,
            0.182,
            0.185,
