{
    "event_type": "flower_visit",
    "event_id": "flower_2_20260410191449100558",
    "flower_id": "flower_2",
    "background_dist": 0.25,
    "start_time": 1775866485.833638,
    "end_time": 1775866489.100307,
    "num_scans": 49,
    "angles": [
        171,
        172,
        173,
        174,
        175,
        176,
        177,
        178,
        179,
        180,
        181,
        182,
        183
    ],
    "distance_series": [
        [
            0.207,
            0.199,
            0.192,
            0.202,
            0.207,
            0.218,
            0.23,
            0.226,
            0.236,
            0.24,
            0.251,
            0.257,
            0.28
        ],
        [
            0.301,
            0.214,
            0.198,
            0.208,
            0.206,
            0.221,
            0.234,
            0.226,
            0.237,
            0.236,
            0.249,
            0.259,
            0.276
        ],
        [
            0.721,
            0.212,
            0.201,
            0.202,
            0.204,
            0.215,
            0.228,
            0.226,
            0.235,
            0.235,
            0.252,
            0.26,
            0.256
        ],
        [
            0.711,
            0.206,
            0.197,
            0.199,
            0.198,
            0.201,
            0.215,
            0.214,
            0.216,
            0.222,
            0.244,
            0.255,
            0.257
        ],
        [
            0.787,
            0.218,
            0.205,
            0.211,
            0.199,
            0.205,
            0.221,
            0.214,
            0.221,
            0.222,
            0.243,
            0.258,
            0.253
        ],
        [
            0.73,
            0.197,
            0.199,
            0.199,
            0.196,
            0.206,
            0.213,
            0.215,
            0.222,
            0.225,
            0.241,
            0.256,
            0.269
        ],
        [
            0.267,
            0.198,
            0.202,
            0.203,
            0.199,
            0.221,
            0.219,
            0.217,
            0.222,
            0.225,
            0.243,
            0.258,
            0.267
        ],
        [
            0.269,
            0.206,
            0.214,
            0.216,
            0.213,
            0.235,
            0.232,
            0.235,
            0.239,
            0.243,
            0.249,
            0.255,
            0.329
        ],
        [
            0.194,
            0.199,
            0.203,
            0.219,
            0.225,
            0.233,
            0.233,
            0.236,
            0.239,
            0.244,
            0.247,
            0.255,
            0.343
        ],
        [
            0.198,
            0.2,
            0.208,
            0.218,
            0.225,
            0.237,
            0.239,
            0.24,
            0.239,
            0.242,
            0.248,
            0.253,
            0.346
        ],
        [
            0.261,
            0.211,
            0.215,
            0.233,
            0.23,
            0.239,
            0.237,
            0.238,
            0.244,
            0.245,
            0.251,
            0.257,
            0.342
        ],
        [
            0.329,
            0.215,
            0.208,
            0.222,
            0.224,
            0.236,
            0.233,
            0.236,
            0.243,
            0.244,
            0.248,
            0.263,
            0.33
        ],
        [
            0.384,
            0.223,
            0.207,
            0.204,
            0.221,
            0.232,
            0.23,
            0.236,
            0.241,
            0.244,
            0.251,
            0.263,
            0.365
        ],
        [
            0.382,
            0.218,
            0.201,
            0.205,
            0.211,
            0.218,
            0.214,
            0.225,
            0.238,
            0.245,
            0.248,
            0.265,
            0.318
        ],
        [
            0.307,
            0.203,
            0.193,
            0.192,
            0.2,
            0.204,
            0.201,
            0.208,
            0.233,
            0.243,
            0.247,
            0.265,
            0.32
        ],
        [
            0.194,
            0.199,
            0.191,
            0.197,
            0.206,
            0.211,
            0.205,
            0.213,
            0.234,
            0.244,
            0.25,
            0.26,
            0.324
        ],
        [
            0.188,
            0.187,
            0.184,
            0.199,
            0.211,
            0.21,
            0.209,
            0.21,
            0.234,
            0.246,
            0.25,
            0.263,
            0.288
        ],
        [
            0.186,
            0.189,
            0.181,
            0.195,
            0.211,
            0.21,
            0.221,
            0.224,
            0.237,
            0.245,
            0.249,
            0.264,
            0.333
        ],
        [
            0.187,
            0.185,
            0.185,
            0.195,
            0.219,
            0.221,
            0.24,
            0.238,
            0.237,
            0.246,
            0.248,
            0.264,
            0.368
        ],
        [
            0.186,
            0.19,
            0.185,
            0.191,
            0.212,
            0.221,
            0.241,
            0.24,
            0.236,
            0.241,
            0.247,
            0.265,
            0.327
        ],
        [
            0.26,
            0.201,
            0.205,
            0.202,
            0.208,
            0.221,
            0.238,
            0.239,
            0.237,
            0.24,
            0.252,
            0.263,
            0.361
        ],
        [
            0.319,
            0.215,
            0.221,
            0.203,
            0.214,
            0.23,
            0.238,
            0.241,
            0.244,
            0.241,
            0.246,
            0.262,
            0.32
        ],
        [
            0.383,
            0.235,
            0.231,
            0.21,
            0.217,
            0.231,
            0.237,
            0.24,
            0.246,
            0.24,
            0.245,
            0.259,
            0.284
        ],
        [
            0.381,
            0.238,
            0.233,
            0.218,
            0.225,
            0.229,
            0.237,
            0.24,
            0.242,
            0.24,
            0.248,
            0.262,
            0.328
        ],
        [
            0.303,
            0.228,
            0.215,
            0.208,
            0.227,
            0.233,
            0.235,
            0.241,
            0.239,
            0.242,
            0.252,
            0.262,
            0.295
        ],
        [
            0.248,
            0.214,
            0.21,
            0.219,
            0.24,
            0.235,
            0.235,
            0.238,
            0.237,
            0.245,
            0.249,
            0.262,
            0.343
        ],
        [
            0.188,
            0.197,
            0.197,
            0.213,
            0.236,
            0.237,
            0.236,
            0.238,
            0.235,
            0.243,
            0.247,
            0.262,
            0.385
        ],
        [
            0.187,
            0.186,
            0.194,
            0.217,
            0.237,
            0.238,
            0.236,
            0.233,
            0.234,
            0.245,
            0.248,
            0.263,
            0.383
        ],
        [
            0.192,
            0.207,
            0.215,
            0.222,
            0.239,
