{
    "event_type": "flower_visit",
    "event_id": "flower_1_20260410190952770954",
    "flower_id": "flower_1",
    "background_dist": 0.38,
    "start_time": 1775866191.570508,
    "end_time": 1775866192.770821,
    "num_scans": 18,
    "angles": [
        128,
        129,
        130,
        131,
        132,
        133,
        134
    ],
    "distance_series": [
        [
            0.462,
            0.386,
            0.371,
            0.37,
            0.354,
            0.333,
            0.353
        ],
        [
            0.459,
            0.387,
            0.371,
            0.37,
            0.35,
            0.333,
            0.36
        ],
        [
            0.423,
            0.384,
            0.375,
            0.363,
            0.341,
            0.341,
            0.362
        ],
        [
            0.427,
            0.382,
            0.376,
            0.361,
            0.34,
            0.346,
            0.37
        ],
        [
            0.386,
            0.381,
            0.377,
            0.36,
            0.34,
            0.345,
            0.362
        ],
        [
            0.387,
            0.382,
            0.382,
            0.362,
            0.346,
            0.35,
            0.357
        ],
        [
            0.419,
            0.375,
            0.372,
            0.364,
            0.355,
            0.34,
            0.343
        ],
        [
            0.414,
            0.372,
            0.37,
            0.37,
            0.36,
            0.335,
            0.339
        ],
        [
            0.452,
            0.372,
            0.366,
            0.366,
            0.362,
            0.339,
            0.337
        ],
        [
            0.496,
            0.38,
            0.36,
            0.37,
            0.36,
            0.336,
            0.342
        ],
        [
            0.463,
            0.382,
            0.363,
            0.365,
            0.355,
            0.346,
            0.364
        ],
        [
            0.503,
            0.384,
            0.364,
            0.362,
            0.356,
            0.356,
            0.366
        ],
        [
            0.5,
            0.382,
            0.37,
            0.366,
            0.357,
            0.361,
            0.373
        ],
        [
            0.496,
            0.384,
            0.371,
            0.365,
            0.358,
            0.37,
            0.365
        ],
        [
            0.496,
            0.386,
            0.374,
            0.371,
            0.368,
            0.358,
            0.37
        ],
        [
            0.492,
            0.387,
            0.376,
            0.379,
            0.369,
            0.358,
            0.371
        ],
        [
            0.46,
            0.386,
            0.379,
            0.377,
            0.372,
            0.359,
            0.369
        ],
        [
            0.425,
            0.381,
            0.376,
            0.378,
            0.372,
            0.366,
            0.375
        ]
    ],
    "timestamp": "2026-04-10T19:09:52.771041",
    "label": "bee"
}