{
    "event_type": "flower_visit",
    "event_id": "flower_2_20260410191458100343",
    "flower_id": "flower_2",
    "background_dist": 0.25,
    "start_time": 1775866496.56674,
    "end_time": 1775866498.100184,
    "num_scans": 23,
    "angles": [
        171,
        172,
        173,
        174,
        175,
        176,
        177,
        178,
        179,
        180,
        181,
        182,
        183
    ],
    "distance_series": [
        [
            0.261,
            0.211,
            0.226,
            0.233,
            0.224,
            0.235,
            0.229,
            0.233,
            0.24,
            0.237,
            0.246,
            0.258,
            0.339
        ],
        [
            0.19,
            0.193,
            0.214,
            0.236,
            0.232,
            0.242,
            0.231,
            0.235,
            0.237,
            0.239,
            0.245,
            0.258,
            0.329
        ],
        [
            0.188,
            0.191,
            0.217,
            0.241,
            0.232,
            0.24,
            0.233,
            0.239,
            0.239,
            0.244,
            0.245,
            0.257,
            0.366
        ],
        [
            0.196,
            0.192,
            0.21,
            0.238,
            0.23,
            0.234,
            0.229,
            0.233,
            0.24,
            0.244,
            0.248,
            0.26,
            0.372
        ],
        [
            0.207,
            0.195,
            0.203,
            0.228,
            0.222,
            0.225,
            0.22,
            0.231,
            0.244,
            0.245,
            0.248,
            0.257,
            0.408
        ],
        [
            0.353,
            0.211,
            0.221,
            0.227,
            0.218,
            0.217,
            0.223,
            0.234,
            0.246,
            0.247,
            0.245,
            0.257,
            0.376
        ],
        [
            0.426,
            0.223,
            0.222,
            0.222,
            0.214,
            0.21,
            0.22,
            0.236,
            0.238,
            0.241,
            0.243,
            0.261,
            0.383
        ],
        [
            0.372,
            0.223,
            0.22,
            0.213,
            0.208,
            0.205,
            0.22,
            0.239,
            0.23,
            0.238,
            0.245,
            0.259,
            0.342
        ],
        [
            0.322,
            0.221,
            0.217,
            0.221,
            0.217,
            0.214,
            0.23,
            0.238,
            0.228,
            0.233,
            0.242,
            0.261,
            0.302
        ],
        [
            0.264,
            0.205,
            0.207,
            0.218,
            0.217,
            0.22,
            0.228,
            0.236,
            0.232,
            0.234,
            0.244,
            0.263,
            0.302
        ],
        [
            0.191,
            0.19,
            0.203,
            0.217,
            0.223,
            0.231,
            0.234,
            0.236,
            0.238,
            0.239,
            0.245,
            0.264,
            0.254
        ],
        [
            0.197,
            0.193,
            0.2,
            0.215,
            0.217,
            0.225,
            0.238,
            0.239,
            0.243,
            0.239,
            0.246,
            0.259,
            0.289
        ],
        [
            0.254,
            0.197,
            0.203,
            0.212,
            0.212,
            0.226,
            0.233,
            0.238,
            0.243,
            0.239,
            0.246,
            0.256,
            0.328
        ],
        [
            0.26,
            0.203,
            0.203,
            0.205,
            0.211,
            0.22,
            0.22,
            0.23,
            0.233,
            0.235,
            0.244,
            0.256,
            0.327
        ],
        [
            0.362,
            0.22,
            0.208,
            0.206,
            0.21,
            0.218,
            0.217,
            0.233,
            0.227,
            0.232,
            0.243,
            0.249,
            0.372
        ],
        [
            0.425,
            0.231,
            0.222,
            0.219,
            0.224,
            0.232,
            0.223,
            0.226,
            0.228,
            0.235,
            0.249,
            0.252,
            0.375
        ],
        [
            0.395,
            0.24,
            0.231,
            0.225,
            0.224,
            0.231,
            0.225,
            0.224,
            0.232,
            0.238,
            0.249,
            0.253,
            0.335
        ],
        [
            0.449,
            0.246,
            0.243,
            0.232,
            0.234,
            0.238,
            0.235,
            0.234,
            0.239,
            0.243,
            0.25,
            0.255,
            0.334
        ],
        [
            0.451,
            0.247,
            0.245,
            0.236,
            0.237,
            0.236,
            0.24,
            0.232,
            0.236,
            0.242,
            0.251,
            0.255,
            0.296
        ],
        [
            0.45,
            0.249,
            0.244,
            0.241,
            0.239,
            0.235,
            0.238,
            0.232,
            0.235,
            0.243,
            0.246,
            0.256,
            0.299
        ],
        [
            0.446,
            0.247,
            0.248,
            0.236,
            0.238,
            0.236,
            0.235,
            0.233,
            0.233,
            0.242,
            0.245,
            0.256,
            0.339
        ],
        [
            0.459,
            0.244,
            0.243,
            0.239,
            0.236,
            0.232,
            0.236,
            0.234,
            0.236,
            0.242,
            0.246,
            0.252,
            0.338
        ],
        [
            0.455,
            0.244,
            0.245,
            0.239,
            0.235,
            0.231,
            0.24,
            0.239,
            0.235,
            0.245,
            0.25,
            0.254,
            0.381
        ]
    ],
    "timestamp": "2026-04-10T19:14:58.100431",
    "label": "bee"
}