{
    "event_type": "flower_visit",
    "event_id": "flower_1_20260410191005303906",
    "flower_id": "flower_1",
    "background_dist": 0.38,
    "start_time": 1775866203.903312,
    "end_time": 1775866205.3037078,
    "num_scans": 21,
    "angles": [
        128,
        129,
        130,
        131,
        132,
        133,
        134
    ],
    "distance_series": [
        [
            0.327,
            0.328,
            0.371,
            0.366,
            0.374,
            0.372,
            0.376
        ],
        [
            0.334,
            0.338,
            0.368,
            0.372,
            0.372,
            0.37,
            0.379
        ],
        [
            0.387,
            0.342,
            0.364,
            0.369,
            0.371,
            0.372,
            0.379
        ],
        [
            0.399,
            0.35,
            0.349,
            0.361,
            0.369,
            0.367,
            0.378
        ],
        [
            0.413,
            0.353,
            0.34,
            0.36,
            0.366,
            0.375,
            0.378
        ],
        [
            0.46,
            0.356,
            0.341,
            0.354,
            0.369,
            0.377,
            0.377
        ],
        [
            0.455,
            0.356,
            0.342,
            0.355,
            0.372,
            0.376,
            0.376
        ],
        [
            0.445,
            0.357,
            0.353,
            0.361,
            0.371,
            0.379,
            0.375
        ],
        [
            0.433,
            0.35,
            0.361,
            0.362,
            0.37,
            0.372,
            0.376
        ],
        [
            0.429,
            0.348,
            0.357,
            0.366,
            0.375,
            0.372,
            0.379
        ],
        [
            0.404,
            0.353,
            0.357,
            0.363,
            0.374,
            0.374,
            0.383
        ],
        [
            0.412,
            0.362,
            0.347,
            0.359,
            0.369,
            0.373,
            0.378
        ],
        [
            0.429,
            0.362,
            0.342,
            0.35,
            0.366,
            0.372,
            0.382
        ],
        [
            0.391,
            0.364,
            0.355,
            0.36,
            0.366,
            0.374,
            0.378
        ],
        [
            0.377,
            0.361,
            0.352,
            0.358,
            0.364,
            0.376,
            0.381
        ],
        [
            0.372,
            0.35,
            0.354,
            0.364,
            0.364,
            0.373,
            0.379
        ],
        [
            0.404,
            0.357,
            0.357,
            0.363,
            0.368,
            0.373,
            0.378
        ],
        [
            0.409,
            0.363,
            0.365,
            0.353,
            0.366,
            0.371,
            0.386
        ],
        [
            0.458,
            0.373,
            0.371,
            0.354,
            0.368,
            0.373,
            0.386
        ],
        [
            0.46,
            0.381,
            0.365,
            0.354,
            0.367,
            0.371,
            0.388
        ],
        [
            0.457,
            0.37,
            0.365,
            0.361,
            0.374,
            0.372,
            0.386
        ]
    ],
    "timestamp": "2026-04-10T19:10:05.304002",
    "label": "bee"
}