{
    "event_type": "flower_visit",
    "event_id": "flower_2_20260410205030719187",
    "flower_id": "flower_2",
    "background_dist": 0.22,
    "start_time": 1775872227.45178,
    "end_time": 1775872230.719012,
    "num_scans": 49,
    "angles": [
        169,
        170,
        171,
        172,
        173,
        174,
        175,
        176,
        177,
        178,
        179,
        180,
        181,
        182
    ],
    "distance_series": [
        [
            0.197,
            0.182,
            0.222,
            0.218,
            0.221,
            0.221,
            0.214,
            0.216,
            0.193,
            0.182,
            0.18,
            0.178,
            0.18,
            0.197
        ],
        [
            0.187,
            0.177,
            0.222,
            0.223,
            0.221,
            0.218,
            0.217,
            0.211,
            0.19,
            0.177,
            0.175,
            0.181,
            0.183,
            0.208
        ],
        [
            0.185,
            0.173,
            0.227,
            0.224,
            0.224,
            0.217,
            0.218,
            0.209,
            0.182,
            0.177,
            0.169,
            0.181,
            0.184,
            0.216
        ],
        [
            0.182,
            0.175,
            0.224,
            0.224,
            0.225,
            0.215,
            0.218,
            0.208,
            0.187,
            0.177,
            0.176,
            0.179,
            0.184,
            0.216
        ],
        [
            0.181,
            0.176,
            0.226,
            0.23,
            0.219,
            0.215,
            0.218,
            0.202,
            0.187,
            0.177,
            0.176,
            0.18,
            0.184,
            0.213
        ],
        [
            0.183,
            0.179,
            0.225,
            0.226,
            0.217,
            0.215,
            0.216,
            0.199,
            0.186,
            0.177,
            0.178,
            0.177,
            0.183,
            0.207
        ],
        [
            0.18,
            0.179,
            0.224,
            0.224,
            0.218,
            0.221,
            0.215,
            0.199,
            0.189,
            0.173,
            0.182,
            0.175,
            0.182,
            0.2
        ],
        [
            0.179,
            0.184,
            0.228,
            0.225,
            0.217,
            0.217,
            0.22,
            0.204,
            0.185,
            0.175,
            0.183,
            0.178,
            0.182,
            0.193
        ],
        [
            0.184,
            0.186,
            0.226,
            0.223,
            0.226,
            0.216,
            0.224,
            0.205,
            0.189,
            0.177,
            0.179,
            0.179,
            0.18,
            0.186
        ],
        [
            0.18,
            0.189,
            0.225,
            0.221,
            0.229,
            0.221,
            0.226,
            0.207,
            0.19,
            0.176,
            0.178,
            0.18,
            0.172,
            0.177
        ],
        [
            0.178,
            0.188,
            0.226,
            0.225,
            0.228,
            0.218,
            0.22,
            0.211,
            0.19,
            0.18,
            0.175,
            0.18,
            0.172,
            0.172
        ],
        [
            0.179,
            0.189,
            0.226,
            0.225,
            0.231,
            0.217,
            0.221,
            0.207,
            0.187,
            0.179,
            0.171,
            0.178,
            0.17,
            0.172
        ],
        [
            0.179,
            0.188,
            0.222,
            0.23,
            0.229,
            0.22,
            0.218,
            0.207,
            0.183,
            0.177,
            0.174,
            0.177,
            0.171,
            0.171
        ],
        [
            0.177,
            0.185,
            0.229,
            0.228,
            0.227,
            0.221,
            0.216,
            0.212,
            0.181,
            0.178,
            0.176,
            0.176,
            0.171,
            0.174
        ],
        [
            0.179,
            0.187,
            0.228,
            0.228,
            0.228,
            0.221,
            0.217,
            0.212,
            0.18,
            0.175,
            0.177,
            0.177,
            0.171,
            0.173
        ],
        [
            0.181,
            0.188,
            0.229,
            0.227,
            0.225,
            0.218,
            0.217,
            0.214,
            0.184,
            0.174,
            0.181,
            0.176,
            0.169,
            0.172
        ],
        [
            0.183,
            0.185,
            0.227,
            0.227,
            0.221,
            0.22,
            0.22,
            0.207,
            0.181,
            0.172,
            0.179,
            0.176,
            0.175,
            0.173
        ],
        [
            0.182,
            0.193,
            0.227,
            0.23,
            0.224,
            0.224,
            0.222,
            0.208,
            0.178,
            0.172,
            0.178,
            0.175,
            0.175,
            0.179
        ],
        [
            0.182,
            0.193,
            0.228,
            0.227,
            0.219,
            0.222,
            0.216,
            0.206,
            0.179,
            0.172,
            0.173,
            0.176,
            0.177,
            0.176
        ],
        [
            0.183,
            0.188,
            0.228,
            0.226,
            0.221,
            0.223,
            0.22,
            0.208,
            0.182,
            0.176,
            0.173,
            0.177,
            0.176,
            0.179
        ],
        [
            0.184,
            0.19,
            0.228,
            0.228,
            0.222,
            0.224,
            0.216,
            0.213,
            0.183,
            0.177,
            0.171,
            0.176,
            0.174,
            0.179
        ],
        [
            0.181,
            0.189,
            0.231,
            0.225,
            0.223,
            0.225,
            0.217,
            0.215,
            0.186,
            0.178,
            0.17,
            0.175,
            0.176,
            0.177
        ],
        [
            0.189,
            0.184,
            0.228,
            0.225,
            0.219,
            0.226,
            0.216,
            0.217,
            0.184,
            0.175,
            0.174,
            0.172,
            0.177,
            0.174
        ],
        [
            0.19,
            0.185,
            0.226,
            0.225,
            0.221,
            0.228,
            0.218,
            0.214,
            0.182,
            0.175,
            0.173,
            0.171,
            0.178,
            0.171
        ],
        [
            0.189,
            0.181,
            0.228,
            0.221,
            0.22,
            0.226,
            0.22,
            0.215,
            0.178,
            0.177,
            0.176,
            0.172,
            0.178,
            0.17
        ],
        [
            0.195,
            0.187,
            0.227,
            0.219,
            0.22,
            0.226,
            0.214,
            0.209,
            0.183,
            0.178,
            0.179,
            0.17,
            0.172,
            0.171
        ],
        [
            0.186,
            0.182,
            0.231,
            0.223,
            0.223,
            0.22,
