{
    "event_type": "flower_visit",
    "event_id": "flower_2_20260410204702187703",
    "flower_id": "flower_2",
    "background_dist": 0.22,
    "start_time": 1775872019.920481,
    "end_time": 1775872022.187544,
    "num_scans": 34,
    "angles": [
        169,
        170,
        171,
        172,
        173,
        174,
        175,
        176,
        177,
        178,
        179,
        180,
        181,
        182
    ],
    "distance_series": [
        [
            1.774,
            0.192,
            0.206,
            0.201,
            0.184,
            0.185,
            0.19,
            0.195,
            0.188,
            0.183,
            0.183,
            0.193,
            0.219,
            0.231
        ],
        [
            2.552,
            0.194,
            0.207,
            0.204,
            0.182,
            0.183,
            0.191,
            0.194,
            0.192,
            0.184,
            0.181,
            0.188,
            0.218,
            0.236
        ],
        [
            2.557,
            0.194,
            0.207,
            0.206,
            0.182,
            0.183,
            0.186,
            0.19,
            0.194,
            0.183,
            0.182,
            0.187,
            0.22,
            0.235
        ],
        [
            1.768,
            0.195,
            0.203,
            0.198,
            0.182,
            0.185,
            0.185,
            0.189,
            0.193,
            0.183,
            0.184,
            0.193,
            0.22,
            0.235
        ],
        [
            1.767,
            0.193,
            0.194,
            0.19,
            0.18,
            0.186,
            0.189,
            0.187,
            0.191,
            0.184,
            0.189,
            0.204,
            0.224,
            0.233
        ],
        [
            0.978,
            0.186,
            0.191,
            0.184,
            0.182,
            0.19,
            0.19,
            0.189,
            0.191,
            0.184,
            0.199,
            0.21,
            0.222,
            0.231
        ],
        [
            0.187,
            0.182,
            0.184,
            0.178,
            0.182,
            0.193,
            0.195,
            0.192,
            0.186,
            0.187,
            0.203,
            0.214,
            0.225,
            0.229
        ],
        [
            0.186,
            0.179,
            0.181,
            0.175,
            0.182,
            0.194,
            0.193,
            0.188,
            0.184,
            0.189,
            0.208,
            0.213,
            0.226,
            0.232
        ],
        [
            0.185,
            0.179,
            0.181,
            0.174,
            0.187,
            0.193,
            0.198,
            0.187,
            0.181,
            0.192,
            0.215,
            0.216,
            0.226,
            0.234
        ],
        [
            0.186,
            0.175,
            0.179,
            0.177,
            0.185,
            0.194,
            0.196,
            0.187,
            0.182,
            0.191,
            0.211,
            0.216,
            0.229,
            0.236
        ],
        [
            0.194,
            0.178,
            0.179,
            0.18,
            0.186,
            0.196,
            0.195,
            0.187,
            0.182,
            0.191,
            0.207,
            0.215,
            0.226,
            0.241
        ],
        [
            0.971,
            0.184,
            0.184,
            0.182,
            0.185,
            0.194,
            0.196,
            0.189,
            0.187,
            0.188,
            0.2,
            0.213,
            0.223,
            0.239
        ],
        [
            1.761,
            0.188,
            0.19,
            0.19,
            0.182,
            0.186,
            0.189,
            0.192,
            0.194,
            0.187,
            0.191,
            0.206,
            0.223,
            0.236
        ],
        [
            2.552,
            0.192,
            0.2,
            0.197,
            0.185,
            0.186,
            0.188,
            0.191,
            0.199,
            0.188,
            0.189,
            0.195,
            0.223,
            0.229
        ],
        [
            3.314,
            0.197,
            0.212,
            0.21,
            0.186,
            0.181,
            0.184,
            0.193,
            0.2,
            0.19,
            0.188,
            0.191,
            0.222,
            0.225
        ],
        [
            3.317,
            0.209,
            0.219,
            0.217,
            0.19,
            0.182,
            0.181,
            0.192,
            0.198,
            0.194,
            0.189,
            0.188,
            0.22,
            0.232
        ],
        [
            3.317,
            0.206,
            0.22,
            0.218,
            0.19,
            0.183,
            0.184,
            0.183,
            0.196,
            0.194,
            0.19,
            0.185,
            0.218,
            0.233
        ],
        [
            3.315,
            0.201,
            0.216,
            0.215,
            0.189,
            0.184,
            0.187,
            0.182,
            0.193,
            0.189,
            0.188,
            0.192,
            0.219,
            0.235
        ],
        [
            2.532,
            0.191,
            0.205,
            0.204,
            0.187,
            0.189,
            0.192,
            0.185,
            0.192,
            0.184,
            0.19,
            0.2,
            0.223,
            0.234
        ],
        [
            1.751,
            0.186,
            0.19,
            0.191,
            0.189,
            0.193,
            0.195,
            0.188,
            0.186,
            0.182,
            0.197,
            0.21,
            0.221,
            0.234
        ],
        [
            0.969,
            0.186,
            0.183,
            0.186,
            0.189,
            0.192,
            0.194,
            0.19,
            0.187,
            0.186,
            0.197,
            0.218,
            0.223,
            0.232
        ],
        [
            0.187,
            0.185,
            0.18,
            0.182,
            0.191,
            0.194,
            0.193,
            0.191,
            0.186,
            0.186,
            0.212,
            0.221,
            0.223,
            0.231
        ],
        [
            0.184,
            0.185,
            0.183,
            0.183,
            0.192,
            0.197,
            0.191,
            0.189,
            0.185,
            0.19,
            0.222,
            0.216,
            0.224,
            0.233
        ],
        [
            0.186,
            0.183,
            0.181,
            0.184,
            0.192,
            0.197,
            0.186,
            0.189,
            0.188,
            0.191,
            0.222,
            0.217,
            0.224,
            0.231
        ],
        [
            0.19,
            0.186,
            0.182,
            0.182,
            0.19,
            0.195,
            0.188,
            0.192,
            0.186,
            0.19,
            0.212,
            0.215,
            0.225,
            0.23
        ],
        [
            0.978,
            0.185,
            0.187,
            0.186,
            0.188,
            0.193,
            0.19,
            0.192,
            0.185,
            0.184,
            0.198,
            0.211,
            0.222,
            0.231
        ],
        [
            1.244,
            0.191,
            0.201,
            0.199,
            0.19,
            0.191,
