{
    "event_type": "flower_visit",
    "event_id": "flower_2_20260410192125966564",
    "flower_id": "flower_2",
    "background_dist": 0.25,
    "start_time": 1775866881.8332648,
    "end_time": 1775866885.96641,
    "num_scans": 62,
    "angles": [
        171,
        172,
        173,
        174,
        175,
        176,
        177,
        178,
        179,
        180,
        181,
        182,
        183
    ],
    "distance_series": [
        [
            0.202,
            0.201,
            0.207,
            0.21,
            0.204,
            0.207,
            0.237,
            0.24,
            0.237,
            0.242,
            0.25,
            0.261,
            0.261
        ],
        [
            0.204,
            0.201,
            0.203,
            0.211,
            0.205,
            0.207,
            0.23,
            0.241,
            0.233,
            0.244,
            0.252,
            0.258,
            0.259
        ],
        [
            0.208,
            0.204,
            0.205,
            0.207,
            0.208,
            0.205,
            0.231,
            0.24,
            0.239,
            0.246,
            0.25,
            0.259,
            0.258
        ],
        [
            0.207,
            0.203,
            0.204,
            0.207,
            0.207,
            0.208,
            0.224,
            0.237,
            0.235,
            0.246,
            0.246,
            0.252,
            0.254
        ],
        [
            0.208,
            0.202,
            0.207,
            0.207,
            0.206,
            0.207,
            0.219,
            0.224,
            0.232,
            0.243,
            0.244,
            0.253,
            0.291
        ],
        [
            0.208,
            0.201,
            0.203,
            0.208,
            0.201,
            0.204,
            0.212,
            0.218,
            0.236,
            0.244,
            0.246,
            0.261,
            0.325
        ],
        [
            0.207,
            0.2,
            0.208,
            0.212,
            0.202,
            0.204,
            0.205,
            0.209,
            0.23,
            0.24,
            0.246,
            0.258,
            0.334
        ],
        [
            0.206,
            0.202,
            0.212,
            0.21,
            0.204,
            0.205,
            0.204,
            0.207,
            0.229,
            0.24,
            0.247,
            0.265,
            0.373
        ],
        [
            0.202,
            0.203,
            0.209,
            0.202,
            0.202,
            0.203,
            0.201,
            0.21,
            0.236,
            0.245,
            0.243,
            0.263,
            0.371
        ],
        [
            0.199,
            0.202,
            0.205,
            0.197,
            0.202,
            0.206,
            0.2,
            0.215,
            0.234,
            0.244,
            0.245,
            0.259,
            0.374
        ],
        [
            0.196,
            0.203,
            0.205,
            0.195,
            0.206,
            0.202,
            0.202,
            0.229,
            0.237,
            0.246,
            0.246,
            0.259,
            0.402
        ],
        [
            0.196,
            0.198,
            0.2,
            0.195,
            0.201,
            0.197,
            0.2,
            0.228,
            0.24,
            0.245,
            0.246,
            0.261,
            0.352
        ],
        [
            0.196,
            0.194,
            0.197,
            0.196,
            0.201,
            0.202,
            0.205,
            0.232,
            0.242,
            0.24,
            0.246,
            0.265,
            0.35
        ],
        [
            0.199,
            0.196,
            0.198,
            0.199,
            0.207,
            0.201,
            0.208,
            0.231,
            0.242,
            0.237,
            0.24,
            0.259,
            0.322
        ],
        [
            0.199,
            0.201,
            0.202,
            0.199,
            0.206,
            0.204,
            0.208,
            0.229,
            0.242,
            0.237,
            0.24,
            0.257,
            0.287
        ],
        [
            0.201,
            0.201,
            0.204,
            0.199,
            0.208,
            0.203,
            0.208,
            0.236,
            0.24,
            0.238,
            0.244,
            0.255,
            0.333
        ],
        [
            0.201,
            0.203,
            0.205,
            0.2,
            0.207,
            0.206,
            0.207,
            0.232,
            0.242,
            0.238,
            0.239,
            0.252,
            0.333
        ],
        [
            0.203,
            0.199,
            0.209,
            0.204,
            0.206,
            0.205,
            0.207,
            0.224,
            0.232,
            0.241,
            0.243,
            0.256,
            0.336
        ],
        [
            0.204,
            0.2,
            0.208,
            0.204,
            0.204,
            0.206,
            0.205,
            0.214,
            0.23,
            0.242,
            0.244,
            0.252,
            0.353
        ],
        [
            0.203,
            0.198,
            0.21,
            0.207,
            0.202,
            0.206,
            0.206,
            0.209,
            0.234,
            0.249,
            0.24,
            0.252,
            0.352
        ],
        [
            0.207,
            0.201,
            0.214,
            0.208,
            0.206,
            0.21,
            0.207,
            0.214,
            0.234,
            0.246,
            0.243,
            0.253,
            0.363
        ],
        [
            0.206,
            0.203,
            0.214,
            0.204,
            0.208,
            0.213,
            0.211,
            0.221,
            0.236,
            0.243,
            0.241,
            0.255,
            0.4
        ],
        [
            0.202,
            0.204,
            0.21,
            0.202,
            0.208,
            0.21,
            0.215,
            0.229,
            0.239,
            0.242,
            0.245,
            0.257,
            0.398
        ],
        [
            0.202,
            0.204,
            0.204,
            0.199,
            0.211,
            0.212,
            0.214,
            0.233,
            0.238,
            0.241,
            0.252,
            0.259,
            0.364
        ],
        [
            0.2,
            0.208,
            0.198,
            0.204,
            0.208,
            0.209,
            0.215,
            0.238,
            0.238,
            0.24,
            0.256,
            0.257,
            0.364
        ],
        [
            0.199,
            0.203,
            0.198,
            0.204,
            0.211,
            0.203,
            0.212,
            0.24,
            0.238,
            0.241,
            0.26,
            0.263,
            0.324
        ],
        [
            0.201,
            0.202,
            0.2,
            0.203,
            0.21,
            0.203,
            0.209,
            0.237,
            0.239,
            0.242,
            0.256,
            0.264,
            0.323
        ],
        [
            0.205,
            0.207,
            0.209,
            0.206,
            0.212,
            0.21,
            0.214,
            0.237,
            0.243,
            0.247,
            0.25,
            0.264,
            0.36
        ],
        [
            0.202,
            0.207,
            0.217,
            0.205,
            0.209,
