{
    "event_type": "flower_visit",
    "event_id": "flower_1_20260401173336900739",
    "flower_id": "flower_1",
    "background_dist": 0.2,
    "start_time": 1775082813.4343832,
    "end_time": 1775082816.900596,
    "num_scans": 52,
    "angles": [
        132,
        133,
        134,
        135,
        136,
        137,
        138
    ],
    "distance_series": [
        [
            0.152,
            0.153,
            0.166,
            0.16,
            0.156,
            0.164,
            0.176
        ],
        [
            0.154,
            0.16,
            0.167,
            0.163,
            0.16,
            0.166,
            0.173
        ],
        [
            0.159,
            0.165,
            0.168,
            0.16,
            0.165,
            0.171,
            0.175
        ],
        [
            0.162,
            0.174,
            0.163,
            0.165,
            0.171,
            0.181,
            0.185
        ],
        [
            0.168,
            0.176,
            0.166,
            0.164,
            0.167,
            0.188,
            0.194
        ],
        [
            0.169,
            0.17,
            0.169,
            0.168,
            0.169,
            0.196,
            0.203
        ],
        [
            0.16,
            0.163,
            0.168,
            0.165,
            0.166,
            0.193,
            0.202
        ],
        [
            0.162,
            0.154,
            0.165,
            0.162,
            0.16,
            0.184,
            0.189
        ],
        [
            0.166,
            0.155,
            0.172,
            0.171,
            0.169,
            0.174,
            0.177
        ],
        [
            0.169,
            0.166,
            0.18,
            0.19,
            0.175,
            0.183,
            0.172
        ],
        [
            0.177,
            0.177,
            0.189,
            0.198,
            0.187,
            0.188,
            0.181
        ],
        [
            0.177,
            0.186,
            0.203,
            0.212,
            0.203,
            0.206,
            0.196
        ],
        [
            0.18,
            0.192,
            0.206,
            0.216,
            0.219,
            0.221,
            0.208
        ],
        [
            0.183,
            0.182,
            0.206,
            0.216,
            0.215,
            0.214,
            0.208
        ],
        [
            0.181,
            0.184,
            0.206,
            0.213,
            0.217,
            0.213,
            0.2
        ],
        [
            0.181,
            0.184,
            0.205,
            0.213,
            0.215,
            0.202,
            0.186
        ],
        [
            0.182,
            0.185,
            0.206,
            0.214,
            0.207,
            0.179,
            0.164
        ],
        [
            0.186,
            0.191,
            0.204,
            0.21,
            0.199,
            0.17,
            0.155
        ],
        [
            0.187,
            0.182,
            0.192,
            0.202,
            0.183,
            0.164,
            0.148
        ],
        [
            0.183,
            0.177,
            0.184,
            0.191,
            0.171,
            0.16,
            0.15
        ],
        [
            0.181,
            0.171,
            0.177,
            0.184,
            0.162,
            0.162,
            0.152
        ],
        [
            0.18,
            0.17,
            0.179,
            0.181,
            0.169,
            0.161,
            0.151
        ],
        [
            0.184,
            0.173,
            0.186,
            0.192,
            0.181,
            0.16,
            0.156
        ],
        [
            0.185,
            0.174,
            0.194,
            0.204,
            0.194,
            0.167,
            0.151
        ],
        [
            0.187,
            0.182,
            0.206,
            0.213,
            0.204,
            0.165,
            0.154
        ],
        [
            0.185,
            0.177,
            0.204,
            0.213,
            0.201,
            0.162,
            0.152
        ],
        [
            0.183,
            0.172,
            0.199,
            0.195,
            0.185,
            0.157,
            0.155
        ],
        [
            0.186,
            0.169,
            0.183,
            0.179,
            0.167,
            0.151,
            0.169
        ],
        [
            0.185,
            0.16,
            0.171,
            0.162,
            0.154,
            0.162,
            0.182
        ],
        [
            0.187,
            0.163,
            0.169,
            0.161,
            0.16,
            0.186,
            0.201
        ],
        [
            0.187,
            0.164,
            0.178,
            0.179,
            0.177,
            0.206,
            0.211
        ],
        [
            0.189,
            0.167,
            0.191,
            0.194,
            0.191,
            0.22,
            0.21
        ],
        [
            0.191,
            0.169,
            0.205,
            0.214,
            0.206,
            0.22,
            0.211
        ],
        [
            0.184,
            0.171,
            0.207,
            0.222,
            0.213,
            0.21,
            0.201
        ],
        [
            0.184,
            0.178,
            0.209,
            0.218,
            0.215,
            0.212,
            0.192
        ],
        [
            0.187,
            0.184,
            0.21,
            0.223,
            0.22,
            0.21,
            0.181
        ],
        [
            0.186,
            0.185,
            0.209,
            0.22,
            0.219,
            0.207,
            0.166
        ],
        [
            0.189,
            0.184,
            0.206,
            0.219,
            0.222,
            0.204,
            0.159
        ],
        [
            0.183,
            0.187,
            0.206,
            0.219,
            0.217,
            0.188,
            0.152
        ],
        [
            0.185,
            0.18,
            0.197,
            0.211,
            0.198,
            0.173,
            0.155
        ],
        [
            0.181,
            0.171,
            0.184,
            0.192,
            0.178,
            0.162,
            0.148
        ],
        [
            0.178,
            0.164,
            0.175,
            0.171,
            0.163,
            0.152,
            0.146
        ],
        [
            0.171,
            0.163,
            0.161,
            0.17,
            0.164,
            0.153,
            0.149
        ],
        [
            0.177,
            0.169,
            0.171,
            0.179,
            0.179,
            0.167,
            0.156
        ],
        [
            0.183,
            0.179,
            0.186,
            0.196,
            0.197,
            0.182,
            0.176
        ],
        [
            0.183,
            0.185,
            0.201,
            0.217,
            0.213,
            0.2,
            0.191
        ],
        [
            0.191,
            0.193,
            0.207,
            0.222,
            0.22,
            0.207,
            0.206
        ],
        [
            0.19,
            0.195,
            0.209,
            0.219,
            0.217,
            0.215,
            0.221
        ],
        [
            0.186,
            0.194,
            0.206,
            0.221,
            0.213,
            0.217,
            0.223
        ],
        [
            0.184,
            0.192,
            0.209,
            0.219,
            0.213,
            0.218,
            0.22
        ],
        [
