{
    "event_type": "flower_visit",
    "event_id": "flower_1_20260401174420761192",
    "flower_id": "flower_1",
    "background_dist": 0.2,
    "start_time": 1775083458.894908,
    "end_time": 1775083460.7610471,
    "num_scans": 28,
    "angles": [
        132,
        133,
        134,
        135,
        136,
        137,
        138
    ],
    "distance_series": [
        [
            0.159,
            0.157,
            0.16,
            0.154,
            0.16,
            0.163,
            0.167
        ],
        [
            0.158,
            0.158,
            0.162,
            0.157,
            0.162,
            0.164,
            0.17
        ],
        [
            0.157,
            0.158,
            0.165,
            0.159,
            0.163,
            0.169,
            0.167
        ],
        [
            0.159,
            0.162,
            0.161,
            0.163,
            0.165,
            0.171,
            0.164
        ],
        [
            0.163,
            0.166,
            0.163,
            0.163,
            0.164,
            0.173,
            0.167
        ],
        [
            0.168,
            0.162,
            0.16,
            0.163,
            0.166,
            0.164,
            0.162
        ],
        [
            0.17,
            0.156,
            0.16,
            0.164,
            0.165,
            0.162,
            0.161
        ],
        [
            0.163,
            0.154,
            0.153,
            0.162,
            0.165,
            0.164,
            0.161
        ],
        [
            0.164,
            0.156,
            0.155,
            0.158,
            0.161,
            0.16,
            0.157
        ],
        [
            0.165,
            0.163,
            0.155,
            0.156,
            0.16,
            0.155,
            0.156
        ],
        [
            0.175,
            0.163,
            0.159,
            0.159,
            0.161,
            0.158,
            0.157
        ],
        [
            0.182,
            0.168,
            0.162,
            0.166,
            0.166,
            0.159,
            0.159
        ],
        [
            0.186,
            0.171,
            0.176,
            0.18,
            0.179,
            0.17,
            0.161
        ],
        [
            0.188,
            0.169,
            0.182,
            0.193,
            0.19,
            0.183,
            0.165
        ],
        [
            0.183,
            0.174,
            0.189,
            0.202,
            0.198,
            0.191,
            0.166
        ],
        [
            0.189,
            0.175,
            0.197,
            0.209,
            0.204,
            0.192,
            0.169
        ],
        [
            0.178,
            0.172,
            0.2,
            0.213,
            0.205,
            0.179,
            0.169
        ],
        [
            0.18,
            0.175,
            0.2,
            0.208,
            0.197,
            0.17,
            0.165
        ],
        [
            0.185,
            0.173,
            0.204,
            0.204,
            0.193,
            0.165,
            0.163
        ],
        [
            0.179,
            0.176,
            0.208,
            0.207,
            0.184,
            0.163,
            0.167
        ],
        [
            0.19,
            0.179,
            0.206,
            0.209,
            0.185,
            0.169,
            0.172
        ],
        [
            0.187,
            0.18,
            0.207,
            0.211,
            0.187,
            0.171,
            0.174
        ],
        [
            0.175,
            0.174,
            0.206,
            0.213,
            0.193,
            0.173,
            0.178
        ],
        [
            0.181,
            0.182,
            0.208,
            0.214,
            0.204,
            0.177,
            0.175
        ],
        [
            0.176,
            0.184,
            0.211,
            0.216,
            0.207,
            0.18,
            0.17
        ],
        [
            0.177,
            0.187,
            0.213,
            0.217,
            0.211,
            0.182,
            0.173
        ],
        [
            0.178,
            0.192,
            0.209,
            0.216,
            0.207,
            0.184,
            0.177
        ],
        [
            0.179,
            0.187,
            0.202,
            0.205,
            0.194,
            0.183,
            0.179
        ]
    ],
    "timestamp": "2026-04-01T17:44:20.761283",
    "label": "not_bee"
}