{
    "event_type": "flower_visit",
    "event_id": "flower_1_20260409152412390926",
    "flower_id": "flower_1",
    "background_dist": 0.2,
    "start_time": 1775766250.124002,
    "end_time": 1775766252.3907788,
    "num_scans": 34,
    "angles": [
        92,
        93,
        94,
        95,
        96,
        97,
        98,
        99,
        100,
        101,
        102,
        103,
        104
    ],
    "distance_series": [
        [
            0.161,
            0.164,
            0.167,
            0.176,
            0.177,
            0.168,
            0.166,
            0.186,
            0.193,
            0.197,
            0.199,
            0.193,
            0.207
        ],
        [
            0.166,
            0.167,
            0.169,
            0.175,
            0.174,
            0.166,
            0.172,
            0.189,
            0.192,
            0.199,
            0.196,
            0.197,
            0.206
        ],
        [
            0.173,
            0.168,
            0.169,
            0.171,
            0.17,
            0.165,
            0.175,
            0.188,
            0.195,
            0.198,
            0.197,
            0.196,
            0.202
        ],
        [
            0.17,
            0.17,
            0.171,
            0.165,
            0.17,
            0.164,
            0.18,
            0.192,
            0.197,
            0.194,
            0.195,
            0.2,
            0.207
        ],
        [
            0.168,
            0.169,
            0.168,
            0.162,
            0.165,
            0.17,
            0.2,
            0.193,
            0.196,
            0.197,
            0.193,
            0.199,
            0.203
        ],
        [
            0.168,
            0.167,
            0.167,
            0.16,
            0.164,
            0.176,
            0.194,
            0.191,
            0.195,
            0.196,
            0.197,
            0.199,
            0.203
        ],
        [
            0.167,
            0.169,
            0.165,
            0.16,
            0.164,
            0.18,
            0.188,
            0.194,
            0.194,
            0.195,
            0.193,
            0.201,
            0.198
        ],
        [
            0.171,
            0.169,
            0.164,
            0.162,
            0.166,
            0.183,
            0.193,
            0.195,
            0.193,
            0.196,
            0.19,
            0.196,
            0.204
        ],
        [
            0.171,
            0.167,
            0.168,
            0.169,
            0.169,
            0.184,
            0.193,
            0.195,
            0.192,
            0.198,
            0.197,
            0.198,
            0.205
        ],
        [
            0.167,
            0.169,
            0.169,
            0.17,
            0.167,
            0.189,
            0.197,
            0.195,
            0.196,
            0.2,
            0.199,
            0.196,
            0.202
        ],
        [
            0.168,
            0.168,
            0.17,
            0.171,
            0.168,
            0.183,
            0.193,
            0.194,
            0.197,
            0.2,
            0.199,
            0.2,
            0.204
        ],
        [
            0.166,
            0.168,
            0.171,
            0.171,
            0.164,
            0.176,
            0.187,
            0.195,
            0.197,
            0.197,
            0.2,
            0.197,
            0.203
        ],
        [
            0.169,
            0.168,
            0.171,
            0.172,
            0.16,
            0.166,
            0.189,
            0.189,
            0.199,
            0.195,
            0.196,
            0.198,
            0.204
        ],
        [
            0.166,
            0.167,
            0.174,
            0.17,
            0.157,
            0.162,
            0.188,
            0.19,
            0.198,
            0.193,
            0.195,
            0.197,
            0.208
        ],
        [
            0.164,
            0.169,
            0.173,
            0.172,
            0.157,
            0.167,
            0.182,
            0.192,
            0.196,
            0.192,
            0.192,
            0.195,
            0.209
        ],
        [
            0.167,
            0.169,
            0.167,
            0.171,
            0.158,
            0.168,
            0.185,
            0.192,
            0.195,
            0.193,
            0.194,
            0.195,
            0.207
        ],
        [
            0.165,
            0.165,
            0.165,
            0.169,
            0.154,
            0.169,
            0.187,
            0.194,
            0.196,
            0.194,
            0.2,
            0.197,
            0.206
        ],
        [
            0.167,
            0.166,
            0.163,
            0.169,
            0.166,
            0.173,
            0.19,
            0.198,
            0.195,
            0.196,
            0.199,
            0.201,
            0.201
        ],
        [
            0.168,
            0.164,
            0.165,
            0.167,
            0.17,
            0.172,
            0.189,
            0.198,
            0.195,
            0.198,
            0.199,
            0.197,
            0.205
        ],
        [
            0.168,
            0.164,
            0.167,
            0.167,
            0.171,
            0.172,
            0.193,
            0.193,
            0.195,
            0.197,
            0.2,
            0.2,
            0.202
        ],
        [
            0.17,
            0.167,
            0.169,
            0.168,
            0.173,
            0.168,
            0.186,
            0.193,
            0.194,
            0.196,
            0.198,
            0.197,
            0.203
        ],
        [
            0.168,
            0.167,
            0.167,
            0.171,
            0.176,
            0.169,
            0.179,
            0.188,
            0.192,
            0.197,
            0.198,
            0.195,
            0.202
        ],
        [
            0.167,
            0.166,
            0.167,
            0.176,
            0.172,
            0.165,
            0.175,
            0.183,
            0.198,
            0.191,
            0.197,
            0.195,
            0.2
        ],
        [
            0.165,
            0.168,
            0.167,
            0.175,
            0.169,
            0.167,
            0.175,
            0.184,
            0.188,
            0.193,
            0.198,
            0.193,
            0.202
        ],
        [
            0.161,
            0.171,
            0.165,
            0.167,
            0.168,
            0.171,
            0.177,
            0.182,
            0.191,
            0.196,
            0.196,
            0.196,
            0.201
        ],
        [
            0.163,
            0.17,
            0.165,
            0.162,
            0.171,
            0.17,
            0.179,
            0.185,
            0.195,
            0.193,
            0.197,
            0.197,
            0.201
        ],
        [
            0.165,
            0.169,
            0.169,
            0.166,
            0.17,
            0.169,
            0.181,
            0.187,
            0.192,
            0.201,
            0.198,
            0.202,
            0.202
        ],
        [
            1.842,
            0.177,
            0.178,
            0.173,
            0.171,
            0.171,
            0.183,
            0.192,
            0.195,
            0.196,
            0.197,
            0.201,
            0.203
        ],
        [
            1.863,
            0.183,
            0.191,
            0.184,
            0.179,
