{
    "event_type": "flower_visit",
    "event_id": "flower_2_20260409163337080195",
    "flower_id": "flower_2",
    "background_dist": 0.42,
    "start_time": 1775770415.6119711,
    "end_time": 1775770417.079548,
    "num_scans": 22,
    "angles": [
        194,
        195,
        196,
        197,
        198,
        199,
        200
    ],
    "distance_series": [
        [
            0.466,
            0.398,
            0.386,
            0.382,
            0.398,
            0.439,
            0.552
        ],
        [
            0.464,
            0.403,
            0.386,
            0.387,
            0.389,
            0.439,
            0.55
        ],
        [
            0.468,
            0.404,
            0.383,
            0.385,
            0.401,
            0.437,
            0.55
        ],
        [
            0.468,
            0.403,
            0.385,
            0.383,
            0.398,
            0.437,
            0.551
        ],
        [
            0.468,
            0.399,
            0.388,
            0.385,
            0.389,
            0.438,
            0.55
        ],
        [
            0.464,
            0.392,
            0.388,
            0.384,
            0.404,
            0.439,
            0.552
        ],
        [
            0.457,
            0.387,
            0.384,
            0.384,
            0.405,
            0.438,
            0.555
        ],
        [
            0.455,
            0.385,
            0.374,
            0.388,
            0.407,
            0.44,
            0.552
        ],
        [
            0.443,
            0.386,
            0.372,
            0.387,
            0.419,
            0.445,
            0.553
        ],
        [
            0.436,
            0.393,
            0.373,
            0.385,
            0.413,
            0.445,
            0.545
        ],
        [
            0.434,
            0.392,
            0.382,
            0.385,
            0.419,
            0.447,
            0.541
        ],
        [
            0.421,
            0.39,
            0.388,
            0.386,
            0.42,
            0.447,
            0.541
        ],
        [
            0.421,
            0.383,
            0.393,
            0.394,
            0.418,
            0.444,
            0.539
        ],
        [
            0.428,
            0.383,
            0.392,
            0.393,
            0.423,
            0.446,
            0.541
        ],
        [
            0.424,
            0.392,
            0.396,
            0.395,
            0.423,
            0.446,
            0.542
        ],
        [
            0.431,
            0.392,
            0.399,
            0.393,
            0.423,
            0.445,
            0.543
        ],
        [
            0.438,
            0.392,
            0.391,
            0.386,
            0.42,
            0.443,
            0.548
        ],
        [
            0.435,
            0.391,
            0.392,
            0.385,
            0.419,
            0.445,
            0.552
        ],
        [
            0.446,
            0.387,
            0.389,
            0.388,
            0.416,
            0.442,
            0.549
        ],
        [
            0.455,
            0.39,
            0.388,
            0.385,
            0.415,
            0.442,
            0.55
        ],
        [
            0.455,
            0.389,
            0.391,
            0.385,
            0.416,
            0.442,
            0.545
        ],
        [
            0.463,
            0.394,
            0.392,
            0.388,
            0.413,
            0.439,
            0.547
        ]
    ],
    "timestamp": "2026-04-09T16:33:37.080236",
    "label": "bee"
}