{
    "event_type": "flower_visit",
    "event_id": "flower_2_20260412163651753570",
    "flower_id": "flower_2",
    "background_dist": 0.32,
    "start_time": 1776029806.82064,
    "end_time": 1776029811.753404,
    "num_scans": 74,
    "angles": [
        108,
        109,
        110,
        111,
        112,
        113,
        114,
        115,
        116
    ],
    "distance_series": [
        [
            0.326,
            0.32,
            0.312,
            0.314,
            0.308,
            0.307,
            0.291,
            0.274,
            0.267
        ],
        [
            0.322,
            0.319,
            0.314,
            0.317,
            0.311,
            0.312,
            0.295,
            0.275,
            0.272
        ],
        [
            0.326,
            0.323,
            0.318,
            0.31,
            0.315,
            0.31,
            0.297,
            0.284,
            0.28
        ],
        [
            0.325,
            0.328,
            0.324,
            0.316,
            0.319,
            0.306,
            0.296,
            0.289,
            0.281
        ],
        [
            0.327,
            0.325,
            0.326,
            0.316,
            0.319,
            0.307,
            0.291,
            0.29,
            0.286
        ],
        [
            0.329,
            0.327,
            0.327,
            0.32,
            0.322,
            0.309,
            0.292,
            0.286,
            0.285
        ],
        [
            0.325,
            0.327,
            0.321,
            0.32,
            0.322,
            0.316,
            0.292,
            0.28,
            0.279
        ],
        [
            0.325,
            0.321,
            0.318,
            0.321,
            0.319,
            0.314,
            0.288,
            0.275,
            0.277
        ],
        [
            0.326,
            0.327,
            0.322,
            0.317,
            0.318,
            0.305,
            0.284,
            0.272,
            0.273
        ],
        [
            0.329,
            0.332,
            0.323,
            0.316,
            0.314,
            0.298,
            0.284,
            0.275,
            0.27
        ],
        [
            0.33,
            0.33,
            0.325,
            0.313,
            0.316,
            0.29,
            0.277,
            0.275,
            0.273
        ],
        [
            0.33,
            0.328,
            0.319,
            0.317,
            0.32,
            0.288,
            0.274,
            0.277,
            0.274
        ],
        [
            0.328,
            0.32,
            0.316,
            0.317,
            0.319,
            0.287,
            0.278,
            0.276,
            0.272
        ],
        [
            0.324,
            0.319,
            0.317,
            0.317,
            0.321,
            0.287,
            0.278,
            0.273,
            0.269
        ],
        [
            0.324,
            0.321,
            0.315,
            0.32,
            0.323,
            0.287,
            0.276,
            0.265,
            0.267
        ],
        [
            0.326,
            0.319,
            0.317,
            0.315,
            0.319,
            0.288,
            0.281,
            0.265,
            0.265
        ],
        [
            0.323,
            0.324,
            0.312,
            0.314,
            0.317,
            0.295,
            0.278,
            0.268,
            0.266
        ],
        [
            0.323,
            0.328,
            0.313,
            0.312,
            0.316,
            0.295,
            0.282,
            0.275,
            0.27
        ],
        [
            0.326,
            0.327,
            0.317,
            0.308,
            0.311,
            0.298,
            0.283,
            0.281,
            0.271
        ],
        [
            0.326,
            0.325,
            0.324,
            0.313,
            0.316,
            0.298,
            0.283,
            0.281,
            0.274
        ],
        [
            0.326,
            0.323,
            0.319,
            0.316,
            0.317,
            0.289,
            0.28,
            0.279,
            0.275
        ],
        [
            0.327,
            0.325,
            0.323,
            0.319,
            0.315,
            0.289,
            0.278,
            0.275,
            0.272
        ],
        [
            0.325,
            0.324,
            0.327,
            0.319,
            0.312,
            0.288,
            0.274,
            0.275,
            0.268
        ],
        [
            0.327,
            0.326,
            0.321,
            0.317,
            0.321,
            0.287,
            0.273,
            0.27,
            0.266
        ],
        [
            0.327,
            0.331,
            0.32,
            0.314,
            0.317,
            0.29,
            0.277,
            0.272,
            0.267
        ],
        [
            0.328,
            0.328,
            0.32,
            0.316,
            0.318,
            0.288,
            0.28,
            0.274,
            0.271
        ],
        [
            0.328,
            0.325,
            0.321,
            0.315,
            0.313,
            0.287,
            0.282,
            0.277,
            0.275
        ],
        [
            0.329,
            0.326,
            0.324,
            0.316,
            0.305,
            0.285,
            0.281,
            0.279,
            0.276
        ],
        [
            0.329,
            0.328,
            0.325,
            0.317,
            0.305,
            0.283,
            0.279,
            0.275,
            0.271
        ],
        [
            0.327,
            0.328,
            0.33,
            0.309,
            0.311,
            0.286,
            0.28,
            0.273,
            0.267
        ],
        [
            0.332,
            0.326,
            0.325,
            0.318,
            0.312,
            0.285,
            0.282,
            0.272,
            0.263
        ],
        [
            0.332,
            0.327,
            0.327,
            0.319,
            0.319,
            0.289,
            0.279,
            0.274,
            0.266
        ],
        [
            0.333,
            0.327,
            0.322,
            0.321,
            0.314,
            0.292,
            0.281,
            0.277,
            0.268
        ],
        [
            0.329,
            0.326,
            0.319,
            0.318,
            0.31,
            0.295,
            0.284,
            0.277,
            0.273
        ],
        [
            0.329,
            0.328,
            0.321,
            0.315,
            0.308,
            0.299,
            0.285,
            0.283,
            0.274
        ],
        [
            0.328,
            0.325,
            0.317,
            0.319,
            0.307,
            0.302,
            0.292,
            0.287,
            0.276
        ],
        [
            0.326,
            0.326,
            0.317,
            0.319,
            0.314,
            0.309,
            0.299,
            0.296,
            0.273
        ],
        [
            0.327,
            0.325,
            0.319,
            0.318,
            0.314,
            0.316,
            0.307,
            0.305,
            0.271
        ],
        [
            0.325,
            0.326,
            0.32,
            0.319,
            0.318,
            0.316,
            0.307,
            0.304,
            0.27
        ],
        [
            0.325,
            0.33,
            0.322,
            0.313,
            0.314,
            0.312,
            0.309,
            0.311,
            0.283
