{
    "event_type": "flower_visit",
    "event_id": "flower_2_20260409163507476528",
    "flower_id": "flower_2",
    "background_dist": 0.42,
    "start_time": 1775770502.277078,
    "end_time": 1775770507.4763641,
    "num_scans": 78,
    "angles": [
        194,
        195,
        196,
        197,
        198,
        199,
        200
    ],
    "distance_series": [
        [
            0.471,
            0.417,
            0.38,
            0.382,
            0.379,
            0.441,
            0.578
        ],
        [
            0.47,
            0.416,
            0.378,
            0.389,
            0.379,
            0.442,
            0.576
        ],
        [
            0.474,
            0.411,
            0.378,
            0.387,
            0.385,
            0.441,
            0.581
        ],
        [
            0.478,
            0.404,
            0.381,
            0.39,
            0.387,
            0.442,
            0.58
        ],
        [
            0.48,
            0.399,
            0.38,
            0.389,
            0.391,
            0.446,
            0.579
        ],
        [
            0.483,
            0.392,
            0.381,
            0.387,
            0.396,
            0.449,
            0.579
        ],
        [
            0.484,
            0.387,
            0.38,
            0.383,
            0.401,
            0.452,
            0.582
        ],
        [
            0.484,
            0.385,
            0.376,
            0.384,
            0.405,
            0.451,
            0.585
        ],
        [
            0.487,
            0.386,
            0.377,
            0.386,
            0.408,
            0.451,
            0.588
        ],
        [
            0.487,
            0.386,
            0.377,
            0.387,
            0.406,
            0.448,
            0.586
        ],
        [
            0.493,
            0.385,
            0.374,
            0.391,
            0.406,
            0.447,
            0.582
        ],
        [
            0.493,
            0.384,
            0.382,
            0.386,
            0.409,
            0.447,
            0.584
        ],
        [
            0.488,
            0.382,
            0.382,
            0.386,
            0.408,
            0.447,
            0.588
        ],
        [
            0.492,
            0.383,
            0.379,
            0.387,
            0.407,
            0.452,
            0.586
        ],
        [
            0.489,
            0.384,
            0.38,
            0.387,
            0.409,
            0.451,
            0.582
        ],
        [
            0.492,
            0.388,
            0.376,
            0.39,
            0.412,
            0.454,
            0.581
        ],
        [
            0.494,
            0.387,
            0.375,
            0.388,
            0.411,
            0.452,
            0.575
        ],
        [
            0.496,
            0.389,
            0.376,
            0.382,
            0.41,
            0.45,
            0.578
        ],
        [
            0.495,
            0.385,
            0.376,
            0.381,
            0.412,
            0.451,
            0.581
        ],
        [
            0.495,
            0.382,
            0.378,
            0.385,
            0.413,
            0.444,
            0.577
        ],
        [
            0.497,
            0.384,
            0.375,
            0.386,
            0.414,
            0.446,
            0.575
        ],
        [
            0.49,
            0.381,
            0.374,
            0.387,
            0.416,
            0.444,
            0.576
        ],
        [
            0.495,
            0.389,
            0.376,
            0.388,
            0.415,
            0.447,
            0.573
        ],
        [
            0.496,
            0.395,
            0.383,
            0.388,
            0.417,
            0.452,
            0.578
        ],
        [
            0.497,
            0.396,
            0.387,
            0.39,
            0.411,
            0.451,
            0.582
        ],
        [
            0.497,
            0.397,
            0.389,
            0.393,
            0.408,
            0.447,
            0.579
        ],
        [
            0.494,
            0.395,
            0.388,
            0.395,
            0.411,
            0.446,
            0.579
        ],
        [
            0.495,
            0.391,
            0.387,
            0.394,
            0.418,
            0.446,
            0.582
        ],
        [
            0.494,
            0.386,
            0.384,
            0.394,
            0.416,
            0.442,
            0.58
        ],
        [
            0.498,
            0.388,
            0.383,
            0.393,
            0.418,
            0.445,
            0.578
        ],
        [
            0.495,
            0.385,
            0.38,
            0.391,
            0.415,
            0.445,
            0.58
        ],
        [
            0.494,
            0.385,
            0.383,
            0.391,
            0.411,
            0.448,
            0.586
        ],
        [
            0.491,
            0.384,
            0.381,
            0.388,
            0.417,
            0.456,
            0.589
        ],
        [
            0.487,
            0.387,
            0.381,
            0.385,
            0.416,
            0.454,
            0.59
        ],
        [
            0.487,
            0.389,
            0.384,
            0.383,
            0.409,
            0.455,
            0.586
        ],
        [
            0.485,
            0.392,
            0.385,
            0.386,
            0.406,
            0.45,
            0.578
        ],
        [
            0.485,
            0.391,
            0.381,
            0.387,
            0.408,
            0.446,
            0.574
        ],
        [
            0.487,
            0.39,
            0.383,
            0.388,
            0.411,
            0.444,
            0.576
        ],
        [
            0.492,
            0.386,
            0.38,
            0.385,
            0.416,
            0.445,
            0.576
        ],
        [
            0.488,
            0.386,
            0.379,
            0.386,
            0.418,
            0.445,
            0.579
        ],
        [
            0.493,
            0.387,
            0.381,
            0.384,
            0.417,
            0.443,
            0.583
        ],
        [
            0.498,
            0.389,
            0.378,
            0.381,
            0.418,
            0.447,
            0.584
        ],
        [
            0.497,
            0.391,
            0.381,
            0.381,
            0.412,
            0.446,
            0.581
        ],
        [
            0.5,
            0.391,
            0.382,
            0.382,
            0.415,
            0.447,
            0.578
        ],
        [
            0.497,
            0.392,
            0.383,
            0.382,
            0.413,
            0.447,
            0.578
        ],
        [
            0.494,
            0.393,
            0.382,
            0.385,
            0.411,
            0.449,
            0.575
        ],
        [
            0.49,
            0.392,
            0.383,
            0.387,
            0.41,
            0.448,
            0.579
        ],
        [
            0.491,
            0.389,
            0.384,
            0.389,
            0.409,
            0.446,
            0.58
        ],
        [
            0.49,
            0.388,
            0.387,
            0.382,
            0.409,
            0.449,
            0.581
        ],
        [
            0.488,
            0.382,
            0.387,
            0.379,
            0.419,
            0.446,
            0.58
        ],
