{
    "event_type": "flower_visit",
    "event_id": "flower_2_20260410204927452970",
    "flower_id": "flower_2",
    "background_dist": 0.22,
    "start_time": 1775872163.2525702,
    "end_time": 1775872167.452802,
    "num_scans": 63,
    "angles": [
        169,
        170,
        171,
        172,
        173,
        174,
        175,
        176,
        177,
        178,
        179,
        180,
        181,
        182
    ],
    "distance_series": [
        [
            0.207,
            0.191,
            0.215,
            0.227,
            0.229,
            0.223,
            0.214,
            0.215,
            0.196,
            0.198,
            0.204,
            0.187,
            0.169,
            0.186
        ],
        [
            0.203,
            0.191,
            0.219,
            0.225,
            0.223,
            0.22,
            0.217,
            0.212,
            0.202,
            0.197,
            0.208,
            0.185,
            0.17,
            0.185
        ],
        [
            0.202,
            0.201,
            0.222,
            0.221,
            0.222,
            0.217,
            0.211,
            0.218,
            0.197,
            0.192,
            0.211,
            0.183,
            0.169,
            0.183
        ],
        [
            0.201,
            0.192,
            0.224,
            0.223,
            0.219,
            0.214,
            0.209,
            0.219,
            0.195,
            0.196,
            0.208,
            0.188,
            0.169,
            0.183
        ],
        [
            0.959,
            0.189,
            0.219,
            0.225,
            0.221,
            0.215,
            0.212,
            0.213,
            0.198,
            0.193,
            0.213,
            0.189,
            0.171,
            0.181
        ],
        [
            0.955,
            0.195,
            0.212,
            0.222,
            0.221,
            0.216,
            0.209,
            0.214,
            0.194,
            0.197,
            0.211,
            0.195,
            0.168,
            0.182
        ],
        [
            0.953,
            0.193,
            0.213,
            0.224,
            0.22,
            0.215,
            0.209,
            0.21,
            0.194,
            0.204,
            0.206,
            0.189,
            0.172,
            0.183
        ],
        [
            0.957,
            0.195,
            0.215,
            0.222,
            0.218,
            0.217,
            0.209,
            0.206,
            0.192,
            0.202,
            0.205,
            0.19,
            0.172,
            0.186
        ],
        [
            0.201,
            0.195,
            0.215,
            0.22,
            0.218,
            0.217,
            0.215,
            0.203,
            0.189,
            0.203,
            0.204,
            0.19,
            0.175,
            0.188
        ],
        [
            0.199,
            0.19,
            0.215,
            0.224,
            0.224,
            0.219,
            0.213,
            0.206,
            0.189,
            0.205,
            0.202,
            0.19,
            0.176,
            0.184
        ],
        [
            0.203,
            0.191,
            0.215,
            0.219,
            0.222,
            0.216,
            0.216,
            0.207,
            0.191,
            0.2,
            0.203,
            0.192,
            0.174,
            0.187
        ],
        [
            0.214,
            0.194,
            0.212,
            0.222,
            0.222,
            0.217,
            0.218,
            0.207,
            0.191,
            0.199,
            0.199,
            0.192,
            0.178,
            0.184
        ],
        [
            0.191,
            0.191,
            0.214,
            0.224,
            0.219,
            0.216,
            0.214,
            0.206,
            0.195,
            0.199,
            0.197,
            0.192,
            0.175,
            0.187
        ],
        [
            0.201,
            0.188,
            0.218,
            0.221,
            0.219,
            0.214,
            0.215,
            0.207,
            0.196,
            0.201,
            0.208,
            0.194,
            0.168,
            0.191
        ],
        [
            0.192,
            0.186,
            0.219,
            0.221,
            0.223,
            0.217,
            0.216,
            0.207,
            0.193,
            0.201,
            0.202,
            0.188,
            0.167,
            0.191
        ],
        [
            0.188,
            0.191,
            0.221,
            0.218,
            0.221,
            0.217,
            0.214,
            0.207,
            0.199,
            0.201,
            0.205,
            0.184,
            0.17,
            0.19
        ],
        [
            0.205,
            0.191,
            0.223,
            0.225,
            0.222,
            0.218,
            0.216,
            0.207,
            0.199,
            0.195,
            0.202,
            0.184,
            0.171,
            0.183
        ],
        [
            0.949,
            0.192,
            0.216,
            0.219,
            0.22,
            0.22,
            0.21,
            0.207,
            0.191,
            0.196,
            0.204,
            0.186,
            0.178,
            0.178
        ],
        [
            0.968,
            0.191,
            0.218,
            0.219,
            0.222,
            0.218,
            0.208,
            0.209,
            0.193,
            0.196,
            0.209,
            0.19,
            0.178,
            0.182
        ],
        [
            0.989,
            0.19,
            0.218,
            0.219,
            0.225,
            0.219,
            0.209,
            0.212,
            0.188,
            0.193,
            0.209,
            0.196,
            0.177,
            0.177
        ],
        [
            1.006,
            0.19,
            0.222,
            0.221,
            0.221,
            0.218,
            0.214,
            0.212,
            0.196,
            0.204,
            0.207,
            0.185,
            0.177,
            0.178
        ],
        [
            0.211,
            0.19,
            0.227,
            0.226,
            0.22,
            0.22,
            0.215,
            0.207,
            0.19,
            0.2,
            0.208,
            0.19,
            0.176,
            0.182
        ],
        [
            0.213,
            0.195,
            0.222,
            0.224,
            0.225,
            0.225,
            0.217,
            0.208,
            0.185,
            0.203,
            0.205,
            0.184,
            0.174,
            0.181
        ],
        [
            0.206,
            0.194,
            0.222,
            0.227,
            0.224,
            0.218,
            0.215,
            0.207,
            0.185,
            0.209,
            0.21,
            0.185,
            0.179,
            0.184
        ],
        [
            0.209,
            0.2,
            0.219,
            0.225,
            0.227,
            0.221,
            0.213,
            0.202,
            0.184,
            0.206,
            0.213,
            0.187,
            0.176,
            0.187
        ],
        [
            0.214,
            0.198,
            0.217,
            0.225,
            0.228,
            0.218,
            0.214,
            0.207,
            0.19,
            0.205,
            0.213,
            0.183,
            0.178,
            0.184
        ],
        [
            0.207,
            0.19,
            0.218,
            0.227,
            0.221,
            0.223,
