{
    "event_type": "flower_visit",
    "event_id": "flower_1_20260412164654747207",
    "flower_id": "flower_1",
    "background_dist": 0.32,
    "start_time": 1776030409.146981,
    "end_time": 1776030414.747063,
    "num_scans": 84,
    "angles": [
        81,
        82,
        83,
        84,
        85,
        86
    ],
    "distance_series": [
        [
            0.273,
            0.278,
            0.28,
            0.285,
            0.3,
            0.323
        ],
        [
            0.274,
            0.279,
            0.279,
            0.285,
            0.298,
            0.325
        ],
        [
            0.277,
            0.276,
            0.279,
            0.285,
            0.299,
            0.326
        ],
        [
            0.276,
            0.278,
            0.277,
            0.283,
            0.299,
            0.328
        ],
        [
            0.276,
            0.275,
            0.277,
            0.283,
            0.297,
            0.331
        ],
        [
            0.274,
            0.275,
            0.276,
            0.283,
            0.297,
            0.327
        ],
        [
            0.276,
            0.276,
            0.276,
            0.284,
            0.301,
            0.324
        ],
        [
            0.27,
            0.278,
            0.279,
            0.285,
            0.301,
            0.325
        ],
        [
            0.274,
            0.277,
            0.28,
            0.288,
            0.304,
            0.318
        ],
        [
            0.276,
            0.277,
            0.276,
            0.289,
            0.305,
            0.319
        ],
        [
            0.276,
            0.277,
            0.276,
            0.288,
            0.306,
            0.317
        ],
        [
            0.278,
            0.278,
            0.275,
            0.29,
            0.304,
            0.318
        ],
        [
            0.276,
            0.276,
            0.278,
            0.291,
            0.305,
            0.323
        ],
        [
            0.276,
            0.279,
            0.281,
            0.29,
            0.305,
            0.327
        ],
        [
            0.272,
            0.28,
            0.28,
            0.289,
            0.306,
            0.327
        ],
        [
            0.274,
            0.281,
            0.276,
            0.29,
            0.305,
            0.328
        ],
        [
            0.274,
            0.281,
            0.275,
            0.288,
            0.305,
            0.327
        ],
        [
            0.278,
            0.279,
            0.276,
            0.29,
            0.305,
            0.328
        ],
        [
            0.278,
            0.277,
            0.278,
            0.29,
            0.302,
            0.324
        ],
        [
            0.279,
            0.277,
            0.281,
            0.288,
            0.302,
            0.321
        ],
        [
            0.28,
            0.279,
            0.278,
            0.284,
            0.3,
            0.32
        ],
        [
            0.275,
            0.278,
            0.277,
            0.281,
            0.299,
            0.321
        ],
        [
            0.275,
            0.28,
            0.279,
            0.281,
            0.296,
            0.325
        ],
        [
            0.275,
            0.28,
            0.276,
            0.28,
            0.3,
            0.325
        ],
        [
            0.276,
            0.277,
            0.279,
            0.282,
            0.3,
            0.327
        ],
        [
            0.277,
            0.275,
            0.279,
            0.282,
            0.301,
            0.326
        ],
        [
            0.277,
            0.277,
            0.282,
            0.282,
            0.306,
            0.324
        ],
        [
            0.277,
            0.28,
            0.284,
            0.286,
            0.303,
            0.324
        ],
        [
            0.276,
            0.283,
            0.286,
            0.286,
            0.307,
            0.327
        ],
        [
            0.276,
            0.282,
            0.283,
            0.287,
            0.308,
            0.325
        ],
        [
            0.274,
            0.28,
            0.281,
            0.29,
            0.308,
            0.329
        ],
        [
            0.276,
            0.278,
            0.281,
            0.287,
            0.307,
            0.325
        ],
        [
            0.274,
            0.278,
            0.277,
            0.287,
            0.305,
            0.321
        ],
        [
            0.271,
            0.281,
            0.279,
            0.289,
            0.303,
            0.322
        ],
        [
            0.274,
            0.283,
            0.281,
            0.292,
            0.302,
            0.322
        ],
        [
            0.273,
            0.28,
            0.285,
            0.292,
            0.305,
            0.327
        ],
        [
            0.274,
            0.28,
            0.285,
            0.293,
            0.304,
            0.327
        ],
        [
            0.275,
            0.28,
            0.282,
            0.289,
            0.305,
            0.33
        ],
        [
            0.279,
            0.277,
            0.284,
            0.289,
            0.306,
            0.327
        ],
        [
            0.279,
            0.281,
            0.286,
            0.289,
            0.307,
            0.327
        ],
        [
            0.279,
            0.282,
            0.287,
            0.285,
            0.309,
            0.329
        ],
        [
            0.279,
            0.28,
            0.289,
            0.286,
            0.306,
            0.322
        ],
        [
            0.28,
            0.28,
            0.285,
            0.288,
            0.307,
            0.319
        ],
        [
            0.278,
            0.278,
            0.284,
            0.284,
            0.304,
            0.316
        ],
        [
            0.277,
            0.273,
            0.284,
            0.288,
            0.305,
            0.316
        ],
        [
            0.277,
            0.275,
            0.284,
            0.286,
            0.306,
            0.317
        ],
        [
            0.274,
            0.275,
            0.282,
            0.284,
            0.306,
            0.322
        ],
        [
            0.277,
            0.276,
            0.279,
            0.288,
            0.305,
            0.324
        ],
        [
            0.279,
            0.276,
            0.281,
            0.285,
            0.305,
            0.321
        ],
        [
            0.279,
            0.278,
            0.28,
            0.283,
            0.303,
            0.322
        ],
        [
            0.281,
            0.276,
            0.282,
            0.287,
            0.3,
            0.32
        ],
        [
            0.278,
            0.276,
            0.282,
            0.288,
            0.299,
            0.317
        ],
        [
            0.275,
            0.277,
            0.281,
            0.283,
            0.299,
            0.322
        ],
        [
            0.275,
            0.279,
            0.28,
            0.284,
            0.302,
            0.322
        ],
        [
            0.274,
            0.282,
            0.279,
            0.284,
            0.305,
            0.317
        ],
        [
            0.275,
            0.28,
            0.281,
            0.289,
            0.304,
            0.318
        ],
        [
            0.276,
            0.278,
            0.279,
            0.291,
            0.306,
            0.314
        ],
        [
            0.276,
