{
    "event_type": "flower_visit",
    "event_id": "flower_2_20260409163844807385",
    "flower_id": "flower_2",
    "background_dist": 0.31,
    "start_time": 1775770719.741056,
    "end_time": 1775770724.807219,
    "num_scans": 76,
    "angles": [
        163,
        164,
        165,
        166,
        167,
        168,
        169,
        170
    ],
    "distance_series": [
        [
            0.318,
            0.303,
            0.294,
            0.276,
            0.271,
            0.27,
            0.301,
            0.321
        ],
        [
            0.321,
            0.304,
            0.283,
            0.272,
            0.267,
            0.27,
            0.295,
            0.325
        ],
        [
            0.327,
            0.298,
            0.275,
            0.264,
            0.264,
            0.263,
            0.284,
            0.328
        ],
        [
            0.32,
            0.306,
            0.268,
            0.255,
            0.258,
            0.261,
            0.272,
            0.337
        ],
        [
            0.32,
            0.301,
            0.268,
            0.252,
            0.258,
            0.26,
            0.267,
            0.335
        ],
        [
            0.32,
            0.306,
            0.277,
            0.265,
            0.267,
            0.259,
            0.272,
            0.33
        ],
        [
            0.313,
            0.303,
            0.288,
            0.276,
            0.272,
            0.26,
            0.274,
            0.329
        ],
        [
            0.313,
            0.304,
            0.294,
            0.284,
            0.273,
            0.256,
            0.284,
            0.321
        ],
        [
            0.306,
            0.304,
            0.304,
            0.295,
            0.277,
            0.26,
            0.288,
            0.319
        ],
        [
            0.304,
            0.299,
            0.297,
            0.289,
            0.274,
            0.258,
            0.289,
            0.317
        ],
        [
            0.305,
            0.3,
            0.3,
            0.286,
            0.275,
            0.257,
            0.295,
            0.316
        ],
        [
            0.31,
            0.295,
            0.299,
            0.287,
            0.277,
            0.259,
            0.293,
            0.317
        ],
        [
            0.318,
            0.297,
            0.299,
            0.283,
            0.277,
            0.259,
            0.286,
            0.322
        ],
        [
            0.325,
            0.301,
            0.296,
            0.283,
            0.276,
            0.262,
            0.279,
            0.328
        ],
        [
            0.32,
            0.297,
            0.294,
            0.281,
            0.277,
            0.26,
            0.269,
            0.325
        ],
        [
            0.317,
            0.304,
            0.294,
            0.287,
            0.277,
            0.258,
            0.261,
            0.325
        ],
        [
            0.318,
            0.301,
            0.295,
            0.287,
            0.279,
            0.258,
            0.261,
            0.323
        ],
        [
            0.314,
            0.305,
            0.292,
            0.279,
            0.279,
            0.256,
            0.262,
            0.308
        ],
        [
            0.322,
            0.31,
            0.298,
            0.28,
            0.279,
            0.262,
            0.257,
            0.298
        ],
        [
            0.324,
            0.309,
            0.302,
            0.279,
            0.278,
            0.269,
            0.26,
            0.287
        ],
        [
            0.323,
            0.313,
            0.3,
            0.271,
            0.273,
            0.269,
            0.258,
            0.268
        ],
        [
            0.326,
            0.309,
            0.303,
            0.287,
            0.277,
            0.269,
            0.26,
            0.268
        ],
        [
            0.324,
            0.309,
            0.306,
            0.285,
            0.279,
            0.269,
            0.261,
            0.273
        ],
        [
            0.32,
            0.307,
            0.304,
            0.283,
            0.279,
            0.267,
            0.258,
            0.273
        ],
        [
            0.322,
            0.304,
            0.302,
            0.289,
            0.287,
            0.272,
            0.26,
            0.282
        ],
        [
            0.316,
            0.304,
            0.299,
            0.297,
            0.292,
            0.27,
            0.265,
            0.285
        ],
        [
            0.313,
            0.305,
            0.3,
            0.296,
            0.294,
            0.271,
            0.264,
            0.283
        ],
        [
            0.315,
            0.308,
            0.3,
            0.29,
            0.295,
            0.277,
            0.266,
            0.293
        ],
        [
            0.315,
            0.307,
            0.298,
            0.291,
            0.297,
            0.275,
            0.262,
            0.296
        ],
        [
            0.317,
            0.305,
            0.293,
            0.298,
            0.297,
            0.27,
            0.26,
            0.304
        ],
        [
            0.318,
            0.303,
            0.296,
            0.297,
            0.298,
            0.272,
            0.263,
            0.322
        ],
        [
            0.32,
            0.302,
            0.295,
            0.297,
            0.296,
            0.267,
            0.268,
            0.329
        ],
        [
            0.321,
            0.302,
            0.294,
            0.294,
            0.292,
            0.264,
            0.272,
            0.339
        ],
        [
            0.323,
            0.301,
            0.3,
            0.287,
            0.286,
            0.268,
            0.266,
            0.334
        ],
        [
            0.319,
            0.298,
            0.298,
            0.288,
            0.282,
            0.263,
            0.259,
            0.331
        ],
        [
            0.314,
            0.297,
            0.296,
            0.284,
            0.276,
            0.262,
            0.259,
            0.327
        ],
        [
            0.309,
            0.299,
            0.298,
            0.29,
            0.28,
            0.267,
            0.256,
            0.322
        ],
        [
            0.305,
            0.304,
            0.298,
            0.292,
            0.283,
            0.273,
            0.257,
            0.317
        ],
        [
            0.307,
            0.307,
            0.295,
            0.296,
            0.286,
            0.272,
            0.26,
            0.312
        ],
        [
            0.314,
            0.306,
            0.299,
            0.299,
            0.288,
            0.277,
            0.262,
            0.307
        ],
        [
            0.315,
            0.301,
            0.299,
            0.296,
            0.29,
            0.279,
            0.261,
            0.298
        ],
        [
            0.32,
            0.301,
            0.299,
            0.296,
            0.291,
            0.275,
            0.258,
            0.3
        ],
        [
            0.318,
            0.307,
            0.302,
            0.296,
            0.29,
            0.28,
            0.256,
            0.291
        ],
        [
            0.321,
            0.306,
            0.306,
            0.291,
            0.296,
            0.28,
            0.254,
            0.286
        ],
        [
            0.326,
            0.308,
            0.307,
            0.289,
