{
    "event_type": "flower_visit",
    "event_id": "flower_1_20260401173546434222",
    "flower_id": "flower_1",
    "background_dist": 0.2,
    "start_time": 1775082940.501012,
    "end_time": 1775082946.434083,
    "num_scans": 89,
    "angles": [
        132,
        133,
        134,
        135,
        136,
        137,
        138
    ],
    "distance_series": [
        [
            0.154,
            0.162,
            0.156,
            0.164,
            0.168,
            0.163,
            0.173
        ],
        [
            0.159,
            0.161,
            0.159,
            0.161,
            0.166,
            0.16,
            0.164
        ],
        [
            0.165,
            0.163,
            0.163,
            0.179,
            0.18,
            0.173,
            0.18
        ],
        [
            0.166,
            0.167,
            0.174,
            0.192,
            0.196,
            0.19,
            0.195
        ],
        [
            0.165,
            0.166,
            0.184,
            0.204,
            0.211,
            0.208,
            0.211
        ],
        [
            0.167,
            0.172,
            0.195,
            0.223,
            0.226,
            0.224,
            0.224
        ],
        [
            0.165,
            0.174,
            0.205,
            0.227,
            0.223,
            0.229,
            0.219
        ],
        [
            0.166,
            0.173,
            0.2,
            0.226,
            0.221,
            0.226,
            0.217
        ],
        [
            0.162,
            0.172,
            0.195,
            0.214,
            0.217,
            0.226,
            0.218
        ],
        [
            0.159,
            0.171,
            0.184,
            0.199,
            0.206,
            0.213,
            0.199
        ],
        [
            0.157,
            0.163,
            0.171,
            0.179,
            0.184,
            0.194,
            0.187
        ],
        [
            0.157,
            0.16,
            0.16,
            0.165,
            0.171,
            0.179,
            0.172
        ],
        [
            0.162,
            0.159,
            0.159,
            0.157,
            0.159,
            0.161,
            0.162
        ],
        [
            0.165,
            0.159,
            0.16,
            0.158,
            0.157,
            0.158,
            0.162
        ],
        [
            0.167,
            0.163,
            0.162,
            0.159,
            0.159,
            0.157,
            0.162
        ],
        [
            0.169,
            0.169,
            0.166,
            0.159,
            0.161,
            0.157,
            0.165
        ],
        [
            0.177,
            0.172,
            0.173,
            0.18,
            0.178,
            0.173,
            0.172
        ],
        [
            0.177,
            0.185,
            0.186,
            0.194,
            0.195,
            0.187,
            0.174
        ],
        [
            0.178,
            0.189,
            0.195,
            0.208,
            0.214,
            0.199,
            0.177
        ],
        [
            0.185,
            0.186,
            0.206,
            0.218,
            0.216,
            0.198,
            0.183
        ],
        [
            0.182,
            0.178,
            0.189,
            0.201,
            0.204,
            0.197,
            0.19
        ],
        [
            0.177,
            0.171,
            0.179,
            0.189,
            0.203,
            0.203,
            0.198
        ],
        [
            0.171,
            0.165,
            0.175,
            0.185,
            0.198,
            0.203,
            0.208
        ],
        [
            0.165,
            0.164,
            0.168,
            0.186,
            0.209,
            0.217,
            0.215
        ],
        [
            0.163,
            0.164,
            0.172,
            0.198,
            0.22,
            0.222,
            0.213
        ],
        [
            0.167,
            0.165,
            0.175,
            0.196,
            0.214,
            0.226,
            0.215
        ],
        [
            0.164,
            0.163,
            0.172,
            0.191,
            0.202,
            0.216,
            0.205
        ],
        [
            0.163,
            0.167,
            0.168,
            0.173,
            0.184,
            0.2,
            0.19
        ],
        [
            0.161,
            0.166,
            0.161,
            0.162,
            0.171,
            0.184,
            0.179
        ],
        [
            0.169,
            0.165,
            0.159,
            0.158,
            0.157,
            0.171,
            0.168
        ],
        [
            0.176,
            0.168,
            0.168,
            0.158,
            0.155,
            0.163,
            0.158
        ],
        [
            0.182,
            0.165,
            0.17,
            0.168,
            0.168,
            0.168,
            0.16
        ],
        [
            0.184,
            0.17,
            0.172,
            0.181,
            0.182,
            0.178,
            0.165
        ],
        [
            0.184,
            0.183,
            0.182,
            0.198,
            0.2,
            0.192,
            0.171
        ],
        [
            0.18,
            0.183,
            0.199,
            0.209,
            0.217,
            0.203,
            0.183
        ],
        [
            0.18,
            0.185,
            0.204,
            0.212,
            0.221,
            0.207,
            0.185
        ],
        [
            0.183,
            0.177,
            0.203,
            0.209,
            0.22,
            0.204,
            0.181
        ],
        [
            0.183,
            0.173,
            0.197,
            0.204,
            0.212,
            0.191,
            0.173
        ],
        [
            0.191,
            0.17,
            0.192,
            0.2,
            0.204,
            0.181,
            0.167
        ],
        [
            0.186,
            0.16,
            0.19,
            0.201,
            0.197,
            0.168,
            0.169
        ],
        [
            0.181,
            0.165,
            0.195,
            0.203,
            0.19,
            0.167,
            0.177
        ],
        [
            0.185,
            0.17,
            0.201,
            0.201,
            0.187,
            0.173,
            0.191
        ],
        [
            0.193,
            0.173,
            0.203,
            0.198,
            0.178,
            0.178,
            0.203
        ],
        [
            0.185,
            0.17,
            0.199,
            0.19,
            0.171,
            0.19,
            0.21
        ],
        [
            0.184,
            0.162,
            0.198,
            0.182,
            0.165,
            0.192,
            0.214
        ],
        [
            0.178,
            0.155,
            0.192,
            0.186,
            0.17,
            0.184,
            0.209
        ],
        [
            0.175,
            0.151,
            0.189,
            0.19,
            0.173,
            0.177,
            0.194
        ],
        [
            0.183,
            0.157,
            0.189,
            0.199,
            0.187,
            0.178,
            0.181
        ],
        [
            0.184,
            0.165,
            0.192,
            0.206,
            0.207,
            0.187,
            0.171
        ],
        [
            0.189,
            0.169,
            0.204,
            0.214,
            0.216,
            0.201,
            0.172
        ],
        [
