{
    "event_type": "flower_visit",
    "event_id": "flower_2_20260409152352391197",
    "flower_id": "flower_2",
    "background_dist": 0.23,
    "start_time": 1775766229.390229,
    "end_time": 1775766232.391098,
    "num_scans": 45,
    "angles": [
        162,
        163,
        164,
        165,
        166,
        167,
        168,
        169,
        170,
        171,
        172,
        173
    ],
    "distance_series": [
        [
            0.251,
            0.227,
            0.223,
            0.222,
            0.22,
            0.216,
            0.214,
            0.211,
            0.21,
            0.216,
            0.208,
            0.254
        ],
        [
            0.253,
            0.223,
            0.223,
            0.219,
            0.222,
            0.216,
            0.203,
            0.201,
            0.205,
            0.217,
            0.217,
            0.272
        ],
        [
            0.251,
            0.227,
            0.222,
            0.217,
            0.211,
            0.217,
            0.198,
            0.19,
            0.204,
            0.228,
            0.229,
            0.282
        ],
        [
            0.246,
            0.226,
            0.217,
            0.215,
            0.213,
            0.219,
            0.201,
            0.176,
            0.192,
            0.224,
            0.229,
            0.288
        ],
        [
            0.249,
            0.223,
            0.214,
            0.212,
            0.217,
            0.219,
            0.203,
            0.174,
            0.192,
            0.216,
            0.224,
            0.283
        ],
        [
            0.25,
            0.222,
            0.213,
            0.215,
            0.216,
            0.214,
            0.203,
            0.184,
            0.192,
            0.208,
            0.223,
            0.279
        ],
        [
            0.25,
            0.221,
            0.215,
            0.216,
            0.217,
            0.218,
            0.211,
            0.201,
            0.19,
            0.198,
            0.222,
            0.278
        ],
        [
            0.249,
            0.217,
            0.218,
            0.218,
            0.215,
            0.215,
            0.212,
            0.202,
            0.192,
            0.192,
            0.22,
            0.277
        ],
        [
            0.252,
            0.222,
            0.218,
            0.217,
            0.213,
            0.215,
            0.21,
            0.212,
            0.191,
            0.19,
            0.213,
            0.273
        ],
        [
            0.249,
            0.225,
            0.217,
            0.218,
            0.214,
            0.216,
            0.213,
            0.209,
            0.187,
            0.183,
            0.217,
            0.276
        ],
        [
            0.253,
            0.226,
            0.221,
            0.218,
            0.212,
            0.213,
            0.211,
            0.21,
            0.183,
            0.182,
            0.212,
            0.275
        ],
        [
            0.256,
            0.225,
            0.218,
            0.215,
            0.209,
            0.214,
            0.212,
            0.208,
            0.181,
            0.184,
            0.214,
            0.271
        ],
        [
            0.254,
            0.227,
            0.219,
            0.22,
            0.212,
            0.213,
            0.21,
            0.203,
            0.18,
            0.189,
            0.226,
            0.283
        ],
        [
            0.252,
            0.224,
            0.217,
            0.214,
            0.21,
            0.213,
            0.211,
            0.203,
            0.185,
            0.196,
            0.222,
            0.29
        ],
        [
            0.252,
            0.226,
            0.215,
            0.218,
            0.213,
            0.212,
            0.211,
            0.201,
            0.186,
            0.192,
            0.228,
            0.295
        ],
        [
            0.255,
            0.226,
            0.218,
            0.216,
            0.219,
            0.217,
            0.215,
            0.205,
            0.196,
            0.195,
            0.223,
            0.29
        ],
        [
            0.256,
            0.222,
            0.22,
            0.213,
            0.219,
            0.213,
            0.215,
            0.209,
            0.205,
            0.19,
            0.211,
            0.276
        ],
        [
            0.257,
            0.224,
            0.223,
            0.215,
            0.22,
            0.214,
            0.216,
            0.214,
            0.207,
            0.18,
            0.203,
            0.265
        ],
        [
            0.255,
            0.223,
            0.225,
            0.216,
            0.221,
            0.22,
            0.215,
            0.218,
            0.21,
            0.179,
            0.189,
            0.245
        ],
        [
            0.254,
            0.221,
            0.223,
            0.218,
            0.214,
            0.22,
            0.218,
            0.22,
            0.208,
            0.183,
            0.186,
            0.249
        ],
        [
            0.25,
            0.222,
            0.223,
            0.216,
            0.213,
            0.216,
            0.214,
            0.215,
            0.199,
            0.179,
            0.197,
            0.258
        ],
        [
            0.25,
            0.222,
            0.22,
            0.216,
            0.215,
            0.218,
            0.211,
            0.214,
            0.192,
            0.181,
            0.206,
            0.253
        ],
        [
            0.25,
            0.222,
            0.221,
            0.216,
            0.214,
            0.208,
            0.215,
            0.21,
            0.187,
            0.189,
            0.211,
            0.265
        ],
        [
            0.248,
            0.222,
            0.219,
            0.217,
            0.216,
            0.207,
            0.217,
            0.205,
            0.182,
            0.189,
            0.212,
            0.268
        ],
        [
            0.25,
            0.223,
            0.214,
            0.219,
            0.214,
            0.209,
            0.212,
            0.205,
            0.185,
            0.196,
            0.215,
            0.266
        ],
        [
            0.251,
            0.219,
            0.214,
            0.212,
            0.211,
            0.201,
            0.211,
            0.207,
            0.183,
            0.2,
            0.217,
            0.267
        ],
        [
            0.249,
            0.219,
            0.212,
            0.21,
            0.209,
            0.203,
            0.211,
            0.207,
            0.177,
            0.197,
            0.222,
            0.271
        ],
        [
            0.251,
            0.217,
            0.216,
            0.213,
            0.211,
            0.199,
            0.207,
            0.212,
            0.18,
            0.199,
            0.228,
            0.274
        ],
        [
            0.253,
            0.218,
            0.217,
            0.221,
            0.217,
            0.198,
            0.213,
            0.208,
            0.187,
            0.195,
            0.225,
            0.27
        ],
        [
            0.251,
            0.224,
            0.22,
            0.217,
            0.219,
            0.217,
            0.215,
            0.209,
            0.182,
            0.199,
            0.23,
            0.279
        ],
        [
            0.257,
            0.226,
            0.222,
            0.211,
            0.217,
            0.213,
            0.216,
