{
    "event_type": "flower_visit",
    "event_id": "flower_2_20260412180851831420",
    "flower_id": "flower_2",
    "background_dist": 0.19,
    "start_time": 1776035330.031369,
    "end_time": 1776035331.8312588,
    "num_scans": 27,
    "angles": [
        156,
        157,
        158,
        159,
        160,
        161,
        162,
        163,
        164,
        165,
        166,
        167,
        168,
        169,
        170,
        171
    ],
    "distance_series": [
        [
            0.202,
            0.189,
            0.184,
            0.17,
            0.152,
            0.136,
            0.136,
            0.136,
            0.137,
            0.163,
            0.175,
            0.184,
            0.174,
            0.151,
            0.149,
            0.153
        ],
        [
            0.199,
            0.189,
            0.181,
            0.162,
            0.154,
            0.138,
            0.134,
            0.133,
            0.142,
            0.164,
            0.177,
            0.188,
            0.172,
            0.15,
            0.147,
            0.15
        ],
        [
            0.202,
            0.194,
            0.183,
            0.158,
            0.149,
            0.136,
            0.137,
            0.133,
            0.147,
            0.164,
            0.181,
            0.189,
            0.175,
            0.146,
            0.148,
            0.149
        ],
        [
            0.203,
            0.192,
            0.186,
            0.163,
            0.144,
            0.141,
            0.136,
            0.137,
            0.148,
            0.164,
            0.178,
            0.183,
            0.176,
            0.143,
            0.144,
            0.155
        ],
        [
            0.205,
            0.194,
            0.186,
            0.165,
            0.145,
            0.138,
            0.127,
            0.134,
            0.144,
            0.159,
            0.187,
            0.184,
            0.174,
            0.141,
            0.143,
            0.166
        ],
        [
            0.206,
            0.189,
            0.188,
            0.174,
            0.148,
            0.138,
            0.137,
            0.131,
            0.142,
            0.16,
            0.181,
            0.183,
            0.178,
            0.141,
            0.144,
            0.161
        ],
        [
            0.204,
            0.185,
            0.185,
            0.172,
            0.155,
            0.139,
            0.133,
            0.131,
            0.143,
            0.156,
            0.183,
            0.176,
            0.178,
            0.149,
            0.143,
            0.156
        ],
        [
            0.202,
            0.187,
            0.186,
            0.172,
            0.158,
            0.14,
            0.127,
            0.13,
            0.142,
            0.152,
            0.182,
            0.177,
            0.185,
            0.153,
            0.144,
            0.15
        ],
        [
            0.203,
            0.189,
            0.191,
            0.174,
            0.163,
            0.144,
            0.131,
            0.132,
            0.138,
            0.147,
            0.178,
            0.177,
            0.184,
            0.157,
            0.147,
            0.15
        ],
        [
            0.203,
            0.196,
            0.184,
            0.174,
            0.162,
            0.143,
            0.135,
            0.131,
            0.138,
            0.146,
            0.181,
            0.182,
            0.181,
            0.155,
            0.147,
            0.147
        ],
        [
            0.203,
            0.196,
            0.183,
            0.173,
            0.156,
            0.139,
            0.137,
            0.14,
            0.14,
            0.151,
            0.18,
            0.18,
            0.184,
            0.156,
            0.146,
            0.143
        ],
        [
            0.204,
            0.195,
            0.185,
            0.171,
            0.155,
            0.135,
            0.142,
            0.138,
            0.139,
            0.154,
            0.177,
            0.183,
            0.182,
            0.151,
            0.143,
            0.143
        ],
        [
            0.204,
            0.194,
            0.18,
            0.172,
            0.154,
            0.136,
            0.145,
            0.135,
            0.139,
            0.162,
            0.181,
            0.184,
            0.184,
            0.149,
            0.145,
            0.14
        ],
        [
            0.204,
            0.191,
            0.184,
            0.174,
            0.154,
            0.139,
            0.14,
            0.139,
            0.144,
            0.163,
            0.182,
            0.179,
            0.182,
            0.146,
            0.143,
            0.142
        ],
        [
            0.205,
            0.19,
            0.189,
            0.174,
            0.151,
            0.142,
            0.131,
            0.135,
            0.139,
            0.163,
            0.184,
            0.18,
            0.18,
            0.151,
            0.144,
            0.148
        ],
        [
            0.205,
            0.193,
            0.191,
            0.172,
            0.157,
            0.145,
            0.127,
            0.13,
            0.141,
            0.169,
            0.181,
            0.178,
            0.175,
            0.153,
            0.147,
            0.151
        ],
        [
            0.204,
            0.184,
            0.185,
            0.162,
            0.153,
            0.141,
            0.131,
            0.138,
            0.154,
            0.175,
            0.183,
            0.177,
            0.168,
            0.159,
            0.159,
            0.162
        ],
        [
            0.189,
            0.178,
            0.182,
            0.149,
            0.143,
            0.143,
            0.146,
            0.15,
            0.165,
            0.176,
            0.178,
            0.184,
            0.172,
            0.171,
            0.176,
            0.182
        ],
        [
            0.188,
            0.178,
            0.181,
            0.154,
            0.15,
            0.153,
            0.159,
            0.157,
            0.175,
            0.177,
            0.181,
            0.188,
            0.172,
            0.182,
            0.191,
            0.191
        ],
        [
            0.19,
            0.178,
            0.175,
            0.156,
            0.157,
            0.165,
            0.169,
            0.172,
            0.184,
            0.175,
            0.177,
            0.193,
            0.182,
            0.198,
            0.201,
            0.2
        ],
        [
            0.188,
            0.185,
            0.185,
            0.165,
            0.166,
            0.179,
            0.181,
            0.178,
            0.185,
            0.18,
            0.173,
            0.191,
            0.183,
            0.199,
            0.202,
            0.2
        ],
        [
            0.206,
            0.2,
            0.184,
            0.182,
            0.182,
            0.186,
            0.182,
            0.179,
            0.181,
            0.179,
            0.177,
            0.192,
            0.186,
            0.209,
            0.203,
            0.204
        ],
        [
            0.202,
            0.197,
            0.187,
            0.183,
            0.181,
            0.183,
            0.182,
            0.181,
            0.181,
            0.177,
            0.179,
            0.187,
            0.185,
            0.207,
            0.202,
            0.208
        ],
        [
            0.2,
            0.198,
            0.192,
            0.183,
