{
    "event_type": "flower_visit",
    "event_id": "flower_1_20260412165201208983",
    "flower_id": "flower_1",
    "background_dist": 0.27,
    "start_time": 1776030716.275558,
    "end_time": 1776030721.208842,
    "num_scans": 74,
    "angles": [
        126,
        127,
        128,
        129,
        130,
        131,
        132,
        133,
        134,
        135
    ],
    "distance_series": [
        [
            0.248,
            0.237,
            0.235,
            0.234,
            0.227,
            0.232,
            0.228,
            0.228,
            0.219,
            0.221
        ],
        [
            0.247,
            0.235,
            0.238,
            0.235,
            0.23,
            0.232,
            0.227,
            0.227,
            0.222,
            0.221
        ],
        [
            0.246,
            0.237,
            0.239,
            0.237,
            0.227,
            0.229,
            0.22,
            0.229,
            0.225,
            0.224
        ],
        [
            0.246,
            0.242,
            0.237,
            0.232,
            0.23,
            0.227,
            0.222,
            0.226,
            0.225,
            0.225
        ],
        [
            0.241,
            0.241,
            0.243,
            0.224,
            0.231,
            0.226,
            0.227,
            0.22,
            0.222,
            0.227
        ],
        [
            0.24,
            0.238,
            0.245,
            0.222,
            0.226,
            0.225,
            0.226,
            0.225,
            0.222,
            0.23
        ],
        [
            0.241,
            0.238,
            0.24,
            0.226,
            0.224,
            0.228,
            0.227,
            0.221,
            0.224,
            0.225
        ],
        [
            0.244,
            0.237,
            0.241,
            0.222,
            0.223,
            0.232,
            0.231,
            0.225,
            0.222,
            0.228
        ],
        [
            0.244,
            0.241,
            0.239,
            0.222,
            0.222,
            0.235,
            0.227,
            0.228,
            0.224,
            0.224
        ],
        [
            0.248,
            0.245,
            0.241,
            0.225,
            0.223,
            0.234,
            0.226,
            0.232,
            0.223,
            0.223
        ],
        [
            0.247,
            0.241,
            0.239,
            0.229,
            0.231,
            0.232,
            0.226,
            0.23,
            0.224,
            0.223
        ],
        [
            0.247,
            0.247,
            0.241,
            0.228,
            0.229,
            0.231,
            0.225,
            0.233,
            0.225,
            0.224
        ],
        [
            0.247,
            0.246,
            0.245,
            0.229,
            0.227,
            0.228,
            0.225,
            0.229,
            0.228,
            0.229
        ],
        [
            0.247,
            0.245,
            0.24,
            0.228,
            0.232,
            0.227,
            0.227,
            0.227,
            0.225,
            0.225
        ],
        [
            0.248,
            0.248,
            0.238,
            0.223,
            0.233,
            0.231,
            0.227,
            0.229,
            0.226,
            0.229
        ],
        [
            0.245,
            0.241,
            0.24,
            0.227,
            0.229,
            0.232,
            0.229,
            0.228,
            0.226,
            0.223
        ],
        [
            0.248,
            0.243,
            0.241,
            0.231,
            0.23,
            0.232,
            0.233,
            0.228,
            0.226,
            0.226
        ],
        [
            0.245,
            0.24,
            0.24,
            0.23,
            0.233,
            0.231,
            0.227,
            0.227,
            0.226,
            0.229
        ],
        [
            0.244,
            0.241,
            0.24,
            0.236,
            0.234,
            0.23,
            0.227,
            0.232,
            0.227,
            0.23
        ],
        [
            0.247,
            0.242,
            0.242,
            0.239,
            0.231,
            0.232,
            0.226,
            0.226,
            0.229,
            0.224
        ],
        [
            0.25,
            0.239,
            0.239,
            0.239,
            0.226,
            0.226,
            0.222,
            0.231,
            0.229,
            0.224
        ],
        [
            0.25,
            0.241,
            0.242,
            0.247,
            0.228,
            0.227,
            0.224,
            0.229,
            0.231,
            0.228
        ],
        [
            0.245,
            0.239,
            0.241,
            0.25,
            0.23,
            0.23,
            0.228,
            0.234,
            0.23,
            0.231
        ],
        [
            0.244,
            0.242,
            0.24,
            0.254,
            0.237,
            0.235,
            0.233,
            0.232,
            0.222,
            0.229
        ],
        [
            0.242,
            0.243,
            0.241,
            0.249,
            0.241,
            0.239,
            0.232,
            0.23,
            0.221,
            0.228
        ],
        [
            0.241,
            0.245,
            0.24,
            0.245,
            0.238,
            0.239,
            0.233,
            0.229,
            0.222,
            0.226
        ],
        [
            0.244,
            0.246,
            0.239,
            0.242,
            0.234,
            0.235,
            0.23,
            0.23,
            0.221,
            0.229
        ],
        [
            0.249,
            0.242,
            0.24,
            0.24,
            0.232,
            0.232,
            0.232,
            0.226,
            0.218,
            0.223
        ],
        [
            0.249,
            0.239,
            0.248,
            0.242,
            0.232,
            0.229,
            0.233,
            0.226,
            0.222,
            0.224
        ],
        [
            0.249,
            0.246,
            0.253,
            0.241,
            0.232,
            0.222,
            0.232,
            0.223,
            0.225,
            0.223
        ],
        [
            0.245,
            0.236,
            0.251,
            0.236,
            0.229,
            0.22,
            0.228,
            0.227,
            0.228,
            0.221
        ],
        [
            0.246,
            0.241,
            0.243,
            0.23,
            0.233,
            0.22,
            0.226,
            0.226,
            0.231,
            0.224
        ],
        [
            0.248,
            0.243,
            0.239,
            0.23,
            0.232,
            0.224,
            0.228,
            0.23,
            0.231,
            0.229
        ],
        [
            0.245,
            0.24,
            0.242,
            0.235,
            0.23,
            0.227,
            0.226,
            0.227,
            0.229,
            0.227
        ],
        [
            0.243,
            0.242,
            0.24,
            0.236,
            0.234,
            0.231,
            0.228,
            0.228,
            0.226,
            0.228
        ],
        [
            0.243,
            0.243,
            0.24,
            0.235,
            0.23,
            0.233,
            0.235,
            0.225,
            0.225,
            0.229
        ],
        [
            0.242,
            0.239,
            0.239,
