{
    "event_type": "flower_visit",
    "event_id": "flower_2_20260409152155392227",
    "flower_id": "flower_2",
    "background_dist": 0.23,
    "start_time": 1775766114.591563,
    "end_time": 1775766115.392062,
    "num_scans": 12,
    "angles": [
        162,
        163,
        164,
        165,
        166,
        167,
        168,
        169,
        170,
        171,
        172,
        173
    ],
    "distance_series": [
        [
            0.254,
            0.223,
            0.223,
            0.22,
            0.214,
            0.219,
            0.209,
            0.179,
            0.183,
            0.208,
            0.219,
            0.266
        ],
        [
            0.25,
            0.222,
            0.218,
            0.22,
            0.209,
            0.216,
            0.209,
            0.181,
            0.196,
            0.213,
            0.223,
            0.266
        ],
        [
            0.248,
            0.227,
            0.223,
            0.221,
            0.212,
            0.223,
            0.211,
            0.184,
            0.205,
            0.22,
            0.228,
            0.272
        ],
        [
            0.249,
            0.224,
            0.22,
            0.222,
            0.216,
            0.219,
            0.214,
            0.192,
            0.215,
            0.217,
            0.226,
            0.285
        ],
        [
            0.248,
            0.224,
            0.216,
            0.221,
            0.22,
            0.22,
            0.219,
            0.198,
            0.219,
            0.223,
            0.226,
            0.29
        ],
        [
            0.25,
            0.224,
            0.223,
            0.219,
            0.221,
            0.22,
            0.22,
            0.197,
            0.218,
            0.222,
            0.226,
            0.288
        ],
        [
            0.252,
            0.227,
            0.221,
            0.222,
            0.218,
            0.217,
            0.219,
            0.196,
            0.223,
            0.222,
            0.226,
            0.286
        ],
        [
            0.25,
            0.228,
            0.219,
            0.221,
            0.221,
            0.219,
            0.217,
            0.207,
            0.221,
            0.225,
            0.227,
            0.282
        ],
        [
            0.253,
            0.226,
            0.219,
            0.217,
            0.215,
            0.218,
            0.216,
            0.21,
            0.22,
            0.226,
            0.23,
            0.285
        ],
        [
            0.251,
            0.225,
            0.217,
            0.217,
            0.215,
            0.217,
            0.209,
            0.214,
            0.218,
            0.226,
            0.231,
            0.284
        ],
        [
            0.251,
            0.217,
            0.217,
            0.217,
            0.213,
            0.219,
            0.201,
            0.211,
            0.217,
            0.223,
            0.232,
            0.286
        ],
        [
            0.251,
            0.22,
            0.218,
            0.217,
            0.213,
            0.209,
            0.197,
            0.207,
            0.215,
            0.218,
            0.239,
            0.286
        ]
    ],
    "timestamp": "2026-04-09T15:21:55.392312",
    "label": "bee"
}