{
    "event_type": "flower_visit",
    "event_id": "flower_1_20260401175055690448",
    "flower_id": "flower_1",
    "background_dist": 0.2,
    "start_time": 1775083849.556048,
    "end_time": 1775083855.6902962,
    "num_scans": 92,
    "angles": [
        132,
        133,
        134,
        135,
        136,
        137,
        138
    ],
    "distance_series": [
        [
            0.137,
            0.136,
            0.145,
            0.149,
            0.149,
            0.151,
            0.146
        ],
        [
            0.136,
            0.135,
            0.145,
            0.143,
            0.142,
            0.147,
            0.147
        ],
        [
            0.139,
            0.138,
            0.144,
            0.138,
            0.14,
            0.146,
            0.149
        ],
        [
            0.134,
            0.134,
            0.14,
            0.134,
            0.137,
            0.141,
            0.149
        ],
        [
            0.134,
            0.134,
            0.138,
            0.133,
            0.142,
            0.141,
            0.146
        ],
        [
            0.14,
            0.137,
            0.141,
            0.139,
            0.152,
            0.156,
            0.149
        ],
        [
            0.143,
            0.139,
            0.143,
            0.148,
            0.164,
            0.17,
            0.15
        ],
        [
            0.144,
            0.144,
            0.147,
            0.16,
            0.18,
            0.18,
            0.151
        ],
        [
            0.145,
            0.146,
            0.151,
            0.172,
            0.186,
            0.174,
            0.152
        ],
        [
            0.146,
            0.149,
            0.153,
            0.173,
            0.181,
            0.163,
            0.148
        ],
        [
            0.141,
            0.149,
            0.154,
            0.166,
            0.168,
            0.152,
            0.145
        ],
        [
            0.143,
            0.149,
            0.155,
            0.16,
            0.156,
            0.143,
            0.143
        ],
        [
            0.143,
            0.149,
            0.153,
            0.154,
            0.147,
            0.14,
            0.14
        ],
        [
            0.14,
            0.147,
            0.152,
            0.144,
            0.141,
            0.142,
            0.142
        ],
        [
            0.14,
            0.146,
            0.144,
            0.138,
            0.143,
            0.143,
            0.145
        ],
        [
            0.138,
            0.143,
            0.144,
            0.139,
            0.14,
            0.139,
            0.141
        ],
        [
            0.138,
            0.142,
            0.14,
            0.138,
            0.138,
            0.138,
            0.145
        ],
        [
            0.139,
            0.139,
            0.138,
            0.138,
            0.139,
            0.141,
            0.148
        ],
        [
            0.14,
            0.139,
            0.137,
            0.137,
            0.139,
            0.138,
            0.146
        ],
        [
            0.145,
            0.145,
            0.139,
            0.137,
            0.141,
            0.138,
            0.147
        ],
        [
            0.144,
            0.143,
            0.14,
            0.138,
            0.142,
            0.141,
            0.149
        ],
        [
            0.146,
            0.146,
            0.137,
            0.137,
            0.145,
            0.144,
            0.15
        ],
        [
            0.145,
            0.15,
            0.137,
            0.138,
            0.147,
            0.146,
            0.15
        ],
        [
            0.14,
            0.141,
            0.136,
            0.138,
            0.145,
            0.145,
            0.151
        ],
        [
            0.139,
            0.135,
            0.137,
            0.14,
            0.143,
            0.145,
            0.156
        ],
        [
            0.139,
            0.136,
            0.139,
            0.142,
            0.141,
            0.146,
            0.155
        ],
        [
            0.136,
            0.136,
            0.14,
            0.143,
            0.141,
            0.146,
            0.158
        ],
        [
            0.135,
            0.135,
            0.139,
            0.141,
            0.143,
            0.149,
            0.154
        ],
        [
            0.137,
            0.136,
            0.136,
            0.141,
            0.142,
            0.149,
            0.154
        ],
        [
            0.134,
            0.134,
            0.133,
            0.137,
            0.141,
            0.147,
            0.154
        ],
        [
            0.136,
            0.135,
            0.134,
            0.139,
            0.141,
            0.147,
            0.15
        ],
        [
            0.135,
            0.135,
            0.135,
            0.141,
            0.145,
            0.147,
            0.148
        ],
        [
            0.136,
            0.137,
            0.134,
            0.142,
            0.146,
            0.148,
            0.145
        ],
        [
            0.132,
            0.136,
            0.136,
            0.144,
            0.145,
            0.148,
            0.146
        ],
        [
            0.135,
            0.138,
            0.14,
            0.144,
            0.145,
            0.147,
            0.144
        ],
        [
            0.135,
            0.138,
            0.14,
            0.145,
            0.146,
            0.148,
            0.139
        ],
        [
            0.136,
            0.14,
            0.14,
            0.143,
            0.146,
            0.15,
            0.148
        ],
        [
            0.141,
            0.142,
            0.14,
            0.147,
            0.146,
            0.151,
            0.148
        ],
        [
            0.138,
            0.136,
            0.141,
            0.144,
            0.144,
            0.148,
            0.151
        ],
        [
            0.136,
            0.137,
            0.138,
            0.14,
            0.142,
            0.145,
            0.156
        ],
        [
            0.135,
            0.138,
            0.138,
            0.143,
            0.144,
            0.143,
            0.155
        ],
        [
            0.133,
            0.136,
            0.14,
            0.139,
            0.145,
            0.144,
            0.153
        ],
        [
            0.134,
            0.136,
            0.14,
            0.142,
            0.146,
            0.144,
            0.152
        ],
        [
            0.135,
            0.133,
            0.139,
            0.142,
            0.147,
            0.145,
            0.153
        ],
        [
            0.136,
            0.134,
            0.135,
            0.142,
            0.144,
            0.149,
            0.151
        ],
        [
            0.139,
            0.136,
            0.139,
            0.143,
            0.146,
            0.149,
            0.146
        ],
        [
            0.138,
            0.136,
            0.14,
            0.141,
            0.143,
            0.15,
            0.149
        ],
        [
            0.139,
            0.138,
            0.133,
            0.14,
            0.139,
            0.15,
            0.148
        ],
        [
            0.137,
            0.137,
            0.136,
            0.142,
            0.138,
            0.152,
            0.152
        ],
        [
            0.135,
            0.136,
            0.134,
            0.141,
            0.14,
            0.15,
            0.154
        ],
        [
