{
    "event_type": "flower_visit",
    "event_id": "flower_2_20260412163619553351",
    "flower_id": "flower_2",
    "background_dist": 0.32,
    "start_time": 1776029776.287122,
    "end_time": 1776029779.553277,
    "num_scans": 49,
    "angles": [
        108,
        109,
        110,
        111,
        112,
        113,
        114,
        115,
        116
    ],
    "distance_series": [
        [
            0.322,
            0.324,
            0.321,
            0.315,
            0.316,
            0.315,
            0.318,
            0.304,
            0.263
        ],
        [
            0.321,
            0.323,
            0.324,
            0.316,
            0.319,
            0.318,
            0.32,
            0.3,
            0.265
        ],
        [
            0.32,
            0.325,
            0.316,
            0.321,
            0.319,
            0.322,
            0.316,
            0.302,
            0.258
        ],
        [
            0.321,
            0.32,
            0.314,
            0.32,
            0.313,
            0.323,
            0.316,
            0.3,
            0.25
        ],
        [
            0.324,
            0.315,
            0.316,
            0.322,
            0.317,
            0.322,
            0.314,
            0.306,
            0.253
        ],
        [
            0.327,
            0.319,
            0.316,
            0.319,
            0.316,
            0.323,
            0.317,
            0.318,
            0.266
        ],
        [
            0.328,
            0.318,
            0.317,
            0.32,
            0.315,
            0.321,
            0.32,
            0.319,
            0.272
        ],
        [
            0.324,
            0.322,
            0.32,
            0.317,
            0.314,
            0.321,
            0.324,
            0.321,
            0.279
        ],
        [
            0.326,
            0.327,
            0.321,
            0.319,
            0.307,
            0.316,
            0.324,
            0.322,
            0.273
        ],
        [
            0.33,
            0.33,
            0.324,
            0.317,
            0.31,
            0.312,
            0.322,
            0.315,
            0.261
        ],
        [
            0.331,
            0.328,
            0.329,
            0.314,
            0.315,
            0.312,
            0.32,
            0.313,
            0.253
        ],
        [
            0.331,
            0.327,
            0.327,
            0.314,
            0.315,
            0.314,
            0.318,
            0.311,
            0.257
        ],
        [
            0.327,
            0.324,
            0.334,
            0.316,
            0.312,
            0.317,
            0.322,
            0.313,
            0.262
        ],
        [
            0.329,
            0.324,
            0.326,
            0.314,
            0.311,
            0.316,
            0.327,
            0.31,
            0.271
        ],
        [
            0.33,
            0.322,
            0.319,
            0.321,
            0.317,
            0.313,
            0.324,
            0.316,
            0.28
        ],
        [
            0.332,
            0.322,
            0.316,
            0.322,
            0.319,
            0.313,
            0.323,
            0.316,
            0.272
        ],
        [
            0.329,
            0.318,
            0.321,
            0.321,
            0.319,
            0.313,
            0.321,
            0.313,
            0.265
        ],
        [
            0.33,
            0.318,
            0.322,
            0.321,
            0.322,
            0.314,
            0.318,
            0.309,
            0.253
        ],
        [
            0.329,
            0.321,
            0.324,
            0.321,
            0.324,
            0.315,
            0.318,
            0.307,
            0.255
        ],
        [
            0.327,
            0.323,
            0.321,
            0.318,
            0.321,
            0.316,
            0.321,
            0.309,
            0.264
        ],
        [
            0.327,
            0.325,
            0.319,
            0.317,
            0.326,
            0.314,
            0.322,
            0.311,
            0.275
        ],
        [
            0.325,
            0.33,
            0.324,
            0.316,
            0.325,
            0.313,
            0.324,
            0.313,
            0.285
        ],
        [
            0.325,
            0.332,
            0.32,
            0.318,
            0.325,
            0.314,
            0.32,
            0.319,
            0.28
        ],
        [
            0.326,
            0.328,
            0.319,
            0.317,
            0.323,
            0.315,
            0.322,
            0.317,
            0.275
        ],
        [
            0.327,
            0.333,
            0.318,
            0.317,
            0.321,
            0.32,
            0.322,
            0.303,
            0.27
        ],
        [
            0.329,
            0.327,
            0.317,
            0.323,
            0.318,
            0.322,
            0.319,
            0.302,
            0.273
        ],
        [
            0.33,
            0.327,
            0.318,
            0.318,
            0.32,
            0.322,
            0.318,
            0.307,
            0.278
        ],
        [
            0.328,
            0.332,
            0.323,
            0.319,
            0.326,
            0.323,
            0.318,
            0.307,
            0.282
        ],
        [
            0.326,
            0.332,
            0.322,
            0.32,
            0.323,
            0.319,
            0.315,
            0.317,
            0.28
        ],
        [
            0.326,
            0.33,
            0.321,
            0.313,
            0.318,
            0.318,
            0.32,
            0.316,
            0.27
        ],
        [
            0.325,
            0.331,
            0.324,
            0.315,
            0.317,
            0.32,
            0.323,
            0.306,
            0.262
        ],
        [
            0.325,
            0.329,
            0.321,
            0.312,
            0.314,
            0.318,
            0.313,
            0.291,
            0.26
        ],
        [
            0.325,
            0.324,
            0.325,
            0.309,
            0.31,
            0.319,
            0.313,
            0.282,
            0.268
        ],
        [
            0.323,
            0.331,
            0.327,
            0.317,
            0.314,
            0.319,
            0.316,
            0.281,
            0.27
        ],
        [
            0.324,
            0.33,
            0.322,
            0.316,
            0.317,
            0.32,
            0.32,
            0.286,
            0.274
        ],
        [
            0.326,
            0.329,
            0.32,
            0.314,
            0.314,
            0.322,
            0.324,
            0.297,
            0.268
        ],
        [
            0.326,
            0.329,
            0.323,
            0.317,
            0.316,
            0.327,
            0.325,
            0.303,
            0.269
        ],
        [
            0.326,
            0.328,
            0.316,
            0.312,
            0.317,
            0.327,
            0.32,
            0.295,
            0.264
        ],
        [
            0.322,
            0.326,
            0.32,
            0.318,
            0.316,
            0.321,
            0.313,
            0.287,
            0.264
        ],
        [
            0.32,
            0.328,
            0.315,
            0.32,
            0.315,
            0.323,
            0.311,
            0.283,
            0.27
        ],
