{
    "event_type": "flower_visit",
    "event_id": "flower_1_20260410195140080863",
    "flower_id": "flower_1",
    "background_dist": 0.19,
    "start_time": 1775868695.4818618,
    "end_time": 1775868700.080828,
    "num_scans": 69,
    "angles": [
        105,
        106,
        107,
        108,
        109,
        110,
        111,
        112,
        113,
        114,
        115,
        116
    ],
    "distance_series": [
        [
            0.136,
            0.142,
            0.142,
            0.15,
            0.175,
            0.183,
            0.182,
            0.183,
            0.189,
            0.185,
            0.195,
            0.202
        ],
        [
            0.138,
            0.141,
            0.142,
            0.155,
            0.175,
            0.183,
            0.183,
            0.184,
            0.185,
            0.186,
            0.19,
            0.206
        ],
        [
            0.138,
            0.138,
            0.145,
            0.157,
            0.18,
            0.179,
            0.179,
            0.181,
            0.184,
            0.186,
            0.193,
            0.204
        ],
        [
            0.138,
            0.141,
            0.145,
            0.158,
            0.176,
            0.18,
            0.186,
            0.179,
            0.191,
            0.187,
            0.188,
            0.203
        ],
        [
            0.139,
            0.138,
            0.147,
            0.157,
            0.176,
            0.175,
            0.183,
            0.178,
            0.189,
            0.194,
            0.192,
            0.199
        ],
        [
            0.134,
            0.144,
            0.15,
            0.155,
            0.174,
            0.175,
            0.19,
            0.182,
            0.192,
            0.194,
            0.194,
            0.202
        ],
        [
            0.135,
            0.143,
            0.147,
            0.146,
            0.169,
            0.176,
            0.19,
            0.185,
            0.192,
            0.187,
            0.198,
            0.203
        ],
        [
            0.136,
            0.142,
            0.146,
            0.148,
            0.174,
            0.18,
            0.186,
            0.186,
            0.19,
            0.187,
            0.197,
            0.204
        ],
        [
            0.134,
            0.142,
            0.146,
            0.15,
            0.174,
            0.181,
            0.184,
            0.178,
            0.19,
            0.188,
            0.192,
            0.197
        ],
        [
            0.141,
            0.139,
            0.147,
            0.147,
            0.174,
            0.177,
            0.177,
            0.18,
            0.185,
            0.189,
            0.191,
            0.203
        ],
        [
            0.14,
            0.141,
            0.146,
            0.153,
            0.173,
            0.178,
            0.18,
            0.179,
            0.189,
            0.194,
            0.192,
            0.202
        ],
        [
            0.14,
            0.143,
            0.147,
            0.148,
            0.16,
            0.18,
            0.174,
            0.178,
            0.19,
            0.196,
            0.198,
            0.208
        ],
        [
            0.145,
            0.143,
            0.145,
            0.148,
            0.155,
            0.181,
            0.171,
            0.185,
            0.194,
            0.194,
            0.198,
            0.209
        ],
        [
            0.141,
            0.15,
            0.147,
            0.147,
            0.151,
            0.178,
            0.177,
            0.182,
            0.194,
            0.193,
            0.193,
            0.209
        ],
        [
            0.142,
            0.144,
            0.153,
            0.145,
            0.148,
            0.181,
            0.177,
            0.186,
            0.187,
            0.192,
            0.195,
            0.204
        ],
        [
            0.142,
            0.138,
            0.152,
            0.148,
            0.158,
            0.184,
            0.181,
            0.186,
            0.183,
            0.187,
            0.193,
            0.205
        ],
        [
            0.143,
            0.137,
            0.148,
            0.146,
            0.157,
            0.186,
            0.183,
            0.179,
            0.181,
            0.185,
            0.191,
            0.202
        ],
        [
            0.142,
            0.136,
            0.146,
            0.145,
            0.161,
            0.183,
            0.185,
            0.18,
            0.179,
            0.182,
            0.185,
            0.195
        ],
        [
            0.139,
            0.131,
            0.145,
            0.142,
            0.162,
            0.18,
            0.177,
            0.178,
            0.187,
            0.182,
            0.188,
            0.195
        ],
        [
            0.136,
            0.136,
            0.143,
            0.141,
            0.157,
            0.176,
            0.174,
            0.177,
            0.181,
            0.187,
            0.192,
            0.195
        ],
        [
            0.133,
            0.136,
            0.145,
            0.143,
            0.157,
            0.178,
            0.181,
            0.18,
            0.183,
            0.189,
            0.192,
            0.201
        ],
        [
            0.133,
            0.137,
            0.145,
            0.139,
            0.156,
            0.178,
            0.179,
            0.183,
            0.182,
            0.188,
            0.196,
            0.199
        ],
        [
            0.133,
            0.138,
            0.146,
            0.142,
            0.155,
            0.183,
            0.176,
            0.183,
            0.183,
            0.19,
            0.189,
            0.201
        ],
        [
            0.134,
            0.135,
            0.144,
            0.139,
            0.154,
            0.181,
            0.18,
            0.18,
            0.187,
            0.189,
            0.189,
            0.203
        ],
        [
            0.136,
            0.137,
            0.144,
            0.142,
            0.157,
            0.181,
            0.173,
            0.184,
            0.191,
            0.187,
            0.191,
            0.196
        ],
        [
            0.133,
            0.136,
            0.144,
            0.145,
            0.161,
            0.184,
            0.175,
            0.18,
            0.196,
            0.185,
            0.195,
            0.198
        ],
        [
            0.134,
            0.138,
            0.143,
            0.148,
            0.165,
            0.18,
            0.177,
            0.183,
            0.194,
            0.187,
            0.193,
            0.197
        ],
        [
            0.131,
            0.136,
            0.135,
            0.151,
            0.171,
            0.181,
            0.176,
            0.184,
            0.19,
            0.186,
            0.188,
            0.198
        ],
        [
            0.132,
            0.135,
            0.14,
            0.15,
            0.172,
            0.179,
            0.173,
            0.183,
            0.189,
            0.183,
            0.182,
            0.197
        ],
        [
            0.135,
            0.133,
            0.139,
            0.148,
            0.177,
            0.181,
            0.174,
            0.186,
            0.189,
            0.184,
            0.181,
            0.197
        ],
        [
            0.131,
            0.134,
            0.142,
            0.151,
            0.178,
            0.179,
            0.171,
