{
    "event_type": "flower_visit",
    "event_id": "flower_2_20260412174351639806",
    "flower_id": "flower_2",
    "background_dist": 0.28,
    "start_time": 1776033830.5069351,
    "end_time": 1776033831.639762,
    "num_scans": 17,
    "angles": [
        126,
        127,
        128,
        129,
        130,
        131,
        132,
        133,
        134,
        135,
        136
    ],
    "distance_series": [
        [
            0.274,
            0.273,
            0.259,
            0.242,
            0.236,
            0.231,
            0.24,
            0.24,
            0.244,
            0.263,
            0.357
        ],
        [
            0.276,
            0.272,
            0.26,
            0.242,
            0.236,
            0.236,
            0.238,
            0.237,
            0.244,
            0.259,
            0.348
        ],
        [
            0.28,
            0.273,
            0.259,
            0.24,
            0.236,
            0.238,
            0.24,
            0.236,
            0.242,
            0.255,
            0.344
        ],
        [
            0.28,
            0.269,
            0.261,
            0.242,
            0.236,
            0.237,
            0.239,
            0.236,
            0.243,
            0.255,
            0.342
        ],
        [
            0.28,
            0.272,
            0.257,
            0.24,
            0.238,
            0.241,
            0.239,
            0.242,
            0.252,
            0.26,
            0.346
        ],
        [
            0.278,
            0.268,
            0.252,
            0.236,
            0.24,
            0.237,
            0.247,
            0.25,
            0.259,
            0.265,
            0.354
        ],
        [
            0.273,
            0.26,
            0.244,
            0.237,
            0.239,
            0.239,
            0.252,
            0.254,
            0.264,
            0.272,
            0.366
        ],
        [
            0.273,
            0.258,
            0.238,
            0.234,
            0.24,
            0.239,
            0.256,
            0.259,
            0.272,
            0.278,
            0.366
        ],
        [
            0.274,
            0.262,
            0.244,
            0.241,
            0.25,
            0.246,
            0.253,
            0.258,
            0.276,
            0.277,
            0.368
        ],
        [
            0.274,
            0.264,
            0.249,
            0.25,
            0.254,
            0.257,
            0.253,
            0.255,
            0.276,
            0.277,
            0.407
        ],
        [
            0.284,
            0.272,
            0.257,
            0.257,
            0.261,
            0.265,
            0.252,
            0.254,
            0.275,
            0.275,
            0.442
        ],
        [
            0.287,
            0.275,
            0.265,
            0.264,
            0.266,
            0.272,
            0.254,
            0.258,
            0.272,
            0.277,
            0.403
        ],
        [
            0.285,
            0.271,
            0.259,
            0.261,
            0.257,
            0.265,
            0.257,
            0.262,
            0.264,
            0.28,
            0.4
        ],
        [
            0.271,
            0.262,
            0.258,
            0.258,
            0.255,
            0.26,
            0.257,
            0.269,
            0.267,
            0.284,
            0.4
        ],
        [
            0.262,
            0.251,
            0.252,
            0.254,
            0.254,
            0.25,
            0.264,
            0.265,
            0.268,
            0.285,
            0.397
        ],
        [
            0.258,
            0.247,
            0.247,
            0.249,
            0.251,
            0.253,
            0.262,
            0.261,
            0.267,
            0.28,
            0.395
        ],
        [
            0.261,
            0.251,
            0.249,
            0.249,
            0.25,
            0.252,
            0.258,
            0.26,
            0.277,
            0.279,
            0.394
        ]
    ],
    "timestamp": "2026-04-12T17:43:51.639839",
    "label": "bee"
}