{
    "event_type": "flower_visit",
    "event_id": "flower_1_20260401173248701751",
    "flower_id": "flower_1",
    "background_dist": 0.2,
    "start_time": 1775082766.635873,
    "end_time": 1775082768.701608,
    "num_scans": 31,
    "angles": [
        132,
        133,
        134,
        135,
        136,
        137,
        138
    ],
    "distance_series": [
        [
            0.138,
            0.14,
            0.14,
            0.156,
            0.15,
            0.156,
            0.142
        ],
        [
            0.138,
            0.14,
            0.136,
            0.149,
            0.151,
            0.157,
            0.141
        ],
        [
            0.138,
            0.139,
            0.138,
            0.147,
            0.149,
            0.155,
            0.144
        ],
        [
            0.14,
            0.137,
            0.134,
            0.142,
            0.148,
            0.152,
            0.144
        ],
        [
            0.142,
            0.134,
            0.132,
            0.14,
            0.143,
            0.15,
            0.144
        ],
        [
            0.144,
            0.133,
            0.135,
            0.141,
            0.143,
            0.149,
            0.147
        ],
        [
            0.143,
            0.132,
            0.133,
            0.143,
            0.143,
            0.148,
            0.146
        ],
        [
            0.142,
            0.132,
            0.136,
            0.143,
            0.143,
            0.151,
            0.147
        ],
        [
            0.139,
            0.133,
            0.138,
            0.146,
            0.148,
            0.15,
            0.147
        ],
        [
            0.14,
            0.134,
            0.139,
            0.147,
            0.151,
            0.154,
            0.147
        ],
        [
            0.142,
            0.135,
            0.141,
            0.144,
            0.153,
            0.157,
            0.145
        ],
        [
            0.14,
            0.139,
            0.141,
            0.145,
            0.158,
            0.158,
            0.143
        ],
        [
            0.138,
            0.139,
            0.14,
            0.15,
            0.154,
            0.158,
            0.144
        ],
        [
            0.136,
            0.138,
            0.144,
            0.15,
            0.149,
            0.158,
            0.152
        ],
        [
            0.139,
            0.14,
            0.146,
            0.148,
            0.147,
            0.155,
            0.156
        ],
        [
            0.143,
            0.135,
            0.144,
            0.14,
            0.146,
            0.151,
            0.167
        ],
        [
            0.143,
            0.135,
            0.142,
            0.132,
            0.135,
            0.151,
            0.166
        ],
        [
            0.148,
            0.134,
            0.136,
            0.129,
            0.135,
            0.146,
            0.159
        ],
        [
            0.15,
            0.138,
            0.14,
            0.129,
            0.133,
            0.141,
            0.148
        ],
        [
            0.156,
            0.14,
            0.142,
            0.139,
            0.128,
            0.139,
            0.146
        ],
        [
            0.163,
            0.147,
            0.151,
            0.151,
            0.137,
            0.136,
            0.138
        ],
        [
            0.169,
            0.159,
            0.168,
            0.161,
            0.153,
            0.139,
            0.142
        ],
        [
            0.178,
            0.167,
            0.182,
            0.178,
            0.173,
            0.154,
            0.146
        ],
        [
            0.186,
            0.173,
            0.198,
            0.202,
            0.195,
            0.181,
            0.169
        ],
        [
            0.186,
            0.182,
            0.205,
            0.212,
            0.215,
            0.197,
            0.194
        ],
        [
            0.191,
            0.187,
            0.207,
            0.218,
            0.219,
            0.215,
            0.211
        ],
        [
            0.197,
            0.183,
            0.208,
            0.219,
            0.218,
            0.221,
            0.224
        ],
        [
            0.196,
            0.19,
            0.209,
            0.218,
            0.211,
            0.216,
            0.225
        ],
        [
            0.194,
            0.19,
            0.209,
            0.221,
            0.209,
            0.218,
            0.223
        ],
        [
            0.19,
            0.188,
            0.208,
            0.218,
            0.212,
            0.218,
            0.22
        ],
        [
            0.186,
            0.187,
            0.211,
            0.217,
            0.219,
            0.214,
            0.219
        ]
    ],
    "timestamp": "2026-04-01T17:32:48.701844",
    "label": "bee"
}