{
    "event_type": "flower_visit",
    "event_id": "flower_2_20260409162847080840",
    "flower_id": "flower_2",
    "background_dist": 0.42,
    "start_time": 1775770125.080779,
    "end_time": 1775770127.080683,
    "num_scans": 30,
    "angles": [
        194,
        195,
        196,
        197,
        198,
        199,
        200
    ],
    "distance_series": [
        [
            0.379,
            0.374,
            0.375,
            0.409,
            0.419,
            0.422,
            1.722
        ],
        [
            0.378,
            0.376,
            0.386,
            0.412,
            0.416,
            0.423,
            1.722
        ],
        [
            0.38,
            0.377,
            0.394,
            0.408,
            0.417,
            0.424,
            0.431
        ],
        [
            0.383,
            0.381,
            0.404,
            0.412,
            0.418,
            0.43,
            0.428
        ],
        [
            0.389,
            0.38,
            0.411,
            0.408,
            0.419,
            0.428,
            0.424
        ],
        [
            0.394,
            0.377,
            0.404,
            0.414,
            0.421,
            0.424,
            0.426
        ],
        [
            0.4,
            0.384,
            0.398,
            0.411,
            0.418,
            0.424,
            1.72
        ],
        [
            0.404,
            0.38,
            0.397,
            0.415,
            0.417,
            0.427,
            1.72
        ],
        [
            0.403,
            0.383,
            0.398,
            0.417,
            0.417,
            0.424,
            1.72
        ],
        [
            0.407,
            0.382,
            0.405,
            0.419,
            0.417,
            0.428,
            1.72
        ],
        [
            0.407,
            0.382,
            0.407,
            0.415,
            0.42,
            0.429,
            0.418
        ],
        [
            0.407,
            0.378,
            0.404,
            0.416,
            0.423,
            0.43,
            0.416
        ],
        [
            0.409,
            0.38,
            0.403,
            0.416,
            0.424,
            0.432,
            0.423
        ],
        [
            0.409,
            0.382,
            0.399,
            0.414,
            0.422,
            0.43,
            0.421
        ],
        [
            0.408,
            0.383,
            0.398,
            0.414,
            0.42,
            0.426,
            0.427
        ],
        [
            0.413,
            0.379,
            0.405,
            0.416,
            0.419,
            0.426,
            0.432
        ],
        [
            0.413,
            0.383,
            0.407,
            0.418,
            0.418,
            0.43,
            1.695
        ],
        [
            0.414,
            0.379,
            0.411,
            0.414,
            0.42,
            0.431,
            1.695
        ],
        [
            0.412,
            0.376,
            0.409,
            0.416,
            0.418,
            0.428,
            1.71
        ],
        [
            0.411,
            0.378,
            0.408,
            0.413,
            0.418,
            0.428,
            1.71
        ],
        [
            0.403,
            0.377,
            0.411,
            0.415,
            0.416,
            0.425,
            1.725
        ],
        [
            0.397,
            0.381,
            0.411,
            0.415,
            0.42,
            0.421,
            1.725
        ],
        [
            0.406,
            0.385,
            0.408,
            0.415,
            0.421,
            0.424,
            0.428
        ],
        [
            0.411,
            0.39,
            0.412,
            0.42,
            0.421,
            0.431,
            0.427
        ],
        [
            0.407,
            0.402,
            0.41,
            0.419,
            0.422,
            0.429,
            0.427
        ],
        [
            0.408,
            0.399,
            0.411,
            0.419,
            0.42,
            0.432,
            0.423
        ],
        [
            0.4,
            0.403,
            0.414,
            0.417,
            0.415,
            0.43,
            0.424
        ],
        [
            0.39,
            0.397,
            0.412,
            0.411,
            0.414,
            0.427,
            0.428
        ],
        [
            0.39,
            0.394,
            0.411,
            0.413,
            0.415,
            0.426,
            0.425
        ],
        [
            0.39,
            0.394,
            0.415,
            0.412,
            0.416,
            0.426,
            0.429
        ]
    ],
    "timestamp": "2026-04-09T16:28:47.080932",
    "label": "bee"
}