{
    "event_type": "flower_visit",
    "event_id": "flower_1_20260409152120792923",
    "flower_id": "flower_1",
    "background_dist": 0.2,
    "start_time": 1775766079.459178,
    "end_time": 1775766080.792777,
    "num_scans": 20,
    "angles": [
        92,
        93,
        94,
        95,
        96,
        97,
        98,
        99,
        100,
        101,
        102,
        103,
        104
    ],
    "distance_series": [
        [
            0.163,
            0.173,
            0.198,
            0.199,
            0.2,
            0.203,
            0.197,
            0.201,
            0.199,
            0.204,
            0.198,
            0.203,
            0.203
        ],
        [
            0.164,
            0.173,
            0.198,
            0.199,
            0.194,
            0.2,
            0.199,
            0.199,
            0.198,
            0.204,
            0.199,
            0.203,
            0.205
        ],
        [
            0.163,
            0.171,
            0.195,
            0.203,
            0.193,
            0.196,
            0.197,
            0.2,
            0.196,
            0.2,
            0.2,
            0.201,
            0.204
        ],
        [
            0.163,
            0.169,
            0.187,
            0.199,
            0.193,
            0.197,
            0.2,
            0.198,
            0.198,
            0.199,
            0.199,
            0.204,
            0.203
        ],
        [
            0.164,
            0.166,
            0.181,
            0.197,
            0.196,
            0.192,
            0.198,
            0.197,
            0.197,
            0.198,
            0.198,
            0.199,
            0.204
        ],
        [
            0.162,
            0.166,
            0.18,
            0.195,
            0.197,
            0.192,
            0.197,
            0.198,
            0.2,
            0.197,
            0.197,
            0.196,
            0.2
        ],
        [
            0.161,
            0.17,
            0.183,
            0.19,
            0.197,
            0.193,
            0.197,
            0.195,
            0.202,
            0.196,
            0.197,
            0.196,
            0.201
        ],
        [
            0.159,
            0.163,
            0.188,
            0.193,
            0.197,
            0.192,
            0.197,
            0.196,
            0.199,
            0.199,
            0.198,
            0.196,
            0.203
        ],
        [
            0.162,
            0.166,
            0.182,
            0.192,
            0.2,
            0.197,
            0.196,
            0.198,
            0.201,
            0.197,
            0.198,
            0.192,
            0.202
        ],
        [
            0.161,
            0.17,
            0.177,
            0.188,
            0.198,
            0.201,
            0.195,
            0.196,
            0.198,
            0.194,
            0.201,
            0.196,
            0.206
        ],
        [
            0.16,
            0.165,
            0.172,
            0.188,
            0.195,
            0.2,
            0.196,
            0.199,
            0.195,
            0.193,
            0.201,
            0.197,
            0.209
        ],
        [
            0.159,
            0.164,
            0.173,
            0.19,
            0.197,
            0.201,
            0.191,
            0.199,
            0.198,
            0.193,
            0.197,
            0.198,
            0.205
        ],
        [
            0.165,
            0.171,
            0.182,
            0.192,
            0.193,
            0.197,
            0.191,
            0.199,
            0.195,
            0.193,
            0.197,
            0.198,
            0.201
        ],
        [
            0.169,
            0.171,
            0.19,
            0.195,
            0.193,
            0.195,
            0.19,
            0.198,
            0.197,
            0.195,
            0.198,
            0.201,
            0.21
        ],
        [
            0.169,
            0.176,
            0.193,
            0.205,
            0.193,
            0.196,
            0.192,
            0.199,
            0.198,
            0.199,
            0.196,
            0.201,
            0.208
        ],
        [
            0.167,
            0.175,
            0.198,
            0.202,
            0.195,
            0.196,
            0.197,
            0.195,
            0.196,
            0.197,
            0.197,
            0.202,
            0.21
        ],
        [
            0.168,
            0.177,
            0.197,
            0.201,
            0.198,
            0.202,
            0.196,
            0.196,
            0.195,
            0.2,
            0.198,
            0.2,
            0.211
        ],
        [
            0.166,
            0.176,
            0.197,
            0.202,
            0.205,
            0.199,
            0.198,
            0.197,
            0.196,
            0.201,
            0.2,
            0.202,
            0.207
        ],
        [
            0.168,
            0.176,
            0.198,
            0.194,
            0.203,
            0.198,
            0.2,
            0.197,
            0.197,
            0.2,
            0.201,
            0.203,
            0.208
        ],
        [
            0.166,
            0.172,
            0.202,
            0.193,
            0.203,
            0.196,
            0.199,
            0.198,
            0.197,
            0.197,
            0.198,
            0.208,
            0.207
        ]
    ],
    "timestamp": "2026-04-09T15:21:20.793036",
    "label": "bee"
}