{
    "event_type": "flower_visit",
    "event_id": "flower_1_20260410195613746650",
    "flower_id": "flower_1",
    "background_dist": 0.19,
    "start_time": 1775868971.813347,
    "end_time": 1775868973.746496,
    "num_scans": 29,
    "angles": [
        105,
        106,
        107,
        108,
        109,
        110,
        111,
        112,
        113,
        114,
        115,
        116
    ],
    "distance_series": [
        [
            0.341,
            0.17,
            0.171,
            0.157,
            0.15,
            0.152,
            0.169,
            0.188,
            0.188,
            0.192,
            0.189,
            0.18
        ],
        [
            0.336,
            0.165,
            0.17,
            0.16,
            0.149,
            0.153,
            0.172,
            0.183,
            0.18,
            0.192,
            0.191,
            0.187
        ],
        [
            0.337,
            0.161,
            0.166,
            0.159,
            0.147,
            0.159,
            0.171,
            0.184,
            0.18,
            0.187,
            0.183,
            0.188
        ],
        [
            0.327,
            0.158,
            0.158,
            0.156,
            0.155,
            0.156,
            0.174,
            0.183,
            0.181,
            0.184,
            0.184,
            0.188
        ],
        [
            0.317,
            0.156,
            0.155,
            0.157,
            0.153,
            0.16,
            0.175,
            0.182,
            0.181,
            0.189,
            0.18,
            0.192
        ],
        [
            0.273,
            0.153,
            0.158,
            0.155,
            0.155,
            0.161,
            0.179,
            0.186,
            0.183,
            0.187,
            0.184,
            0.19
        ],
        [
            0.231,
            0.151,
            0.157,
            0.156,
            0.154,
            0.163,
            0.177,
            0.184,
            0.186,
            0.19,
            0.193,
            0.192
        ],
        [
            0.19,
            0.151,
            0.157,
            0.157,
            0.151,
            0.17,
            0.178,
            0.183,
            0.182,
            0.185,
            0.189,
            0.196
        ],
        [
            0.154,
            0.148,
            0.159,
            0.157,
            0.151,
            0.171,
            0.173,
            0.179,
            0.183,
            0.184,
            0.187,
            0.192
        ],
        [
            0.155,
            0.151,
            0.156,
            0.158,
            0.151,
            0.172,
            0.168,
            0.183,
            0.182,
            0.19,
            0.19,
            0.189
        ],
        [
            0.155,
            0.149,
            0.154,
            0.158,
            0.153,
            0.166,
            0.174,
            0.182,
            0.179,
            0.189,
            0.187,
            0.189
        ],
        [
            0.156,
            0.148,
            0.158,
            0.155,
            0.149,
            0.162,
            0.175,
            0.186,
            0.182,
            0.196,
            0.193,
            0.189
        ],
        [
            0.193,
            0.153,
            0.159,
            0.157,
            0.148,
            0.159,
            0.167,
            0.177,
            0.185,
            0.194,
            0.193,
            0.189
        ],
        [
            0.231,
            0.153,
            0.162,
            0.157,
            0.148,
            0.155,
            0.176,
            0.173,
            0.182,
            0.194,
            0.19,
            0.186
        ],
        [
            0.275,
            0.157,
            0.166,
            0.156,
            0.148,
            0.157,
            0.178,
            0.176,
            0.186,
            0.192,
            0.189,
            0.185
        ],
        [
            0.28,
            0.157,
            0.164,
            0.156,
            0.151,
            0.158,
            0.168,
            0.182,
            0.186,
            0.188,
            0.182,
            0.181
        ],
        [
            0.245,
            0.156,
            0.164,
            0.154,
            0.15,
            0.16,
            0.173,
            0.182,
            0.187,
            0.185,
            0.181,
            0.18
        ],
        [
            0.202,
            0.158,
            0.162,
            0.153,
            0.153,
            0.162,
            0.162,
            0.181,
            0.183,
            0.185,
            0.184,
            0.18
        ],
        [
            0.204,
            0.16,
            0.163,
            0.159,
            0.153,
            0.158,
            0.162,
            0.18,
            0.185,
            0.188,
            0.181,
            0.18
        ],
        [
            0.24,
            0.163,
            0.165,
            0.156,
            0.144,
            0.154,
            0.167,
            0.175,
            0.188,
            0.19,
            0.181,
            0.184
        ],
        [
            0.285,
            0.168,
            0.169,
            0.16,
            0.145,
            0.153,
            0.173,
            0.177,
            0.186,
            0.19,
            0.179,
            0.185
        ],
        [
            0.28,
            0.172,
            0.175,
            0.167,
            0.156,
            0.157,
            0.173,
            0.186,
            0.192,
            0.185,
            0.191,
            0.191
        ],
        [
            0.243,
            0.178,
            0.177,
            0.17,
            0.165,
            0.167,
            0.179,
            0.188,
            0.193,
            0.186,
            0.191,
            0.201
        ],
        [
            0.209,
            0.18,
            0.179,
            0.183,
            0.173,
            0.17,
            0.183,
            0.19,
            0.193,
            0.183,
            0.192,
            0.199
        ],
        [
            0.174,
            0.182,
            0.181,
            0.182,
            0.18,
            0.175,
            0.181,
            0.185,
            0.191,
            0.182,
            0.195,
            0.202
        ],
        [
            0.188,
            0.192,
            0.184,
            0.184,
            0.183,
            0.18,
            0.188,
            0.182,
            0.192,
            0.182,
            0.193,
            0.205
        ],
        [
            0.19,
            0.193,
            0.183,
            0.181,
            0.179,
            0.186,
            0.185,
            0.176,
            0.187,
            0.185,
            0.192,
            0.202
        ],
        [
            0.193,
            0.191,
            0.186,
            0.177,
            0.183,
            0.181,
            0.182,
            0.18,
            0.185,
            0.188,
            0.188,
            0.2
        ],
        [
            0.195,
            0.188,
            0.184,
            0.177,
            0.182,
            0.187,
            0.184,
            0.184,
            0.188,
            0.184,
            0.186,
            0.201
        ]
    ],
    "timestamp": "2026-04-10T19:56:13.746751",
    "label": "not_bee"
}