{
    "event_type": "flower_visit",
    "event_id": "flower_1_20260410194911149140",
    "flower_id": "flower_1",
    "background_dist": 0.19,
    "start_time": 1775868546.4157262,
    "end_time": 1775868551.148999,
    "num_scans": 71,
    "angles": [
        105,
        106,
        107,
        108,
        109,
        110,
        111,
        112,
        113,
        114,
        115,
        116
    ],
    "distance_series": [
        [
            0.156,
            0.156,
            0.165,
            0.171,
            0.18,
            0.174,
            0.183,
            0.176,
            0.177,
            0.193,
            0.187,
            0.196
        ],
        [
            0.158,
            0.156,
            0.163,
            0.17,
            0.177,
            0.172,
            0.187,
            0.175,
            0.18,
            0.189,
            0.186,
            0.193
        ],
        [
            0.157,
            0.157,
            0.156,
            0.164,
            0.178,
            0.173,
            0.178,
            0.18,
            0.176,
            0.191,
            0.187,
            0.19
        ],
        [
            0.153,
            0.156,
            0.152,
            0.166,
            0.179,
            0.178,
            0.182,
            0.18,
            0.18,
            0.182,
            0.189,
            0.19
        ],
        [
            0.157,
            0.156,
            0.155,
            0.166,
            0.179,
            0.187,
            0.18,
            0.182,
            0.179,
            0.181,
            0.186,
            0.192
        ],
        [
            0.157,
            0.154,
            0.157,
            0.165,
            0.178,
            0.186,
            0.175,
            0.174,
            0.182,
            0.186,
            0.182,
            0.194
        ],
        [
            0.155,
            0.155,
            0.161,
            0.167,
            0.178,
            0.187,
            0.177,
            0.175,
            0.182,
            0.181,
            0.183,
            0.197
        ],
        [
            0.154,
            0.157,
            0.163,
            0.167,
            0.178,
            0.183,
            0.179,
            0.175,
            0.181,
            0.183,
            0.184,
            0.198
        ],
        [
            0.152,
            0.156,
            0.163,
            0.168,
            0.179,
            0.181,
            0.178,
            0.177,
            0.178,
            0.184,
            0.183,
            0.195
        ],
        [
            0.151,
            0.158,
            0.16,
            0.165,
            0.18,
            0.178,
            0.177,
            0.178,
            0.185,
            0.187,
            0.187,
            0.196
        ],
        [
            0.153,
            0.157,
            0.159,
            0.165,
            0.175,
            0.179,
            0.181,
            0.181,
            0.183,
            0.189,
            0.183,
            0.191
        ],
        [
            0.157,
            0.155,
            0.155,
            0.163,
            0.178,
            0.178,
            0.181,
            0.184,
            0.184,
            0.188,
            0.183,
            0.196
        ],
        [
            0.157,
            0.154,
            0.156,
            0.167,
            0.173,
            0.18,
            0.185,
            0.181,
            0.185,
            0.19,
            0.188,
            0.202
        ],
        [
            0.156,
            0.154,
            0.154,
            0.169,
            0.174,
            0.186,
            0.183,
            0.185,
            0.184,
            0.19,
            0.187,
            0.196
        ],
        [
            0.156,
            0.154,
            0.16,
            0.17,
            0.178,
            0.182,
            0.181,
            0.184,
            0.183,
            0.187,
            0.191,
            0.194
        ],
        [
            0.158,
            0.151,
            0.161,
            0.167,
            0.178,
            0.182,
            0.179,
            0.182,
            0.183,
            0.186,
            0.187,
            0.201
        ],
        [
            0.157,
            0.153,
            0.163,
            0.166,
            0.18,
            0.183,
            0.177,
            0.183,
            0.185,
            0.187,
            0.186,
            0.205
        ],
        [
            0.157,
            0.153,
            0.164,
            0.164,
            0.181,
            0.18,
            0.181,
            0.181,
            0.186,
            0.184,
            0.186,
            0.205
        ],
        [
            0.159,
            0.153,
            0.162,
            0.163,
            0.183,
            0.185,
            0.182,
            0.184,
            0.186,
            0.183,
            0.189,
            0.204
        ],
        [
            0.157,
            0.155,
            0.157,
            0.175,
            0.182,
            0.176,
            0.181,
            0.188,
            0.19,
            0.177,
            0.188,
            0.201
        ],
        [
            0.156,
            0.156,
            0.157,
            0.169,
            0.18,
            0.173,
            0.181,
            0.189,
            0.189,
            0.181,
            0.196,
            0.2
        ],
        [
            0.159,
            0.155,
            0.159,
            0.166,
            0.183,
            0.174,
            0.177,
            0.191,
            0.192,
            0.188,
            0.198,
            0.206
        ],
        [
            0.155,
            0.152,
            0.157,
            0.167,
            0.181,
            0.172,
            0.18,
            0.189,
            0.192,
            0.182,
            0.198,
            0.211
        ],
        [
            0.16,
            0.151,
            0.161,
            0.164,
            0.18,
            0.177,
            0.174,
            0.186,
            0.192,
            0.191,
            0.201,
            0.21
        ],
        [
            0.159,
            0.15,
            0.162,
            0.162,
            0.178,
            0.179,
            0.175,
            0.181,
            0.189,
            0.189,
            0.195,
            0.204
        ],
        [
            0.157,
            0.152,
            0.161,
            0.169,
            0.175,
            0.18,
            0.181,
            0.177,
            0.187,
            0.192,
            0.191,
            0.202
        ],
        [
            0.153,
            0.156,
            0.164,
            0.169,
            0.174,
            0.181,
            0.182,
            0.186,
            0.185,
            0.19,
            0.189,
            0.202
        ],
        [
            0.15,
            0.156,
            0.162,
            0.174,
            0.174,
            0.181,
            0.18,
            0.191,
            0.188,
            0.191,
            0.192,
            0.202
        ],
        [
            0.152,
            0.16,
            0.167,
            0.176,
            0.172,
            0.174,
            0.18,
            0.186,
            0.183,
            0.193,
            0.188,
            0.203
        ],
        [
            0.154,
            0.157,
            0.162,
            0.176,
            0.177,
            0.172,
            0.18,
            0.182,
            0.187,
            0.186,
            0.19,
            0.202
        ],
        [
            0.15,
            0.158,
            0.168,
            0.173,
            0.178,
            0.176,
            0.178,
