{
    "event_type": "flower_visit",
    "event_id": "flower_1_20260410191428367890",
    "flower_id": "flower_1",
    "background_dist": 0.38,
    "start_time": 1775866465.9670432,
    "end_time": 1775866468.3677409,
    "num_scans": 36,
    "angles": [
        128,
        129,
        130,
        131,
        132,
        133,
        134
    ],
    "distance_series": [
        [
            0.379,
            0.343,
            0.344,
            0.354,
            0.375,
            0.374,
            0.38
        ],
        [
            0.382,
            0.349,
            0.346,
            0.357,
            0.372,
            0.376,
            0.38
        ],
        [
            0.433,
            0.348,
            0.346,
            0.369,
            0.369,
            0.375,
            0.381
        ],
        [
            0.442,
            0.353,
            0.352,
            0.369,
            0.367,
            0.375,
            0.381
        ],
        [
            0.395,
            0.343,
            0.345,
            0.357,
            0.36,
            0.374,
            0.384
        ],
        [
            0.401,
            0.342,
            0.347,
            0.364,
            0.364,
            0.37,
            0.385
        ],
        [
            0.351,
            0.34,
            0.347,
            0.361,
            0.363,
            0.373,
            0.384
        ],
        [
            0.339,
            0.332,
            0.339,
            0.354,
            0.362,
            0.372,
            0.383
        ],
        [
            0.348,
            0.33,
            0.341,
            0.368,
            0.368,
            0.372,
            0.381
        ],
        [
            0.337,
            0.332,
            0.34,
            0.363,
            0.367,
            0.374,
            0.384
        ],
        [
            0.346,
            0.34,
            0.343,
            0.366,
            0.368,
            0.372,
            0.39
        ],
        [
            0.356,
            0.344,
            0.344,
            0.367,
            0.372,
            0.37,
            0.387
        ],
        [
            0.352,
            0.344,
            0.339,
            0.355,
            0.365,
            0.363,
            0.379
        ],
        [
            0.367,
            0.355,
            0.346,
            0.355,
            0.367,
            0.356,
            0.376
        ],
        [
            0.361,
            0.35,
            0.343,
            0.347,
            0.357,
            0.35,
            0.372
        ],
        [
            0.366,
            0.356,
            0.35,
            0.349,
            0.352,
            0.352,
            0.373
        ],
        [
            0.361,
            0.355,
            0.354,
            0.346,
            0.345,
            0.354,
            0.374
        ],
        [
            0.356,
            0.349,
            0.349,
            0.349,
            0.348,
            0.359,
            0.378
        ],
        [
            0.361,
            0.344,
            0.35,
            0.356,
            0.356,
            0.368,
            0.383
        ],
        [
            0.341,
            0.33,
            0.346,
            0.358,
            0.362,
            0.368,
            0.382
        ],
        [
            0.343,
            0.335,
            0.341,
            0.36,
            0.368,
            0.364,
            0.382
        ],
        [
            0.351,
            0.341,
            0.354,
            0.361,
            0.374,
            0.365,
            0.38
        ],
        [
            0.396,
            0.353,
            0.346,
            0.363,
            0.372,
            0.364,
            0.38
        ],
        [
            0.407,
            0.365,
            0.354,
            0.359,
            0.37,
            0.365,
            0.384
        ],
        [
            0.454,
            0.372,
            0.359,
            0.36,
            0.362,
            0.374,
            0.383
        ],
        [
            0.446,
            0.361,
            0.345,
            0.349,
            0.35,
            0.373,
            0.387
        ],
        [
            0.4,
            0.361,
            0.345,
            0.345,
            0.353,
            0.371,
            0.385
        ],
        [
            0.441,
            0.364,
            0.344,
            0.35,
            0.358,
            0.375,
            0.385
        ],
        [
            0.412,
            0.373,
            0.356,
            0.362,
            0.371,
            0.369,
            0.384
        ],
        [
            0.42,
            0.38,
            0.369,
            0.372,
            0.378,
            0.375,
            0.383
        ],
        [
            0.463,
            0.391,
            0.372,
            0.377,
            0.381,
            0.378,
            0.381
        ],
        [
            0.419,
            0.385,
            0.371,
            0.376,
            0.375,
            0.377,
            0.376
        ],
        [
            0.419,
            0.38,
            0.373,
            0.376,
            0.372,
            0.379,
            0.38
        ],
        [
            0.413,
            0.382,
            0.37,
            0.379,
            0.375,
            0.376,
            0.381
        ],
        [
            0.391,
            0.384,
            0.373,
            0.377,
            0.373,
            0.377,
            0.383
        ],
        [
            0.417,
            0.376,
            0.375,
            0.376,
            0.374,
            0.373,
            0.387
        ]
    ],
    "timestamp": "2026-04-10T19:14:28.367975",
    "label": "bee"
}