{
    "event_type": "flower_visit",
    "event_id": "flower_2_20260409152342190982",
    "flower_id": "flower_2",
    "background_dist": 0.23,
    "start_time": 1775766220.390798,
    "end_time": 1775766222.190804,
    "num_scans": 27,
    "angles": [
        162,
        163,
        164,
        165,
        166,
        167,
        168,
        169,
        170,
        171,
        172,
        173
    ],
    "distance_series": [
        [
            0.254,
            0.227,
            0.222,
            0.221,
            0.222,
            0.22,
            0.208,
            0.216,
            0.19,
            0.211,
            0.215,
            0.251
        ],
        [
            0.253,
            0.228,
            0.224,
            0.223,
            0.221,
            0.22,
            0.215,
            0.215,
            0.194,
            0.213,
            0.214,
            0.252
        ],
        [
            0.255,
            0.233,
            0.228,
            0.222,
            0.225,
            0.219,
            0.217,
            0.213,
            0.191,
            0.208,
            0.214,
            0.248
        ],
        [
            0.253,
            0.233,
            0.23,
            0.219,
            0.221,
            0.217,
            0.223,
            0.212,
            0.195,
            0.207,
            0.214,
            0.249
        ],
        [
            0.256,
            0.234,
            0.231,
            0.222,
            0.217,
            0.221,
            0.223,
            0.213,
            0.194,
            0.209,
            0.213,
            0.244
        ],
        [
            0.255,
            0.229,
            0.229,
            0.225,
            0.223,
            0.217,
            0.222,
            0.206,
            0.195,
            0.205,
            0.215,
            0.244
        ],
        [
            0.253,
            0.225,
            0.227,
            0.229,
            0.22,
            0.212,
            0.22,
            0.202,
            0.202,
            0.21,
            0.216,
            0.242
        ],
        [
            0.261,
            0.231,
            0.224,
            0.227,
            0.223,
            0.216,
            0.215,
            0.201,
            0.199,
            0.216,
            0.215,
            0.242
        ],
        [
            0.257,
            0.23,
            0.225,
            0.225,
            0.222,
            0.213,
            0.203,
            0.191,
            0.206,
            0.217,
            0.211,
            0.241
        ],
        [
            0.257,
            0.229,
            0.218,
            0.225,
            0.221,
            0.217,
            0.194,
            0.188,
            0.207,
            0.218,
            0.207,
            0.242
        ],
        [
            0.256,
            0.229,
            0.22,
            0.222,
            0.22,
            0.216,
            0.185,
            0.188,
            0.208,
            0.213,
            0.207,
            0.247
        ],
        [
            0.251,
            0.226,
            0.224,
            0.225,
            0.22,
            0.215,
            0.185,
            0.178,
            0.199,
            0.211,
            0.204,
            0.248
        ],
        [
            0.251,
            0.226,
            0.228,
            0.225,
            0.222,
            0.208,
            0.193,
            0.185,
            0.194,
            0.21,
            0.209,
            0.252
        ],
        [
            0.252,
            0.224,
            0.228,
            0.221,
            0.222,
            0.214,
            0.205,
            0.185,
            0.198,
            0.205,
            0.21,
            0.255
        ],
        [
            0.253,
            0.224,
            0.226,
            0.221,
            0.222,
            0.218,
            0.213,
            0.187,
            0.189,
            0.207,
            0.209,
            0.251
        ],
        [
            0.256,
            0.224,
            0.226,
            0.22,
            0.214,
            0.222,
            0.215,
            0.205,
            0.19,
            0.209,
            0.215,
            0.257
        ],
        [
            0.256,
            0.225,
            0.226,
            0.216,
            0.216,
            0.224,
            0.221,
            0.206,
            0.184,
            0.209,
            0.21,
            0.255
        ],
        [
            0.255,
            0.225,
            0.225,
            0.218,
            0.214,
            0.223,
            0.219,
            0.217,
            0.189,
            0.207,
            0.209,
            0.254
        ],
        [
            0.256,
            0.223,
            0.225,
            0.216,
            0.211,
            0.222,
            0.224,
            0.215,
            0.193,
            0.208,
            0.22,
            0.258
        ],
        [
            0.256,
            0.225,
            0.225,
            0.219,
            0.213,
            0.214,
            0.218,
            0.21,
            0.2,
            0.209,
            0.221,
            0.26
        ],
        [
            0.256,
            0.225,
            0.224,
            0.218,
            0.219,
            0.216,
            0.219,
            0.207,
            0.208,
            0.214,
            0.227,
            0.267
        ],
        [
            0.257,
            0.224,
            0.225,
            0.216,
            0.221,
            0.213,
            0.217,
            0.212,
            0.215,
            0.219,
            0.233,
            0.283
        ],
        [
            0.258,
            0.229,
            0.224,
            0.217,
            0.221,
            0.214,
            0.216,
            0.215,
            0.216,
            0.221,
            0.231,
            0.292
        ],
        [
            0.254,
            0.227,
            0.224,
            0.217,
            0.221,
            0.217,
            0.215,
            0.216,
            0.219,
            0.224,
            0.233,
            0.296
        ],
        [
            0.258,
            0.226,
            0.224,
            0.211,
            0.223,
            0.22,
            0.216,
            0.223,
            0.218,
            0.222,
            0.224,
            0.293
        ],
        [
            0.261,
            0.23,
            0.221,
            0.218,
            0.221,
            0.22,
            0.222,
            0.222,
            0.222,
            0.224,
            0.234,
            0.297
        ],
        [
            0.259,
            0.231,
            0.222,
            0.221,
            0.222,
            0.222,
            0.216,
            0.224,
            0.216,
            0.219,
            0.228,
            0.293
        ]
    ],
    "timestamp": "2026-04-09T15:23:42.191071",
    "label": "bee"
}