{
    "event_type": "flower_visit",
    "event_id": "flower_1_20260409162725349746",
    "flower_id": "flower_1",
    "background_dist": 0.17,
    "start_time": 1775770043.816257,
    "end_time": 1775770045.349608,
    "num_scans": 23,
    "angles": [
        128,
        129,
        130,
        131,
        132,
        133,
        134,
        135,
        136,
        137,
        138,
        139,
        140,
        141,
        142,
        143,
        144,
        145,
        146
    ],
    "distance_series": [
        [
            0.208,
            0.168,
            0.147,
            0.151,
            0.149,
            0.144,
            0.146,
            0.139,
            0.143,
            0.133,
            0.128,
            0.11,
            0.116,
            0.121,
            0.133,
            0.227,
            0.255,
            0.292,
            0.34
        ],
        [
            0.209,
            0.171,
            0.147,
            0.148,
            0.148,
            0.145,
            0.141,
            0.138,
            0.131,
            0.124,
            0.119,
            0.115,
            0.128,
            0.13,
            0.146,
            0.233,
            0.26,
            0.291,
            0.339
        ],
        [
            0.208,
            0.171,
            0.146,
            0.151,
            0.148,
            0.143,
            0.14,
            0.141,
            0.124,
            0.117,
            0.11,
            0.112,
            0.135,
            0.143,
            0.151,
            0.232,
            0.257,
            0.293,
            0.341
        ],
        [
            0.205,
            0.175,
            0.145,
            0.151,
            0.151,
            0.142,
            0.146,
            0.143,
            0.116,
            0.113,
            0.111,
            0.114,
            0.131,
            0.143,
            0.153,
            0.23,
            0.257,
            0.295,
            0.345
        ],
        [
            0.204,
            0.172,
            0.147,
            0.146,
            0.146,
            0.14,
            0.144,
            0.141,
            0.125,
            0.118,
            0.107,
            0.115,
            0.124,
            0.142,
            0.148,
            0.23,
            0.257,
            0.295,
            0.345
        ],
        [
            0.204,
            0.169,
            0.147,
            0.143,
            0.146,
            0.141,
            0.142,
            0.14,
            0.133,
            0.125,
            0.12,
            0.117,
            0.115,
            0.134,
            0.139,
            0.229,
            0.258,
            0.3,
            0.35
        ],
        [
            0.202,
            0.169,
            0.148,
            0.145,
            0.148,
            0.145,
            0.144,
            0.144,
            0.138,
            0.133,
            0.132,
            0.122,
            0.111,
            0.129,
            0.144,
            0.226,
            0.259,
            0.3,
            0.348
        ],
        [
            0.202,
            0.169,
            0.151,
            0.146,
            0.147,
            0.147,
            0.145,
            0.148,
            0.145,
            0.143,
            0.138,
            0.131,
            0.119,
            0.125,
            0.138,
            0.228,
            0.262,
            0.302,
            0.344
        ],
        [
            0.203,
            0.168,
            0.148,
            0.15,
            0.149,
            0.146,
            0.142,
            0.147,
            0.146,
            0.145,
            0.145,
            0.139,
            0.127,
            0.131,
            0.144,
            0.227,
            0.261,
            0.303,
            0.347
        ],
        [
            0.202,
            0.171,
            0.148,
            0.149,
            0.152,
            0.146,
            0.142,
            0.148,
            0.142,
            0.144,
            0.137,
            0.143,
            0.135,
            0.138,
            0.151,
            0.226,
            0.262,
            0.298,
            0.338
        ],
        [
            0.206,
            0.166,
            0.149,
            0.148,
            0.151,
            0.145,
            0.144,
            0.145,
            0.141,
            0.142,
            0.135,
            0.145,
            0.142,
            0.143,
            0.155,
            0.228,
            0.261,
            0.294,
            0.338
        ],
        [
            0.206,
            0.166,
            0.147,
            0.145,
            0.148,
            0.145,
            0.142,
            0.14,
            0.14,
            0.132,
            0.13,
            0.145,
            0.144,
            0.15,
            0.155,
            0.227,
            0.258,
            0.293,
            0.336
        ],
        [
            0.204,
            0.164,
            0.149,
            0.144,
            0.145,
            0.146,
            0.15,
            0.14,
            0.139,
            0.13,
            0.13,
            0.142,
            0.141,
            0.15,
            0.152,
            0.227,
            0.258,
            0.291,
            0.332
        ],
        [
            0.204,
            0.162,
            0.149,
            0.143,
            0.145,
            0.148,
            0.149,
            0.144,
            0.14,
            0.135,
            0.131,
            0.139,
            0.149,
            0.149,
            0.15,
            0.224,
            0.255,
            0.286,
            0.336
        ],
        [
            0.201,
            0.165,
            0.149,
            0.148,
            0.143,
            0.147,
            0.147,
            0.15,
            0.144,
            0.134,
            0.135,
            0.141,
            0.141,
            0.143,
            0.149,
            0.227,
            0.256,
            0.289,
            0.339
        ],
        [
            0.2,
            0.164,
            0.152,
            0.15,
            0.144,
            0.148,
            0.145,
            0.152,
            0.146,
            0.149,
            0.142,
            0.141,
            0.141,
            0.144,
            0.145,
            0.228,
            0.257,
            0.29,
            0.339
        ],
        [
            0.201,
            0.169,
            0.151,
            0.154,
            0.15,
            0.15,
            0.145,
            0.15,
            0.148,
            0.146,
            0.149,
            0.147,
            0.145,
            0.147,
            0.15,
            0.231,
            0.259,
            0.292,
            0.345
        ],
        [
            0.203,
            0.17,
            0.152,
            0.154,
            0.151,
            0.15,
            0.149,
            0.149,
            0.148,
            0.145,
            0.149,
            0.151,
            0.143,
            0.15,
            0.147,
            0.234,
            0.263,
            0.297,
            0.343
        ],
        [
            0.203,
            0.169,
            0.154,
            0.152,
            0.149,
            0.155,
            0.147,
            0.151,
            0.15,
            0.147,
            0.15,
            0.147,
            0.149,
            0.155,
            0.151,
            0.231,
            0.263,
            0.294,
            0.341
        ],
        [
            0.205,
            0.169,
            0.156,
            0.151,
            0.151,
            0.156,
            0.15,
            0.148,
            0.149,
            0.146,
            0.15,
            0.145,
            0.154,
