{
    "event_type": "flower_visit",
    "event_id": "flower_1_20260410191012370453",
    "flower_id": "flower_1",
    "background_dist": 0.38,
    "start_time": 1775866210.636565,
    "end_time": 1775866212.370312,
    "num_scans": 26,
    "angles": [
        128,
        129,
        130,
        131,
        132,
        133,
        134
    ],
    "distance_series": [
        [
            0.383,
            0.335,
            0.331,
            0.338,
            0.341,
            0.354,
            0.372
        ],
        [
            0.378,
            0.329,
            0.331,
            0.343,
            0.339,
            0.357,
            0.371
        ],
        [
            0.333,
            0.321,
            0.336,
            0.351,
            0.353,
            0.373,
            0.368
        ],
        [
            0.322,
            0.32,
            0.34,
            0.362,
            0.369,
            0.377,
            0.369
        ],
        [
            0.376,
            0.323,
            0.341,
            0.356,
            0.363,
            0.369,
            0.373
        ],
        [
            0.393,
            0.34,
            0.344,
            0.345,
            0.358,
            0.366,
            0.372
        ],
        [
            0.453,
            0.351,
            0.349,
            0.345,
            0.356,
            0.362,
            0.38
        ],
        [
            0.457,
            0.353,
            0.34,
            0.336,
            0.351,
            0.364,
            0.384
        ],
        [
            0.406,
            0.349,
            0.34,
            0.342,
            0.358,
            0.369,
            0.386
        ],
        [
            0.389,
            0.335,
            0.346,
            0.352,
            0.363,
            0.374,
            0.39
        ],
        [
            0.332,
            0.328,
            0.338,
            0.348,
            0.365,
            0.37,
            0.391
        ],
        [
            0.382,
            0.339,
            0.353,
            0.357,
            0.368,
            0.37,
            0.389
        ],
        [
            0.393,
            0.35,
            0.354,
            0.356,
            0.359,
            0.37,
            0.388
        ],
        [
            0.445,
            0.354,
            0.342,
            0.345,
            0.351,
            0.36,
            0.383
        ],
        [
            0.442,
            0.356,
            0.347,
            0.355,
            0.361,
            0.361,
            0.378
        ],
        [
            0.381,
            0.344,
            0.343,
            0.358,
            0.355,
            0.364,
            0.377
        ],
        [
            0.374,
            0.333,
            0.339,
            0.352,
            0.365,
            0.366,
            0.381
        ],
        [
            0.338,
            0.34,
            0.345,
            0.366,
            0.379,
            0.382,
            0.384
        ],
        [
            0.346,
            0.348,
            0.349,
            0.361,
            0.373,
            0.376,
            0.381
        ],
        [
            0.36,
            0.365,
            0.354,
            0.366,
            0.369,
            0.376,
            0.378
        ],
        [
            0.374,
            0.372,
            0.358,
            0.365,
            0.375,
            0.377,
            0.376
        ],
        [
            0.378,
            0.374,
            0.361,
            0.366,
            0.372,
            0.377,
            0.379
        ],
        [
            0.384,
            0.38,
            0.366,
            0.367,
            0.37,
            0.38,
            0.381
        ],
        [
            0.428,
            0.38,
            0.366,
            0.369,
            0.373,
            0.377,
            0.385
        ],
        [
            0.467,
            0.386,
            0.365,
            0.376,
            0.372,
            0.371,
            0.389
        ],
        [
            0.467,
            0.386,
            0.37,
            0.373,
            0.374,
            0.377,
            0.393
        ]
    ],
    "timestamp": "2026-04-10T19:10:12.370541",
    "label": "bee"
}