{
    "event_type": "flower_visit",
    "event_id": "flower_2_20260410195403880560",
    "flower_id": "flower_2",
    "background_dist": 0.28,
    "start_time": 1775868842.74686,
    "end_time": 1775868843.880374,
    "num_scans": 17,
    "angles": [
        144,
        145,
        146,
        147,
        148,
        149,
        150,
        151,
        152,
        153
    ],
    "distance_series": [
        [
            0.283,
            0.273,
            0.256,
            0.256,
            0.25,
            0.262,
            0.273,
            0.272,
            0.276,
            0.296
        ],
        [
            0.286,
            0.273,
            0.257,
            0.249,
            0.245,
            0.268,
            0.273,
            0.27,
            0.273,
            0.293
        ],
        [
            0.284,
            0.266,
            0.257,
            0.248,
            0.25,
            0.266,
            0.275,
            0.271,
            0.274,
            0.292
        ],
        [
            0.283,
            0.269,
            0.254,
            0.248,
            0.251,
            0.267,
            0.275,
            0.268,
            0.277,
            0.291
        ],
        [
            0.284,
            0.267,
            0.252,
            0.253,
            0.251,
            0.264,
            0.277,
            0.273,
            0.28,
            0.29
        ],
        [
            0.282,
            0.266,
            0.254,
            0.25,
            0.255,
            0.263,
            0.271,
            0.272,
            0.28,
            0.291
        ],
        [
            0.28,
            0.269,
            0.253,
            0.251,
            0.257,
            0.264,
            0.272,
            0.271,
            0.278,
            0.29
        ],
        [
            0.268,
            0.265,
            0.257,
            0.247,
            0.257,
            0.262,
            0.269,
            0.272,
            0.272,
            0.289
        ],
        [
            0.272,
            0.265,
            0.259,
            0.244,
            0.254,
            0.259,
            0.271,
            0.269,
            0.269,
            0.289
        ],
        [
            0.272,
            0.269,
            0.257,
            0.249,
            0.255,
            0.267,
            0.272,
            0.269,
            0.27,
            0.276
        ],
        [
            0.268,
            0.268,
            0.258,
            0.246,
            0.249,
            0.265,
            0.27,
            0.271,
            0.273,
            0.275
        ],
        [
            0.269,
            0.265,
            0.257,
            0.246,
            0.253,
            0.261,
            0.271,
            0.268,
            0.271,
            0.292
        ],
        [
            0.267,
            0.265,
            0.253,
            0.249,
            0.251,
            0.265,
            0.269,
            0.267,
            0.271,
            0.294
        ],
        [
            0.267,
            0.263,
            0.258,
            0.253,
            0.247,
            0.257,
            0.271,
            0.268,
            0.274,
            0.294
        ],
        [
            0.267,
            0.262,
            0.257,
            0.253,
            0.248,
            0.255,
            0.273,
            0.271,
            0.274,
            0.294
        ],
        [
            0.263,
            0.26,
            0.255,
            0.254,
            0.247,
            0.261,
            0.272,
            0.274,
            0.274,
            0.291
        ],
        [
            0.261,
            0.256,
            0.258,
            0.255,
            0.248,
            0.258,
            0.276,
            0.276,
            0.273,
            0.288
        ]
    ],
    "timestamp": "2026-04-10T19:54:03.880668",
    "label": "not_bee"
}