{
    "event_type": "flower_visit",
    "event_id": "flower_2_20260409152039193097",
    "flower_id": "flower_2",
    "background_dist": 0.23,
    "start_time": 1775766037.6591418,
    "end_time": 1775766039.192893,
    "num_scans": 23,
    "angles": [
        162,
        163,
        164,
        165,
        166,
        167,
        168,
        169,
        170,
        171,
        172,
        173
    ],
    "distance_series": [
        [
            0.251,
            0.222,
            0.219,
            0.215,
            0.223,
            0.211,
            0.21,
            0.201,
            0.186,
            0.2,
            0.217,
            0.291
        ],
        [
            0.257,
            0.223,
            0.216,
            0.216,
            0.221,
            0.211,
            0.21,
            0.2,
            0.19,
            0.189,
            0.213,
            0.293
        ],
        [
            0.252,
            0.223,
            0.221,
            0.215,
            0.22,
            0.213,
            0.217,
            0.204,
            0.197,
            0.187,
            0.199,
            0.28
        ],
        [
            0.252,
            0.222,
            0.221,
            0.213,
            0.222,
            0.22,
            0.216,
            0.212,
            0.203,
            0.191,
            0.194,
            0.261
        ],
        [
            0.249,
            0.226,
            0.216,
            0.216,
            0.219,
            0.217,
            0.221,
            0.209,
            0.214,
            0.195,
            0.187,
            0.235
        ],
        [
            0.245,
            0.225,
            0.221,
            0.222,
            0.22,
            0.216,
            0.222,
            0.214,
            0.22,
            0.209,
            0.19,
            0.222
        ],
        [
            0.241,
            0.227,
            0.218,
            0.217,
            0.216,
            0.22,
            0.22,
            0.215,
            0.22,
            0.218,
            0.187,
            0.218
        ],
        [
            0.245,
            0.229,
            0.221,
            0.218,
            0.217,
            0.22,
            0.22,
            0.214,
            0.218,
            0.212,
            0.195,
            0.225
        ],
        [
            0.251,
            0.227,
            0.218,
            0.22,
            0.217,
            0.217,
            0.217,
            0.214,
            0.207,
            0.205,
            0.199,
            0.243
        ],
        [
            0.252,
            0.223,
            0.22,
            0.216,
            0.22,
            0.216,
            0.217,
            0.212,
            0.198,
            0.201,
            0.198,
            0.255
        ],
        [
            0.255,
            0.22,
            0.219,
            0.217,
            0.222,
            0.215,
            0.213,
            0.213,
            0.189,
            0.193,
            0.209,
            0.275
        ],
        [
            0.255,
            0.226,
            0.214,
            0.217,
            0.22,
            0.216,
            0.214,
            0.21,
            0.187,
            0.198,
            0.216,
            0.287
        ],
        [
            0.251,
            0.222,
            0.215,
            0.22,
            0.221,
            0.216,
            0.214,
            0.209,
            0.189,
            0.198,
            0.228,
            0.285
        ],
        [
            0.252,
            0.221,
            0.215,
            0.223,
            0.218,
            0.215,
            0.214,
            0.209,
            0.195,
            0.197,
            0.227,
            0.287
        ],
        [
            0.254,
            0.216,
            0.218,
            0.22,
            0.216,
            0.217,
            0.213,
            0.209,
            0.203,
            0.193,
            0.216,
            0.285
        ],
        [
            0.248,
            0.214,
            0.217,
            0.225,
            0.214,
            0.214,
            0.213,
            0.212,
            0.211,
            0.198,
            0.207,
            0.27
        ],
        [
            0.251,
            0.214,
            0.217,
            0.22,
            0.209,
            0.216,
            0.217,
            0.214,
            0.217,
            0.202,
            0.204,
            0.252
        ],
        [
            0.25,
            0.218,
            0.22,
            0.219,
            0.218,
            0.217,
            0.219,
            0.216,
            0.217,
            0.209,
            0.204,
            0.227
        ],
        [
            0.254,
            0.223,
            0.22,
            0.218,
            0.214,
            0.214,
            0.213,
            0.217,
            0.221,
            0.215,
            0.21,
            0.208
        ],
        [
            0.258,
            0.221,
            0.221,
            0.217,
            0.213,
            0.216,
            0.217,
            0.219,
            0.222,
            0.219,
            0.215,
            0.204
        ],
        [
            0.259,
            0.225,
            0.227,
            0.218,
            0.212,
            0.217,
            0.213,
            0.219,
            0.223,
            0.217,
            0.213,
            0.198
        ],
        [
            0.257,
            0.226,
            0.224,
            0.224,
            0.217,
            0.212,
            0.221,
            0.219,
            0.222,
            0.213,
            0.206,
            0.205
        ],
        [
            0.254,
            0.224,
            0.22,
            0.222,
            0.219,
            0.216,
            0.218,
            0.219,
            0.221,
            0.205,
            0.201,
            0.218
        ]
    ],
    "timestamp": "2026-04-09T15:20:39.193320",
    "label": "bee"
}