{
    "event_type": "flower_visit",
    "event_id": "flower_1_20260401173208101332",
    "flower_id": "flower_1",
    "background_dist": 0.2,
    "start_time": 1775082725.701886,
    "end_time": 1775082728.101196,
    "num_scans": 36,
    "angles": [
        132,
        133,
        134,
        135,
        136,
        137,
        138
    ],
    "distance_series": [
        [
            0.18,
            0.167,
            0.171,
            0.178,
            0.165,
            0.157,
            0.159
        ],
        [
            0.19,
            0.173,
            0.181,
            0.192,
            0.175,
            0.162,
            0.157
        ],
        [
            0.189,
            0.178,
            0.192,
            0.201,
            0.187,
            0.167,
            0.158
        ],
        [
            0.19,
            0.181,
            0.193,
            0.2,
            0.192,
            0.169,
            0.156
        ],
        [
            0.186,
            0.17,
            0.185,
            0.192,
            0.186,
            0.165,
            0.154
        ],
        [
            0.185,
            0.167,
            0.179,
            0.183,
            0.171,
            0.158,
            0.155
        ],
        [
            0.185,
            0.161,
            0.169,
            0.173,
            0.161,
            0.155,
            0.158
        ],
        [
            0.182,
            0.156,
            0.162,
            0.164,
            0.155,
            0.153,
            0.155
        ],
        [
            0.174,
            0.152,
            0.153,
            0.161,
            0.157,
            0.16,
            0.158
        ],
        [
            0.159,
            0.151,
            0.151,
            0.153,
            0.157,
            0.164,
            0.159
        ],
        [
            0.151,
            0.148,
            0.148,
            0.155,
            0.158,
            0.168,
            0.16
        ],
        [
            0.146,
            0.148,
            0.15,
            0.153,
            0.157,
            0.169,
            0.164
        ],
        [
            0.149,
            0.15,
            0.154,
            0.156,
            0.156,
            0.168,
            0.159
        ],
        [
            0.157,
            0.152,
            0.154,
            0.156,
            0.154,
            0.164,
            0.161
        ],
        [
            0.161,
            0.159,
            0.154,
            0.156,
            0.152,
            0.164,
            0.158
        ],
        [
            0.171,
            0.165,
            0.16,
            0.157,
            0.153,
            0.16,
            0.152
        ],
        [
            0.174,
            0.169,
            0.172,
            0.157,
            0.155,
            0.159,
            0.152
        ],
        [
            0.174,
            0.175,
            0.178,
            0.156,
            0.153,
            0.158,
            0.15
        ],
        [
            0.173,
            0.169,
            0.175,
            0.151,
            0.152,
            0.153,
            0.148
        ],
        [
            0.177,
            0.164,
            0.174,
            0.153,
            0.151,
            0.155,
            0.153
        ],
        [
            0.176,
            0.158,
            0.161,
            0.159,
            0.149,
            0.155,
            0.161
        ],
        [
            0.174,
            0.156,
            0.156,
            0.156,
            0.152,
            0.155,
            0.166
        ],
        [
            0.172,
            0.153,
            0.152,
            0.156,
            0.158,
            0.16,
            0.168
        ],
        [
            0.165,
            0.154,
            0.15,
            0.155,
            0.158,
            0.161,
            0.165
        ],
        [
            0.171,
            0.154,
            0.151,
            0.156,
            0.16,
            0.158,
            0.161
        ],
        [
            0.176,
            0.158,
            0.153,
            0.155,
            0.158,
            0.156,
            0.161
        ],
        [
            0.184,
            0.17,
            0.166,
            0.16,
            0.157,
            0.154,
            0.158
        ],
        [
            0.19,
            0.179,
            0.184,
            0.17,
            0.161,
            0.153,
            0.156
        ],
        [
            0.188,
            0.186,
            0.197,
            0.187,
            0.177,
            0.173,
            0.17
        ],
        [
            0.192,
            0.184,
            0.207,
            0.207,
            0.189,
            0.188,
            0.186
        ],
        [
            0.192,
            0.186,
            0.209,
            0.219,
            0.206,
            0.205,
            0.208
        ],
        [
            0.19,
            0.187,
            0.211,
            0.226,
            0.219,
            0.221,
            0.223
        ],
        [
            0.192,
            0.189,
            0.206,
            0.224,
            0.214,
            0.22,
            0.22
        ],
        [
            0.189,
            0.194,
            0.207,
            0.225,
            0.22,
            0.222,
            0.223
        ],
        [
            0.185,
            0.192,
            0.206,
            0.223,
            0.215,
            0.219,
            0.223
        ],
        [
            0.188,
            0.192,
            0.208,
            0.216,
            0.218,
            0.221,
            0.219
        ]
    ],
    "timestamp": "2026-04-01T17:32:08.101425",
    "label": "bee"
}