{
    "event_type": "flower_visit",
    "event_id": "flower_1_20260401174342561675",
    "flower_id": "flower_1",
    "background_dist": 0.2,
    "start_time": 1775083414.427809,
    "end_time": 1775083422.561533,
    "num_scans": 122,
    "angles": [
        132,
        133,
        134,
        135,
        136,
        137,
        138
    ],
    "distance_series": [
        [
            0.147,
            0.152,
            0.156,
            0.155,
            0.155,
            0.164,
            0.165
        ],
        [
            0.148,
            0.161,
            0.156,
            0.158,
            0.158,
            0.164,
            0.162
        ],
        [
            0.153,
            0.157,
            0.157,
            0.159,
            0.159,
            0.166,
            0.162
        ],
        [
            0.152,
            0.154,
            0.153,
            0.158,
            0.161,
            0.163,
            0.162
        ],
        [
            0.153,
            0.155,
            0.158,
            0.162,
            0.161,
            0.161,
            0.168
        ],
        [
            0.157,
            0.149,
            0.158,
            0.16,
            0.163,
            0.158,
            0.166
        ],
        [
            0.153,
            0.153,
            0.155,
            0.159,
            0.166,
            0.16,
            0.168
        ],
        [
            0.153,
            0.155,
            0.155,
            0.162,
            0.163,
            0.161,
            0.166
        ],
        [
            0.154,
            0.159,
            0.154,
            0.162,
            0.165,
            0.162,
            0.164
        ],
        [
            0.159,
            0.154,
            0.152,
            0.161,
            0.166,
            0.165,
            0.164
        ],
        [
            0.159,
            0.149,
            0.152,
            0.159,
            0.163,
            0.163,
            0.165
        ],
        [
            0.155,
            0.155,
            0.156,
            0.164,
            0.166,
            0.163,
            0.167
        ],
        [
            0.153,
            0.157,
            0.169,
            0.159,
            0.165,
            0.166,
            0.174
        ],
        [
            0.149,
            0.154,
            0.167,
            0.159,
            0.163,
            0.166,
            0.179
        ],
        [
            0.151,
            0.156,
            0.163,
            0.162,
            0.163,
            0.172,
            0.18
        ],
        [
            0.155,
            0.156,
            0.158,
            0.162,
            0.163,
            0.174,
            0.176
        ],
        [
            0.158,
            0.154,
            0.151,
            0.162,
            0.165,
            0.175,
            0.177
        ],
        [
            0.161,
            0.158,
            0.152,
            0.163,
            0.166,
            0.17,
            0.167
        ],
        [
            0.159,
            0.155,
            0.157,
            0.162,
            0.164,
            0.164,
            0.159
        ],
        [
            0.15,
            0.155,
            0.152,
            0.161,
            0.168,
            0.16,
            0.164
        ],
        [
            0.149,
            0.155,
            0.154,
            0.167,
            0.163,
            0.159,
            0.173
        ],
        [
            0.153,
            0.154,
            0.151,
            0.161,
            0.172,
            0.172,
            0.184
        ],
        [
            0.153,
            0.154,
            0.159,
            0.168,
            0.184,
            0.189,
            0.192
        ],
        [
            0.16,
            0.163,
            0.165,
            0.177,
            0.199,
            0.203,
            0.194
        ],
        [
            0.161,
            0.166,
            0.165,
            0.182,
            0.216,
            0.207,
            0.186
        ],
        [
            0.167,
            0.169,
            0.166,
            0.191,
            0.214,
            0.194,
            0.18
        ],
        [
            0.165,
            0.17,
            0.167,
            0.197,
            0.214,
            0.195,
            0.181
        ],
        [
            0.157,
            0.17,
            0.173,
            0.195,
            0.214,
            0.202,
            0.184
        ],
        [
            0.163,
            0.17,
            0.174,
            0.186,
            0.211,
            0.212,
            0.189
        ],
        [
            0.163,
            0.167,
            0.171,
            0.18,
            0.199,
            0.219,
            0.191
        ],
        [
            0.16,
            0.163,
            0.171,
            0.17,
            0.189,
            0.214,
            0.194
        ],
        [
            0.155,
            0.157,
            0.168,
            0.167,
            0.18,
            0.2,
            0.19
        ],
        [
            0.15,
            0.158,
            0.163,
            0.166,
            0.174,
            0.193,
            0.187
        ],
        [
            0.146,
            0.155,
            0.159,
            0.165,
            0.172,
            0.188,
            0.179
        ],
        [
            0.151,
            0.156,
            0.153,
            0.166,
            0.166,
            0.181,
            0.174
        ],
        [
            0.148,
            0.152,
            0.154,
            0.164,
            0.17,
            0.179,
            0.176
        ],
        [
            0.152,
            0.156,
            0.157,
            0.162,
            0.168,
            0.174,
            0.177
        ],
        [
            0.151,
            0.154,
            0.16,
            0.161,
            0.165,
            0.174,
            0.179
        ],
        [
            0.151,
            0.159,
            0.164,
            0.163,
            0.167,
            0.173,
            0.177
        ],
        [
            0.155,
            0.158,
            0.167,
            0.166,
            0.165,
            0.168,
            0.178
        ],
        [
            0.158,
            0.163,
            0.165,
            0.166,
            0.164,
            0.168,
            0.171
        ],
        [
            0.161,
            0.161,
            0.166,
            0.164,
            0.166,
            0.168,
            0.167
        ],
        [
            0.163,
            0.163,
            0.163,
            0.164,
            0.166,
            0.165,
            0.166
        ],
        [
            0.163,
            0.165,
            0.165,
            0.165,
            0.167,
            0.166,
            0.166
        ],
        [
            0.161,
            0.16,
            0.163,
            0.166,
            0.163,
            0.16,
            0.17
        ],
        [
            0.154,
            0.16,
            0.162,
            0.165,
            0.163,
            0.161,
            0.17
        ],
        [
            0.154,
            0.158,
            0.155,
            0.162,
            0.163,
            0.162,
            0.168
        ],
        [
            0.15,
            0.158,
            0.154,
            0.159,
            0.162,
            0.164,
            0.169
        ],
        [
            0.146,
            0.158,
            0.15,
            0.159,
            0.163,
            0.169,
            0.171
        ],
        [
            0.147,
            0.153,
            0.15,
            0.157,
            0.163,
            0.165,
            0.173
        ],
