{
    "event_type": "flower_visit",
    "event_id": "flower_1_20260412162236561620",
    "flower_id": "flower_1",
    "background_dist": 0.24,
    "start_time": 1776028952.7609868,
    "end_time": 1776028956.561474,
    "num_scans": 57,
    "angles": [
        86,
        87,
        88,
        89,
        90,
        91,
        92,
        93,
        94,
        95
    ],
    "distance_series": [
        [
            0.241,
            0.239,
            0.234,
            0.227,
            0.22,
            0.2,
            0.201,
            0.207,
            0.199,
            0.198
        ],
        [
            0.242,
            0.241,
            0.232,
            0.23,
            0.217,
            0.2,
            0.198,
            0.21,
            0.208,
            0.204
        ],
        [
            0.24,
            0.237,
            0.231,
            0.23,
            0.218,
            0.204,
            0.205,
            0.208,
            0.207,
            0.207
        ],
        [
            0.24,
            0.234,
            0.239,
            0.238,
            0.226,
            0.211,
            0.22,
            0.217,
            0.21,
            0.195
        ],
        [
            0.238,
            0.238,
            0.237,
            0.238,
            0.241,
            0.214,
            0.213,
            0.204,
            0.198,
            0.177
        ],
        [
            0.236,
            0.232,
            0.234,
            0.232,
            0.235,
            0.21,
            0.211,
            0.205,
            0.195,
            0.175
        ],
        [
            0.237,
            0.233,
            0.237,
            0.235,
            0.228,
            0.207,
            0.21,
            0.214,
            0.205,
            0.191
        ],
        [
            0.234,
            0.235,
            0.237,
            0.233,
            0.227,
            0.202,
            0.196,
            0.208,
            0.202,
            0.194
        ],
        [
            0.24,
            0.235,
            0.236,
            0.234,
            0.224,
            0.205,
            0.198,
            0.212,
            0.203,
            0.199
        ],
        [
            0.239,
            0.237,
            0.24,
            0.239,
            0.232,
            0.217,
            0.211,
            0.22,
            0.205,
            0.195
        ],
        [
            0.24,
            0.241,
            0.24,
            0.237,
            0.232,
            0.216,
            0.213,
            0.204,
            0.193,
            0.185
        ],
        [
            0.245,
            0.245,
            0.238,
            0.232,
            0.224,
            0.211,
            0.214,
            0.205,
            0.195,
            0.179
        ],
        [
            0.239,
            0.238,
            0.238,
            0.231,
            0.222,
            0.214,
            0.21,
            0.202,
            0.205,
            0.199
        ],
        [
            0.239,
            0.238,
            0.237,
            0.229,
            0.217,
            0.21,
            0.202,
            0.193,
            0.202,
            0.205
        ],
        [
            0.239,
            0.238,
            0.234,
            0.222,
            0.223,
            0.217,
            0.21,
            0.203,
            0.209,
            0.205
        ],
        [
            0.237,
            0.238,
            0.24,
            0.231,
            0.234,
            0.224,
            0.216,
            0.217,
            0.213,
            0.204
        ],
        [
            0.24,
            0.24,
            0.236,
            0.23,
            0.238,
            0.223,
            0.228,
            0.222,
            0.197,
            0.189
        ],
        [
            0.243,
            0.238,
            0.233,
            0.232,
            0.233,
            0.222,
            0.225,
            0.221,
            0.2,
            0.191
        ],
        [
            0.242,
            0.243,
            0.239,
            0.239,
            0.23,
            0.22,
            0.22,
            0.216,
            0.207,
            0.209
        ],
        [
            0.244,
            0.244,
            0.234,
            0.238,
            0.228,
            0.215,
            0.217,
            0.204,
            0.198,
            0.212
        ],
        [
            0.244,
            0.247,
            0.234,
            0.239,
            0.229,
            0.221,
            0.219,
            0.206,
            0.206,
            0.211
        ],
        [
            0.246,
            0.246,
            0.235,
            0.237,
            0.237,
            0.229,
            0.228,
            0.22,
            0.207,
            0.204
        ],
        [
            0.241,
            0.242,
            0.23,
            0.235,
            0.237,
            0.228,
            0.23,
            0.22,
            0.198,
            0.189
        ],
        [
            0.241,
            0.241,
            0.234,
            0.235,
            0.229,
            0.221,
            0.227,
            0.217,
            0.2,
            0.19
        ],
        [
            0.243,
            0.241,
            0.233,
            0.234,
            0.229,
            0.216,
            0.219,
            0.21,
            0.199,
            0.2
        ],
        [
            0.242,
            0.241,
            0.234,
            0.233,
            0.228,
            0.215,
            0.214,
            0.208,
            0.201,
            0.203
        ],
        [
            0.243,
            0.239,
            0.235,
            0.239,
            0.233,
            0.22,
            0.219,
            0.218,
            0.211,
            0.207
        ],
        [
            0.241,
            0.239,
            0.235,
            0.234,
            0.236,
            0.225,
            0.229,
            0.228,
            0.215,
            0.207
        ],
        [
            0.243,
            0.24,
            0.242,
            0.234,
            0.238,
            0.229,
            0.23,
            0.235,
            0.202,
            0.19
        ],
        [
            0.246,
            0.239,
            0.239,
            0.237,
            0.241,
            0.226,
            0.234,
            0.227,
            0.198,
            0.19
        ],
        [
            0.241,
            0.241,
            0.236,
            0.233,
            0.237,
            0.221,
            0.232,
            0.218,
            0.195,
            0.185
        ],
        [
            0.241,
            0.242,
            0.237,
            0.23,
            0.239,
            0.221,
            0.23,
            0.22,
            0.19,
            0.192
        ],
        [
            0.244,
            0.239,
            0.234,
            0.232,
            0.242,
            0.226,
            0.229,
            0.22,
            0.206,
            0.197
        ],
        [
            0.238,
            0.24,
            0.241,
            0.23,
            0.239,
            0.228,
            0.233,
            0.231,
            0.218,
            0.199
        ],
        [
            0.243,
            0.238,
            0.239,
            0.231,
            0.24,
            0.231,
            0.234,
            0.233,
            0.214,
            0.193
        ],
        [
            0.238,
            0.237,
            0.238,
            0.236,
            0.241,
            0.228,
            0.236,
            0.23,
            0.212,
            0.19
        ],
        [
            0.236,
            0.236,
            0.233,
            0.234,
