{
    "event_type": "flower_visit",
    "event_id": "flower_1_20260401173304567644",
    "flower_id": "flower_1",
    "background_dist": 0.2,
    "start_time": 1775082782.7672179,
    "end_time": 1775082784.567499,
    "num_scans": 27,
    "angles": [
        132,
        133,
        134,
        135,
        136,
        137,
        138
    ],
    "distance_series": [
        [
            0.161,
            0.165,
            0.159,
            0.157,
            0.171,
            0.176,
            0.185
        ],
        [
            0.163,
            0.16,
            0.16,
            0.159,
            0.166,
            0.168,
            0.167
        ],
        [
            0.165,
            0.159,
            0.159,
            0.162,
            0.166,
            0.158,
            0.162
        ],
        [
            0.158,
            0.156,
            0.161,
            0.159,
            0.162,
            0.16,
            0.163
        ],
        [
            0.162,
            0.154,
            0.152,
            0.157,
            0.158,
            0.163,
            0.155
        ],
        [
            0.159,
            0.152,
            0.147,
            0.152,
            0.157,
            0.16,
            0.158
        ],
        [
            0.151,
            0.149,
            0.141,
            0.148,
            0.152,
            0.154,
            0.156
        ],
        [
            0.147,
            0.146,
            0.142,
            0.147,
            0.158,
            0.155,
            0.157
        ],
        [
            0.146,
            0.142,
            0.144,
            0.152,
            0.158,
            0.156,
            0.158
        ],
        [
            0.144,
            0.145,
            0.148,
            0.154,
            0.159,
            0.157,
            0.156
        ],
        [
            0.145,
            0.152,
            0.15,
            0.154,
            0.165,
            0.161,
            0.159
        ],
        [
            0.146,
            0.154,
            0.153,
            0.157,
            0.161,
            0.165,
            0.157
        ],
        [
            0.146,
            0.154,
            0.156,
            0.155,
            0.161,
            0.163,
            0.156
        ],
        [
            0.146,
            0.154,
            0.159,
            0.159,
            0.161,
            0.16,
            0.152
        ],
        [
            0.146,
            0.149,
            0.162,
            0.162,
            0.157,
            0.154,
            0.148
        ],
        [
            0.145,
            0.149,
            0.165,
            0.162,
            0.158,
            0.147,
            0.146
        ],
        [
            0.149,
            0.15,
            0.163,
            0.161,
            0.152,
            0.144,
            0.151
        ],
        [
            0.151,
            0.152,
            0.157,
            0.158,
            0.152,
            0.157,
            0.16
        ],
        [
            0.162,
            0.161,
            0.166,
            0.173,
            0.173,
            0.175,
            0.181
        ],
        [
            0.174,
            0.175,
            0.179,
            0.19,
            0.183,
            0.194,
            0.203
        ],
        [
            0.184,
            0.189,
            0.193,
            0.2,
            0.201,
            0.216,
            0.22
        ],
        [
            0.189,
            0.195,
            0.21,
            0.219,
            0.216,
            0.221,
            0.231
        ],
        [
            0.193,
            0.195,
            0.207,
            0.216,
            0.218,
            0.219,
            0.233
        ],
        [
            0.191,
            0.188,
            0.206,
            0.216,
            0.217,
            0.221,
            0.234
        ],
        [
            0.189,
            0.185,
            0.208,
            0.222,
            0.215,
            0.22,
            0.229
        ],
        [
            0.189,
            0.186,
            0.207,
            0.214,
            0.213,
            0.225,
            0.223
        ],
        [
            0.192,
            0.191,
            0.21,
            0.218,
            0.21,
            0.225,
            0.224
        ]
    ],
    "timestamp": "2026-04-01T17:33:04.567730",
    "label": "bee"
}