{
    "event_type": "flower_visit",
    "event_id": "flower_1_20260409163927474308",
    "flower_id": "flower_1",
    "background_dist": 0.2,
    "start_time": 1775770765.806922,
    "end_time": 1775770767.474161,
    "num_scans": 25,
    "angles": [
        76,
        77,
        78,
        79,
        80,
        81,
        82,
        83,
        84,
        85,
        86,
        87,
        88
    ],
    "distance_series": [
        [
            0.214,
            0.199,
            0.19,
            0.187,
            0.195,
            0.201,
            0.182,
            0.179,
            0.162,
            0.168,
            0.171,
            0.17,
            0.157
        ],
        [
            0.216,
            0.199,
            0.191,
            0.19,
            0.19,
            0.185,
            0.179,
            0.178,
            0.169,
            0.18,
            0.185,
            0.184,
            0.151
        ],
        [
            0.216,
            0.197,
            0.195,
            0.188,
            0.185,
            0.182,
            0.173,
            0.181,
            0.182,
            0.19,
            0.196,
            0.195,
            0.155
        ],
        [
            0.216,
            0.191,
            0.198,
            0.19,
            0.188,
            0.165,
            0.162,
            0.175,
            0.189,
            0.203,
            0.198,
            0.198,
            0.16
        ],
        [
            0.217,
            0.199,
            0.198,
            0.193,
            0.186,
            0.159,
            0.164,
            0.174,
            0.183,
            0.193,
            0.202,
            0.201,
            0.16
        ],
        [
            0.215,
            0.204,
            0.195,
            0.195,
            0.19,
            0.179,
            0.175,
            0.178,
            0.177,
            0.194,
            0.204,
            0.202,
            0.152
        ],
        [
            0.218,
            0.207,
            0.2,
            0.195,
            0.196,
            0.185,
            0.178,
            0.176,
            0.182,
            0.191,
            0.192,
            0.188,
            0.145
        ],
        [
            0.22,
            0.206,
            0.2,
            0.192,
            0.195,
            0.194,
            0.186,
            0.186,
            0.187,
            0.177,
            0.179,
            0.179,
            0.146
        ],
        [
            0.22,
            0.2,
            0.2,
            0.195,
            0.2,
            0.197,
            0.191,
            0.197,
            0.204,
            0.178,
            0.17,
            0.171,
            0.146
        ],
        [
            0.219,
            0.202,
            0.201,
            0.192,
            0.201,
            0.196,
            0.184,
            0.184,
            0.191,
            0.167,
            0.169,
            0.172,
            0.158
        ],
        [
            0.215,
            0.201,
            0.204,
            0.188,
            0.204,
            0.193,
            0.18,
            0.173,
            0.193,
            0.178,
            0.188,
            0.184,
            0.177
        ],
        [
            0.213,
            0.197,
            0.201,
            0.187,
            0.204,
            0.192,
            0.186,
            0.176,
            0.187,
            0.189,
            0.194,
            0.2,
            0.216
        ],
        [
            0.216,
            0.195,
            0.198,
            0.188,
            0.203,
            0.196,
            0.193,
            0.179,
            0.187,
            0.194,
            0.202,
            0.202,
            0.202
        ],
        [
            0.217,
            0.194,
            0.198,
            0.186,
            0.201,
            0.192,
            0.194,
            0.196,
            0.197,
            0.204,
            0.204,
            0.206,
            0.198
        ],
        [
            0.22,
            0.195,
            0.198,
            0.188,
            0.2,
            0.2,
            0.2,
            0.203,
            0.201,
            0.2,
            0.202,
            0.204,
            0.176
        ],
        [
            0.22,
            0.198,
            0.196,
            0.189,
            0.198,
            0.197,
            0.202,
            0.202,
            0.202,
            0.197,
            0.203,
            0.202,
            0.171
        ],
        [
            0.219,
            0.199,
            0.193,
            0.189,
            0.199,
            0.196,
            0.195,
            0.203,
            0.206,
            0.2,
            0.208,
            0.206,
            0.163
        ],
        [
            0.222,
            0.202,
            0.196,
            0.19,
            0.2,
            0.198,
            0.192,
            0.202,
            0.205,
            0.195,
            0.207,
            0.205,
            0.192
        ],
        [
            0.22,
            0.2,
            0.196,
            0.189,
            0.197,
            0.191,
            0.192,
            0.203,
            0.205,
            0.198,
            0.209,
            0.207,
            0.192
        ],
        [
            0.22,
            0.198,
            0.19,
            0.189,
            0.199,
            0.194,
            0.189,
            0.208,
            0.203,
            0.204,
            0.205,
            0.206,
            0.197
        ],
        [
            0.216,
            0.196,
            0.192,
            0.191,
            0.195,
            0.201,
            0.192,
            0.204,
            0.204,
            0.203,
            0.203,
            0.206,
            0.186
        ],
        [
            0.211,
            0.198,
            0.193,
            0.191,
            0.193,
            0.196,
            0.193,
            0.203,
            0.205,
            0.202,
            0.204,
            0.207,
            0.17
        ],
        [
            0.211,
            0.205,
            0.194,
            0.187,
            0.19,
            0.198,
            0.193,
            0.199,
            0.203,
            0.203,
            0.209,
            0.203,
            0.183
        ],
        [
            0.213,
            0.202,
            0.194,
            0.188,
            0.195,
            0.198,
            0.193,
            0.199,
            0.204,
            0.203,
            0.209,
            0.203,
            0.188
        ],
        [
            0.213,
            0.205,
            0.19,
            0.188,
            0.195,
            0.194,
            0.192,
            0.198,
            0.2,
            0.2,
            0.205,
            0.203,
            0.188
        ]
    ],
    "timestamp": "2026-04-09T16:39:27.474395",
    "label": "bee"
}