{
    "event_type": "flower_visit",
    "event_id": "flower_2_20260410204936719627",
    "flower_id": "flower_2",
    "background_dist": 0.22,
    "start_time": 1775872173.7195709,
    "end_time": 1775872176.7194629,
    "num_scans": 45,
    "angles": [
        169,
        170,
        171,
        172,
        173,
        174,
        175,
        176,
        177,
        178,
        179,
        180,
        181,
        182
    ],
    "distance_series": [
        [
            0.997,
            0.212,
            0.233,
            0.228,
            0.222,
            0.215,
            0.201,
            0.215,
            0.214,
            0.207,
            0.203,
            0.206,
            0.183,
            0.196
        ],
        [
            0.208,
            0.213,
            0.228,
            0.226,
            0.218,
            0.218,
            0.192,
            0.211,
            0.216,
            0.208,
            0.201,
            0.202,
            0.182,
            0.194
        ],
        [
            0.197,
            0.214,
            0.228,
            0.227,
            0.218,
            0.218,
            0.193,
            0.21,
            0.215,
            0.205,
            0.204,
            0.208,
            0.178,
            0.19
        ],
        [
            0.972,
            0.215,
            0.228,
            0.227,
            0.221,
            0.216,
            0.204,
            0.213,
            0.215,
            0.213,
            0.201,
            0.211,
            0.182,
            0.187
        ],
        [
            0.987,
            0.221,
            0.227,
            0.224,
            0.224,
            0.217,
            0.198,
            0.211,
            0.215,
            0.214,
            0.2,
            0.21,
            0.179,
            0.186
        ],
        [
            0.989,
            0.217,
            0.228,
            0.223,
            0.226,
            0.216,
            0.203,
            0.214,
            0.218,
            0.214,
            0.201,
            0.212,
            0.177,
            0.185
        ],
        [
            1.001,
            0.212,
            0.232,
            0.224,
            0.223,
            0.216,
            0.207,
            0.214,
            0.213,
            0.217,
            0.198,
            0.21,
            0.178,
            0.188
        ],
        [
            0.213,
            0.214,
            0.232,
            0.223,
            0.219,
            0.21,
            0.203,
            0.212,
            0.213,
            0.207,
            0.204,
            0.213,
            0.18,
            0.19
        ],
        [
            0.207,
            0.212,
            0.233,
            0.226,
            0.219,
            0.211,
            0.207,
            0.213,
            0.218,
            0.208,
            0.206,
            0.208,
            0.178,
            0.185
        ],
        [
            0.221,
            0.218,
            0.233,
            0.222,
            0.22,
            0.211,
            0.203,
            0.216,
            0.218,
            0.206,
            0.203,
            0.209,
            0.178,
            0.19
        ],
        [
            0.211,
            0.217,
            0.229,
            0.221,
            0.223,
            0.213,
            0.204,
            0.21,
            0.216,
            0.21,
            0.205,
            0.208,
            0.179,
            0.195
        ],
        [
            0.218,
            0.215,
            0.229,
            0.223,
            0.224,
            0.217,
            0.208,
            0.208,
            0.215,
            0.211,
            0.2,
            0.206,
            0.182,
            0.194
        ],
        [
            0.219,
            0.216,
            0.231,
            0.228,
            0.224,
            0.221,
            0.206,
            0.203,
            0.208,
            0.217,
            0.197,
            0.211,
            0.188,
            0.193
        ],
        [
            0.989,
            0.227,
            0.229,
            0.227,
            0.226,
            0.225,
            0.201,
            0.203,
            0.211,
            0.217,
            0.201,
            0.204,
            0.192,
            0.188
        ],
        [
            1.007,
            0.222,
            0.23,
            0.233,
            0.229,
            0.223,
            0.201,
            0.202,
            0.218,
            0.218,
            0.199,
            0.209,
            0.191,
            0.18
        ],
        [
            1.013,
            0.221,
            0.232,
            0.228,
            0.23,
            0.221,
            0.198,
            0.206,
            0.217,
            0.214,
            0.198,
            0.212,
            0.19,
            0.181
        ],
        [
            0.999,
            0.211,
            0.234,
            0.225,
            0.234,
            0.218,
            0.194,
            0.206,
            0.215,
            0.208,
            0.203,
            0.206,
            0.194,
            0.186
        ],
        [
            0.204,
            0.207,
            0.233,
            0.228,
            0.229,
            0.215,
            0.202,
            0.206,
            0.22,
            0.212,
            0.199,
            0.213,
            0.19,
            0.186
        ],
        [
            0.979,
            0.2,
            0.23,
            0.226,
            0.228,
            0.217,
            0.199,
            0.207,
            0.218,
            0.212,
            0.194,
            0.207,
            0.191,
            0.187
        ],
        [
            0.979,
            0.21,
            0.228,
            0.228,
            0.228,
            0.22,
            0.2,
            0.208,
            0.214,
            0.212,
            0.194,
            0.2,
            0.188,
            0.185
        ],
        [
            0.986,
            0.212,
            0.227,
            0.23,
            0.225,
            0.221,
            0.202,
            0.204,
            0.217,
            0.212,
            0.187,
            0.204,
            0.186,
            0.182
        ],
        [
            1.258,
            0.209,
            0.228,
            0.223,
            0.223,
            0.217,
            0.201,
            0.203,
            0.213,
            0.209,
            0.192,
            0.197,
            0.189,
            0.181
        ],
        [
            0.219,
            0.214,
            0.227,
            0.224,
            0.226,
            0.223,
            0.204,
            0.204,
            0.211,
            0.203,
            0.194,
            0.196,
            0.184,
            0.179
        ],
        [
            1.24,
            0.217,
            0.23,
            0.22,
            0.227,
            0.224,
            0.201,
            0.205,
            0.209,
            0.206,
            0.2,
            0.192,
            0.185,
            0.178
        ],
        [
            1.24,
            0.218,
            0.227,
            0.221,
            0.228,
            0.228,
            0.199,
            0.206,
            0.214,
            0.209,
            0.2,
            0.195,
            0.182,
            0.178
        ],
        [
            0.985,
            0.215,
            0.227,
            0.219,
            0.225,
            0.222,
            0.196,
            0.209,
            0.21,
            0.214,
            0.198,
            0.198,
            0.176,
            0.179
        ],
        [
            0.991,
            0.212,
            0.23,
            0.219,
            0.226,
            0.224,
