{
    "event_type": "flower_visit",
    "event_id": "flower_1_20260401174709893049",
    "flower_id": "flower_1",
    "background_dist": 0.2,
    "start_time": 1775083626.092296,
    "end_time": 1775083629.892908,
    "num_scans": 57,
    "angles": [
        132,
        133,
        134,
        135,
        136,
        137,
        138
    ],
    "distance_series": [
        [
            0.151,
            0.156,
            0.161,
            0.17,
            0.181,
            0.184,
            0.19
        ],
        [
            0.156,
            0.159,
            0.159,
            0.163,
            0.184,
            0.192,
            0.186
        ],
        [
            0.15,
            0.155,
            0.158,
            0.169,
            0.185,
            0.196,
            0.178
        ],
        [
            0.15,
            0.153,
            0.157,
            0.173,
            0.184,
            0.189,
            0.164
        ],
        [
            0.143,
            0.152,
            0.157,
            0.167,
            0.176,
            0.181,
            0.162
        ],
        [
            0.144,
            0.147,
            0.153,
            0.158,
            0.166,
            0.177,
            0.16
        ],
        [
            0.144,
            0.146,
            0.152,
            0.152,
            0.154,
            0.172,
            0.161
        ],
        [
            0.145,
            0.148,
            0.146,
            0.144,
            0.148,
            0.165,
            0.163
        ],
        [
            0.144,
            0.15,
            0.145,
            0.141,
            0.145,
            0.153,
            0.162
        ],
        [
            0.145,
            0.147,
            0.143,
            0.144,
            0.139,
            0.147,
            0.152
        ],
        [
            0.145,
            0.145,
            0.145,
            0.143,
            0.136,
            0.142,
            0.151
        ],
        [
            0.144,
            0.147,
            0.146,
            0.143,
            0.139,
            0.138,
            0.146
        ],
        [
            0.147,
            0.14,
            0.145,
            0.146,
            0.141,
            0.139,
            0.142
        ],
        [
            0.149,
            0.145,
            0.144,
            0.142,
            0.144,
            0.142,
            0.141
        ],
        [
            0.148,
            0.15,
            0.144,
            0.142,
            0.143,
            0.144,
            0.152
        ],
        [
            0.149,
            0.148,
            0.148,
            0.142,
            0.144,
            0.151,
            0.155
        ],
        [
            0.149,
            0.143,
            0.145,
            0.143,
            0.145,
            0.157,
            0.157
        ],
        [
            0.151,
            0.149,
            0.146,
            0.143,
            0.146,
            0.161,
            0.161
        ],
        [
            0.151,
            0.145,
            0.149,
            0.143,
            0.144,
            0.157,
            0.16
        ],
        [
            0.152,
            0.148,
            0.147,
            0.143,
            0.142,
            0.152,
            0.154
        ],
        [
            0.153,
            0.15,
            0.147,
            0.147,
            0.145,
            0.149,
            0.147
        ],
        [
            0.148,
            0.149,
            0.15,
            0.153,
            0.146,
            0.144,
            0.142
        ],
        [
            0.145,
            0.148,
            0.145,
            0.15,
            0.15,
            0.146,
            0.14
        ],
        [
            0.14,
            0.146,
            0.139,
            0.153,
            0.149,
            0.151,
            0.144
        ],
        [
            0.14,
            0.145,
            0.14,
            0.149,
            0.151,
            0.146,
            0.144
        ],
        [
            0.142,
            0.142,
            0.14,
            0.147,
            0.152,
            0.146,
            0.147
        ],
        [
            0.146,
            0.138,
            0.142,
            0.147,
            0.152,
            0.147,
            0.148
        ],
        [
            0.148,
            0.141,
            0.145,
            0.147,
            0.154,
            0.15,
            0.147
        ],
        [
            0.148,
            0.147,
            0.149,
            0.155,
            0.158,
            0.149,
            0.149
        ],
        [
            0.151,
            0.154,
            0.153,
            0.158,
            0.156,
            0.151,
            0.147
        ],
        [
            0.148,
            0.157,
            0.158,
            0.157,
            0.158,
            0.154,
            0.154
        ],
        [
            0.149,
            0.158,
            0.165,
            0.157,
            0.157,
            0.153,
            0.149
        ],
        [
            0.153,
            0.158,
            0.163,
            0.157,
            0.155,
            0.153,
            0.157
        ],
        [
            0.15,
            0.153,
            0.163,
            0.158,
            0.151,
            0.155,
            0.156
        ],
        [
            0.149,
            0.153,
            0.159,
            0.159,
            0.15,
            0.154,
            0.157
        ],
        [
            0.146,
            0.151,
            0.155,
            0.159,
            0.151,
            0.149,
            0.146
        ],
        [
            0.145,
            0.146,
            0.152,
            0.152,
            0.149,
            0.15,
            0.146
        ],
        [
            0.144,
            0.147,
            0.148,
            0.149,
            0.144,
            0.147,
            0.144
        ],
        [
            0.142,
            0.142,
            0.147,
            0.15,
            0.141,
            0.152,
            0.138
        ],
        [
            0.142,
            0.14,
            0.146,
            0.149,
            0.144,
            0.15,
            0.14
        ],
        [
            0.141,
            0.141,
            0.148,
            0.148,
            0.14,
            0.149,
            0.145
        ],
        [
            0.145,
            0.14,
            0.148,
            0.146,
            0.144,
            0.152,
            0.148
        ],
        [
            0.145,
            0.145,
            0.146,
            0.144,
            0.142,
            0.154,
            0.153
        ],
        [
            0.144,
            0.142,
            0.147,
            0.143,
            0.146,
            0.154,
            0.163
        ],
        [
            0.145,
            0.146,
            0.152,
            0.151,
            0.154,
            0.16,
            0.167
        ],
        [
            0.142,
            0.145,
            0.156,
            0.168,
            0.161,
            0.164,
            0.176
        ],
        [
            0.139,
            0.148,
            0.17,
            0.184,
            0.18,
            0.177,
            0.19
        ],
        [
            0.154,
            0.159,
            0.186,
            0.201,
            0.198,
            0.194,
            0.2
        ],
        [
            0.162,
            0.167,
            0.197,
            0.213,
            0.211,
            0.207,
            0.209
        ],
        [
            0.18,
            0.179,
            0.203,
            0.218,
            0.229,
            0.22,
            0.208
        ],
        [
