{
    "event_type": "flower_visit",
    "event_id": "flower_1_20260410191736701890",
    "flower_id": "flower_1",
    "background_dist": 0.38,
    "start_time": 1775866655.4348328,
    "end_time": 1775866656.70175,
    "num_scans": 19,
    "angles": [
        128,
        129,
        130,
        131,
        132,
        133,
        134
    ],
    "distance_series": [
        [
            0.337,
            0.344,
            0.361,
            0.366,
            0.376,
            0.375,
            0.381
        ],
        [
            0.394,
            0.344,
            0.355,
            0.366,
            0.373,
            0.376,
            0.385
        ],
        [
            0.449,
            0.339,
            0.353,
            0.364,
            0.369,
            0.375,
            0.38
        ],
        [
            0.456,
            0.343,
            0.349,
            0.36,
            0.371,
            0.377,
            0.384
        ],
        [
            0.467,
            0.359,
            0.358,
            0.371,
            0.368,
            0.368,
            0.383
        ],
        [
            0.423,
            0.37,
            0.359,
            0.37,
            0.368,
            0.367,
            0.381
        ],
        [
            0.367,
            0.361,
            0.356,
            0.369,
            0.374,
            0.369,
            0.386
        ],
        [
            0.355,
            0.358,
            0.354,
            0.369,
            0.374,
            0.373,
            0.381
        ],
        [
            0.345,
            0.35,
            0.35,
            0.365,
            0.375,
            0.379,
            0.384
        ],
        [
            0.332,
            0.343,
            0.353,
            0.365,
            0.375,
            0.379,
            0.381
        ],
        [
            0.337,
            0.35,
            0.359,
            0.368,
            0.371,
            0.376,
            0.38
        ],
        [
            0.354,
            0.37,
            0.369,
            0.373,
            0.374,
            0.373,
            0.383
        ],
        [
            0.4,
            0.369,
            0.374,
            0.373,
            0.378,
            0.37,
            0.379
        ],
        [
            0.395,
            0.369,
            0.371,
            0.377,
            0.379,
            0.368,
            0.383
        ],
        [
            0.396,
            0.37,
            0.372,
            0.373,
            0.378,
            0.371,
            0.376
        ],
        [
            0.391,
            0.368,
            0.376,
            0.372,
            0.374,
            0.373,
            0.37
        ],
        [
            0.349,
            0.357,
            0.37,
            0.371,
            0.372,
            0.374,
            0.375
        ],
        [
            0.346,
            0.348,
            0.36,
            0.368,
            0.375,
            0.379,
            0.374
        ],
        [
            0.346,
            0.347,
            0.356,
            0.366,
            0.373,
            0.378,
            0.374
        ]
    ],
    "timestamp": "2026-04-10T19:17:36.701977",
    "label": "bee"
}