{
    "event_type": "flower_visit",
    "event_id": "flower_2_20260412162413025986",
    "flower_id": "flower_2",
    "background_dist": 0.21,
    "start_time": 1776029050.359773,
    "end_time": 1776029053.025951,
    "num_scans": 40,
    "angles": [
        134,
        135,
        136,
        137,
        138,
        139,
        140,
        141,
        142,
        143,
        144,
        145,
        146,
        147,
        148
    ],
    "distance_series": [
        [
            0.299,
            0.204,
            0.189,
            0.183,
            0.187,
            0.187,
            0.187,
            0.18,
            0.184,
            0.187,
            0.189,
            0.187,
            0.186,
            0.186,
            0.169
        ],
        [
            0.296,
            0.203,
            0.19,
            0.183,
            0.186,
            0.19,
            0.184,
            0.183,
            0.187,
            0.184,
            0.192,
            0.203,
            0.201,
            0.195,
            0.177
        ],
        [
            0.288,
            0.201,
            0.192,
            0.177,
            0.185,
            0.192,
            0.184,
            0.185,
            0.191,
            0.197,
            0.205,
            0.211,
            0.211,
            0.203,
            0.18
        ],
        [
            0.329,
            0.209,
            0.203,
            0.189,
            0.197,
            0.201,
            0.194,
            0.197,
            0.197,
            0.199,
            0.211,
            0.199,
            0.203,
            0.187,
            0.172
        ],
        [
            0.388,
            0.221,
            0.215,
            0.204,
            0.211,
            0.21,
            0.204,
            0.204,
            0.204,
            0.193,
            0.2,
            0.19,
            0.193,
            0.179,
            0.165
        ],
        [
            0.344,
            0.21,
            0.21,
            0.202,
            0.205,
            0.204,
            0.2,
            0.195,
            0.2,
            0.199,
            0.203,
            0.185,
            0.196,
            0.182,
            0.166
        ],
        [
            0.349,
            0.197,
            0.198,
            0.192,
            0.193,
            0.19,
            0.194,
            0.183,
            0.2,
            0.198,
            0.201,
            0.195,
            0.2,
            0.19,
            0.17
        ],
        [
            0.357,
            0.2,
            0.197,
            0.191,
            0.193,
            0.187,
            0.186,
            0.174,
            0.189,
            0.187,
            0.193,
            0.196,
            0.202,
            0.196,
            0.173
        ],
        [
            0.35,
            0.2,
            0.191,
            0.192,
            0.189,
            0.185,
            0.182,
            0.178,
            0.19,
            0.189,
            0.198,
            0.192,
            0.196,
            0.194,
            0.174
        ],
        [
            0.406,
            0.207,
            0.204,
            0.203,
            0.197,
            0.192,
            0.192,
            0.191,
            0.198,
            0.197,
            0.192,
            0.181,
            0.18,
            0.179,
            0.173
        ],
        [
            0.393,
            0.218,
            0.22,
            0.213,
            0.205,
            0.196,
            0.19,
            0.191,
            0.191,
            0.182,
            0.176,
            0.167,
            0.165,
            0.163,
            0.161
        ],
        [
            0.346,
            0.212,
            0.219,
            0.211,
            0.206,
            0.194,
            0.192,
            0.186,
            0.184,
            0.181,
            0.17,
            0.158,
            0.164,
            0.158,
            0.161
        ],
        [
            0.354,
            0.216,
            0.218,
            0.208,
            0.195,
            0.19,
            0.18,
            0.181,
            0.178,
            0.172,
            0.165,
            0.158,
            0.164,
            0.162,
            0.168
        ],
        [
            0.347,
            0.219,
            0.213,
            0.208,
            0.19,
            0.182,
            0.171,
            0.165,
            0.171,
            0.16,
            0.163,
            0.163,
            0.171,
            0.168,
            0.17
        ],
        [
            0.356,
            0.217,
            0.21,
            0.209,
            0.197,
            0.191,
            0.176,
            0.168,
            0.172,
            0.166,
            0.168,
            0.163,
            0.17,
            0.17,
            0.175
        ],
        [
            0.401,
            0.219,
            0.21,
            0.209,
            0.195,
            0.19,
            0.178,
            0.169,
            0.17,
            0.167,
            0.168,
            0.166,
            0.17,
            0.168,
            0.175
        ],
        [
            0.349,
            0.221,
            0.219,
            0.212,
            0.201,
            0.198,
            0.181,
            0.165,
            0.164,
            0.165,
            0.164,
            0.162,
            0.164,
            0.161,
            0.161
        ],
        [
            0.363,
            0.225,
            0.221,
            0.217,
            0.202,
            0.203,
            0.184,
            0.164,
            0.162,
            0.161,
            0.158,
            0.161,
            0.162,
            0.161,
            0.162
        ],
        [
            0.314,
            0.223,
            0.219,
            0.21,
            0.196,
            0.189,
            0.179,
            0.164,
            0.166,
            0.163,
            0.159,
            0.164,
            0.167,
            0.165,
            0.169
        ],
        [
            0.308,
            0.226,
            0.214,
            0.209,
            0.194,
            0.185,
            0.175,
            0.165,
            0.17,
            0.163,
            0.161,
            0.17,
            0.168,
            0.167,
            0.169
        ],
        [
            0.355,
            0.226,
            0.212,
            0.206,
            0.197,
            0.185,
            0.179,
            0.171,
            0.171,
            0.163,
            0.165,
            0.171,
            0.17,
            0.167,
            0.171
        ],
        [
            0.34,
            0.221,
            0.215,
            0.206,
            0.202,
            0.191,
            0.186,
            0.178,
            0.174,
            0.165,
            0.168,
            0.17,
            0.167,
            0.166,
            0.167
        ],
        [
            0.395,
            0.219,
            0.219,
            0.21,
            0.197,
            0.191,
            0.187,
            0.175,
            0.169,
            0.162,
            0.165,
            0.168,
            0.16,
            0.161,
            0.159
        ],
        [
            0.349,
            0.215,
            0.216,
            0.207,
            0.189,
            0.186,
            0.187,
            0.172,
            0.166,
            0.161,
            0.173,
            0.174,
            0.167,
            0.165,
            0.166
        ],
        [
            0.297,
            0.213,
            0.214,
            0.206,
            0.18,
            0.177,
            0.177,
            0.168,
            0.167,
            0.165,
            0.173,
            0.177,
