{
    "event_type": "flower_visit",
    "event_id": "flower_1_20260401173356034777",
    "flower_id": "flower_1",
    "background_dist": 0.2,
    "start_time": 1775082833.501618,
    "end_time": 1775082836.0346482,
    "num_scans": 38,
    "angles": [
        132,
        133,
        134,
        135,
        136,
        137,
        138
    ],
    "distance_series": [
        [
            0.158,
            0.164,
            0.157,
            0.158,
            0.162,
            0.159,
            0.173
        ],
        [
            0.169,
            0.169,
            0.166,
            0.168,
            0.167,
            0.166,
            0.17
        ],
        [
            0.169,
            0.175,
            0.179,
            0.182,
            0.182,
            0.17,
            0.164
        ],
        [
            0.174,
            0.173,
            0.193,
            0.191,
            0.193,
            0.177,
            0.164
        ],
        [
            0.181,
            0.181,
            0.203,
            0.208,
            0.203,
            0.193,
            0.176
        ],
        [
            0.182,
            0.185,
            0.205,
            0.216,
            0.213,
            0.201,
            0.19
        ],
        [
            0.182,
            0.176,
            0.208,
            0.216,
            0.211,
            0.201,
            0.189
        ],
        [
            0.186,
            0.177,
            0.202,
            0.213,
            0.207,
            0.202,
            0.189
        ],
        [
            0.186,
            0.176,
            0.198,
            0.206,
            0.202,
            0.19,
            0.18
        ],
        [
            0.175,
            0.166,
            0.189,
            0.19,
            0.189,
            0.175,
            0.165
        ],
        [
            0.169,
            0.153,
            0.174,
            0.178,
            0.172,
            0.167,
            0.159
        ],
        [
            0.158,
            0.153,
            0.16,
            0.172,
            0.17,
            0.162,
            0.154
        ],
        [
            0.152,
            0.146,
            0.152,
            0.166,
            0.166,
            0.16,
            0.153
        ],
        [
            0.151,
            0.147,
            0.148,
            0.165,
            0.163,
            0.166,
            0.153
        ],
        [
            0.155,
            0.152,
            0.152,
            0.164,
            0.167,
            0.166,
            0.159
        ],
        [
            0.155,
            0.15,
            0.151,
            0.167,
            0.163,
            0.169,
            0.161
        ],
        [
            0.154,
            0.156,
            0.152,
            0.164,
            0.164,
            0.168,
            0.16
        ],
        [
            0.154,
            0.153,
            0.151,
            0.16,
            0.169,
            0.169,
            0.159
        ],
        [
            0.151,
            0.149,
            0.151,
            0.163,
            0.161,
            0.166,
            0.16
        ],
        [
            0.151,
            0.147,
            0.15,
            0.163,
            0.165,
            0.169,
            0.158
        ],
        [
            0.148,
            0.146,
            0.157,
            0.163,
            0.162,
            0.16,
            0.157
        ],
        [
            0.148,
            0.145,
            0.161,
            0.162,
            0.16,
            0.157,
            0.155
        ],
        [
            0.149,
            0.149,
            0.161,
            0.158,
            0.157,
            0.153,
            0.149
        ],
        [
            0.154,
            0.151,
            0.169,
            0.171,
            0.172,
            0.169,
            0.165
        ],
        [
            0.156,
            0.158,
            0.164,
            0.169,
            0.174,
            0.176,
            0.178
        ],
        [
            0.161,
            0.163,
            0.162,
            0.17,
            0.172,
            0.181,
            0.192
        ],
        [
            0.162,
            0.16,
            0.16,
            0.18,
            0.192,
            0.202,
            0.207
        ],
        [
            0.16,
            0.163,
            0.157,
            0.166,
            0.176,
            0.184,
            0.192
        ],
        [
            0.159,
            0.162,
            0.156,
            0.168,
            0.174,
            0.183,
            0.184
        ],
        [
            0.161,
            0.167,
            0.168,
            0.184,
            0.185,
            0.19,
            0.183
        ],
        [
            0.172,
            0.174,
            0.179,
            0.188,
            0.187,
            0.187,
            0.18
        ],
        [
            0.182,
            0.178,
            0.191,
            0.203,
            0.205,
            0.202,
            0.196
        ],
        [
            0.188,
            0.186,
            0.205,
            0.217,
            0.217,
            0.215,
            0.217
        ],
        [
            0.187,
            0.187,
            0.206,
            0.221,
            0.22,
            0.219,
            0.22
        ],
        [
            0.184,
            0.185,
            0.208,
            0.226,
            0.223,
            0.219,
            0.217
        ],
        [
            0.184,
            0.192,
            0.209,
            0.23,
            0.224,
            0.219,
            0.222
        ],
        [
            0.188,
            0.19,
            0.21,
            0.23,
            0.224,
            0.218,
            0.221
        ],
        [
            0.187,
            0.192,
            0.211,
            0.228,
            0.221,
            0.218,
            0.221
        ]
    ],
    "timestamp": "2026-04-01T17:33:56.034863",
    "label": "bee"
}