{
    "event_type": "flower_visit",
    "event_id": "flower_1_20260410190922770833",
    "flower_id": "flower_1",
    "background_dist": 0.38,
    "start_time": 1775866157.037874,
    "end_time": 1775866162.7706912,
    "num_scans": 86,
    "angles": [
        128,
        129,
        130,
        131,
        132,
        133,
        134
    ],
    "distance_series": [
        [
            0.432,
            0.334,
            0.323,
            0.33,
            0.336,
            0.363,
            0.377
        ],
        [
            0.39,
            0.332,
            0.325,
            0.328,
            0.333,
            0.36,
            0.378
        ],
        [
            0.374,
            0.325,
            0.324,
            0.325,
            0.331,
            0.348,
            0.369
        ],
        [
            0.424,
            0.342,
            0.333,
            0.328,
            0.333,
            0.346,
            0.368
        ],
        [
            0.44,
            0.358,
            0.336,
            0.33,
            0.337,
            0.333,
            0.361
        ],
        [
            0.491,
            0.367,
            0.346,
            0.33,
            0.345,
            0.334,
            0.355
        ],
        [
            0.502,
            0.378,
            0.348,
            0.333,
            0.349,
            0.339,
            0.353
        ],
        [
            0.456,
            0.362,
            0.343,
            0.339,
            0.349,
            0.343,
            0.362
        ],
        [
            0.442,
            0.352,
            0.337,
            0.334,
            0.343,
            0.347,
            0.376
        ],
        [
            0.437,
            0.353,
            0.332,
            0.335,
            0.337,
            0.35,
            0.379
        ],
        [
            0.433,
            0.345,
            0.332,
            0.332,
            0.334,
            0.342,
            0.382
        ],
        [
            0.479,
            0.351,
            0.338,
            0.332,
            0.337,
            0.346,
            0.378
        ],
        [
            0.53,
            0.361,
            0.346,
            0.336,
            0.339,
            0.345,
            0.366
        ],
        [
            0.529,
            0.363,
            0.35,
            0.337,
            0.338,
            0.341,
            0.355
        ],
        [
            0.537,
            0.374,
            0.361,
            0.343,
            0.345,
            0.346,
            0.359
        ],
        [
            0.538,
            0.377,
            0.359,
            0.34,
            0.337,
            0.34,
            0.354
        ],
        [
            0.494,
            0.372,
            0.353,
            0.344,
            0.341,
            0.348,
            0.355
        ],
        [
            0.457,
            0.378,
            0.36,
            0.349,
            0.354,
            0.361,
            0.363
        ],
        [
            0.449,
            0.377,
            0.36,
            0.344,
            0.351,
            0.358,
            0.36
        ],
        [
            0.414,
            0.382,
            0.362,
            0.346,
            0.359,
            0.361,
            0.365
        ],
        [
            0.457,
            0.386,
            0.365,
            0.353,
            0.361,
            0.365,
            0.371
        ],
        [
            0.456,
            0.383,
            0.365,
            0.348,
            0.358,
            0.369,
            0.373
        ],
        [
            0.421,
            0.378,
            0.367,
            0.354,
            0.359,
            0.372,
            0.37
        ],
        [
            0.415,
            0.377,
            0.366,
            0.361,
            0.365,
            0.372,
            0.376
        ],
        [
            0.365,
            0.361,
            0.36,
            0.347,
            0.354,
            0.375,
            0.376
        ],
        [
            0.364,
            0.353,
            0.349,
            0.344,
            0.345,
            0.376,
            0.378
        ],
        [
            0.405,
            0.351,
            0.345,
            0.34,
            0.348,
            0.375,
            0.372
        ],
        [
            0.441,
            0.352,
            0.347,
            0.335,
            0.342,
            0.363,
            0.362
        ],
        [
            0.46,
            0.372,
            0.357,
            0.344,
            0.354,
            0.361,
            0.361
        ],
        [
            0.47,
            0.376,
            0.366,
            0.351,
            0.358,
            0.354,
            0.356
        ],
        [
            0.425,
            0.377,
            0.366,
            0.355,
            0.352,
            0.354,
            0.358
        ],
        [
            0.395,
            0.38,
            0.372,
            0.355,
            0.357,
            0.366,
            0.365
        ],
        [
            0.421,
            0.364,
            0.355,
            0.348,
            0.351,
            0.361,
            0.367
        ],
        [
            0.405,
            0.358,
            0.347,
            0.34,
            0.344,
            0.362,
            0.369
        ],
        [
            0.394,
            0.342,
            0.342,
            0.336,
            0.335,
            0.358,
            0.373
        ],
        [
            0.38,
            0.324,
            0.33,
            0.336,
            0.329,
            0.359,
            0.375
        ],
        [
            0.383,
            0.329,
            0.333,
            0.332,
            0.33,
            0.359,
            0.37
        ],
        [
            0.445,
            0.333,
            0.329,
            0.333,
            0.34,
            0.353,
            0.378
        ],
        [
            0.487,
            0.344,
            0.33,
            0.334,
            0.353,
            0.356,
            0.383
        ],
        [
            0.488,
            0.345,
            0.328,
            0.335,
            0.348,
            0.36,
            0.382
        ],
        [
            0.445,
            0.343,
            0.333,
            0.344,
            0.355,
            0.362,
            0.381
        ],
        [
            0.392,
            0.343,
            0.335,
            0.354,
            0.364,
            0.374,
            0.378
        ],
        [
            0.363,
            0.34,
            0.339,
            0.358,
            0.368,
            0.374,
            0.377
        ],
        [
            0.405,
            0.349,
            0.342,
            0.363,
            0.37,
            0.376,
            0.375
        ],
        [
            0.444,
            0.356,
            0.342,
            0.356,
            0.373,
            0.38,
            0.381
        ],
        [
            0.485,
            0.364,
            0.352,
            0.349,
            0.369,
            0.379,
            0.386
        ],
        [
            0.493,
            0.374,
            0.358,
            0.345,
            0.365,
            0.379,
            0.384
        ],
        [
            0.494,
            0.377,
            0.363,
            0.346,
            0.365,
            0.382,
            0.389
        ],
        [
            0.457,
            0.369,
            0.367,
            0.339,
            0.363,
            0.38,
            0.385
        ],
        [
            0.457,
            0.369,
            0.361,
            0.338,
            0.362,
            0.375,
            0.382
        ],
