{
    "event_type": "flower_visit",
    "event_id": "flower_1_20260401173010303665",
    "flower_id": "flower_1",
    "background_dist": 0.2,
    "start_time": 1775082608.2366772,
    "end_time": 1775082610.303516,
    "num_scans": 31,
    "angles": [
        132,
        133,
        134,
        135,
        136,
        137,
        138
    ],
    "distance_series": [
        [
            0.159,
            0.149,
            0.159,
            0.166,
            0.163,
            0.153,
            0.146
        ],
        [
            0.162,
            0.154,
            0.155,
            0.162,
            0.161,
            0.157,
            0.146
        ],
        [
            0.161,
            0.155,
            0.152,
            0.163,
            0.158,
            0.166,
            0.149
        ],
        [
            0.159,
            0.153,
            0.149,
            0.163,
            0.156,
            0.163,
            0.151
        ],
        [
            0.152,
            0.154,
            0.15,
            0.162,
            0.163,
            0.165,
            0.149
        ],
        [
            0.15,
            0.152,
            0.149,
            0.162,
            0.164,
            0.163,
            0.149
        ],
        [
            0.146,
            0.151,
            0.151,
            0.161,
            0.165,
            0.16,
            0.15
        ],
        [
            0.141,
            0.149,
            0.149,
            0.165,
            0.163,
            0.157,
            0.151
        ],
        [
            0.142,
            0.147,
            0.148,
            0.165,
            0.166,
            0.154,
            0.149
        ],
        [
            0.141,
            0.143,
            0.151,
            0.163,
            0.165,
            0.15,
            0.147
        ],
        [
            0.138,
            0.143,
            0.158,
            0.159,
            0.165,
            0.148,
            0.146
        ],
        [
            0.142,
            0.142,
            0.162,
            0.155,
            0.163,
            0.142,
            0.145
        ],
        [
            0.143,
            0.145,
            0.159,
            0.156,
            0.163,
            0.142,
            0.143
        ],
        [
            0.145,
            0.146,
            0.161,
            0.152,
            0.156,
            0.144,
            0.143
        ],
        [
            0.146,
            0.147,
            0.159,
            0.157,
            0.159,
            0.143,
            0.145
        ],
        [
            0.15,
            0.146,
            0.162,
            0.159,
            0.16,
            0.148,
            0.147
        ],
        [
            0.154,
            0.147,
            0.167,
            0.16,
            0.163,
            0.148,
            0.146
        ],
        [
            0.153,
            0.149,
            0.169,
            0.159,
            0.166,
            0.152,
            0.147
        ],
        [
            0.155,
            0.151,
            0.17,
            0.16,
            0.165,
            0.154,
            0.143
        ],
        [
            0.157,
            0.153,
            0.171,
            0.157,
            0.164,
            0.154,
            0.14
        ],
        [
            0.153,
            0.151,
            0.165,
            0.16,
            0.161,
            0.155,
            0.141
        ],
        [
            0.157,
            0.156,
            0.161,
            0.163,
            0.172,
            0.168,
            0.163
        ],
        [
            0.167,
            0.161,
            0.174,
            0.179,
            0.183,
            0.185,
            0.184
        ],
        [
            0.179,
            0.169,
            0.183,
            0.189,
            0.2,
            0.202,
            0.204
        ],
        [
            0.189,
            0.181,
            0.2,
            0.2,
            0.214,
            0.216,
            0.231
        ],
        [
            0.194,
            0.188,
            0.212,
            0.217,
            0.231,
            0.216,
            0.232
        ],
        [
            0.193,
            0.19,
            0.212,
            0.22,
            0.226,
            0.215,
            0.228
        ],
        [
            0.19,
            0.188,
            0.209,
            0.22,
            0.22,
            0.217,
            0.227
        ],
        [
            0.189,
            0.189,
            0.209,
            0.216,
            0.225,
            0.218,
            0.225
        ],
        [
            0.19,
            0.189,
            0.213,
            0.216,
            0.219,
            0.219,
            0.224
        ],
        [
            0.192,
            0.19,
            0.212,
            0.22,
            0.221,
            0.227,
            0.221
        ]
    ],
    "timestamp": "2026-04-01T17:30:10.303752",
    "label": "bee"
}