{
    "event_type": "flower_visit",
    "event_id": "flower_2_20260412164149949665",
    "flower_id": "flower_2",
    "background_dist": 0.32,
    "start_time": 1776030104.883096,
    "end_time": 1776030109.949495,
    "num_scans": 76,
    "angles": [
        108,
        109,
        110,
        111,
        112,
        113,
        114,
        115,
        116
    ],
    "distance_series": [
        [
            0.325,
            0.322,
            0.321,
            0.313,
            0.318,
            0.283,
            0.281,
            0.283,
            0.282
        ],
        [
            0.325,
            0.327,
            0.318,
            0.311,
            0.32,
            0.289,
            0.283,
            0.283,
            0.282
        ],
        [
            0.326,
            0.327,
            0.319,
            0.31,
            0.317,
            0.29,
            0.282,
            0.279,
            0.284
        ],
        [
            0.326,
            0.325,
            0.318,
            0.313,
            0.314,
            0.286,
            0.285,
            0.283,
            0.292
        ],
        [
            0.327,
            0.323,
            0.319,
            0.313,
            0.309,
            0.283,
            0.284,
            0.284,
            0.302
        ],
        [
            0.326,
            0.325,
            0.321,
            0.321,
            0.307,
            0.285,
            0.283,
            0.286,
            0.306
        ],
        [
            0.326,
            0.327,
            0.321,
            0.32,
            0.306,
            0.283,
            0.285,
            0.283,
            0.306
        ],
        [
            0.325,
            0.327,
            0.323,
            0.318,
            0.306,
            0.289,
            0.282,
            0.28,
            0.308
        ],
        [
            0.326,
            0.327,
            0.319,
            0.322,
            0.307,
            0.287,
            0.282,
            0.285,
            0.31
        ],
        [
            0.327,
            0.326,
            0.319,
            0.318,
            0.305,
            0.285,
            0.281,
            0.29,
            0.312
        ],
        [
            0.331,
            0.326,
            0.319,
            0.314,
            0.303,
            0.288,
            0.288,
            0.3,
            0.318
        ],
        [
            0.333,
            0.323,
            0.314,
            0.313,
            0.3,
            0.29,
            0.289,
            0.31,
            0.316
        ],
        [
            0.331,
            0.327,
            0.319,
            0.31,
            0.298,
            0.289,
            0.287,
            0.308,
            0.319
        ],
        [
            0.327,
            0.328,
            0.318,
            0.309,
            0.3,
            0.289,
            0.285,
            0.308,
            0.32
        ],
        [
            0.328,
            0.331,
            0.312,
            0.306,
            0.295,
            0.289,
            0.284,
            0.305,
            0.316
        ],
        [
            0.327,
            0.331,
            0.316,
            0.307,
            0.302,
            0.286,
            0.279,
            0.299,
            0.315
        ],
        [
            0.325,
            0.327,
            0.313,
            0.312,
            0.3,
            0.285,
            0.283,
            0.303,
            0.318
        ],
        [
            0.326,
            0.33,
            0.313,
            0.307,
            0.301,
            0.284,
            0.281,
            0.302,
            0.316
        ],
        [
            0.33,
            0.328,
            0.321,
            0.309,
            0.304,
            0.282,
            0.285,
            0.305,
            0.318
        ],
        [
            0.327,
            0.333,
            0.32,
            0.311,
            0.308,
            0.284,
            0.283,
            0.307,
            0.315
        ],
        [
            0.325,
            0.333,
            0.322,
            0.313,
            0.309,
            0.283,
            0.283,
            0.306,
            0.319
        ],
        [
            0.327,
            0.324,
            0.322,
            0.314,
            0.307,
            0.284,
            0.282,
            0.305,
            0.318
        ],
        [
            0.325,
            0.323,
            0.324,
            0.314,
            0.307,
            0.285,
            0.282,
            0.302,
            0.316
        ],
        [
            0.323,
            0.329,
            0.321,
            0.313,
            0.304,
            0.283,
            0.285,
            0.299,
            0.313
        ],
        [
            0.327,
            0.323,
            0.321,
            0.31,
            0.304,
            0.29,
            0.281,
            0.297,
            0.31
        ],
        [
            0.326,
            0.324,
            0.321,
            0.309,
            0.307,
            0.286,
            0.284,
            0.294,
            0.31
        ],
        [
            0.326,
            0.331,
            0.325,
            0.314,
            0.308,
            0.289,
            0.285,
            0.294,
            0.316
        ],
        [
            0.326,
            0.328,
            0.323,
            0.316,
            0.31,
            0.287,
            0.286,
            0.293,
            0.317
        ],
        [
            0.325,
            0.326,
            0.32,
            0.317,
            0.313,
            0.285,
            0.289,
            0.292,
            0.319
        ],
        [
            0.323,
            0.325,
            0.317,
            0.32,
            0.317,
            0.292,
            0.287,
            0.29,
            0.319
        ],
        [
            0.325,
            0.326,
            0.319,
            0.319,
            0.313,
            0.283,
            0.282,
            0.289,
            0.319
        ],
        [
            0.326,
            0.326,
            0.326,
            0.318,
            0.316,
            0.283,
            0.284,
            0.297,
            0.319
        ],
        [
            0.324,
            0.329,
            0.326,
            0.322,
            0.314,
            0.281,
            0.285,
            0.302,
            0.317
        ],
        [
            0.325,
            0.33,
            0.331,
            0.317,
            0.31,
            0.282,
            0.29,
            0.298,
            0.315
        ],
        [
            0.325,
            0.328,
            0.33,
            0.315,
            0.303,
            0.291,
            0.29,
            0.296,
            0.319
        ],
        [
            0.326,
            0.33,
            0.324,
            0.316,
            0.3,
            0.291,
            0.282,
            0.294,
            0.319
        ],
        [
            0.329,
            0.326,
            0.321,
            0.318,
            0.306,
            0.287,
            0.282,
            0.292,
            0.323
        ],
        [
            0.328,
            0.322,
            0.317,
            0.317,
            0.307,
            0.294,
            0.273,
            0.3,
            0.323
        ],
        [
            0.329,
            0.322,
            0.315,
            0.318,
            0.314,
            0.293,
            0.277,
            0.306,
            0.318
        ],
        [
            0.329,
            0.317,
            0.318,
            0.316,
            0.306,
            0.292,
            0.289,
            0.305,
            0.316
        ],
