{
    "event_type": "flower_visit",
    "event_id": "flower_1_20260410195752413866",
    "flower_id": "flower_1",
    "background_dist": 0.19,
    "start_time": 1775869071.546735,
    "end_time": 1775869072.413724,
    "num_scans": 13,
    "angles": [
        105,
        106,
        107,
        108,
        109,
        110,
        111,
        112,
        113,
        114,
        115,
        116
    ],
    "distance_series": [
        [
            0.21,
            0.177,
            0.161,
            0.176,
            0.159,
            0.139,
            0.153,
            0.177,
            0.18,
            0.193,
            0.189,
            0.192
        ],
        [
            0.197,
            0.173,
            0.16,
            0.172,
            0.166,
            0.144,
            0.152,
            0.17,
            0.171,
            0.183,
            0.189,
            0.194
        ],
        [
            0.166,
            0.176,
            0.163,
            0.171,
            0.177,
            0.153,
            0.15,
            0.162,
            0.17,
            0.178,
            0.182,
            0.193
        ],
        [
            0.17,
            0.172,
            0.169,
            0.172,
            0.18,
            0.162,
            0.155,
            0.151,
            0.163,
            0.168,
            0.183,
            0.196
        ],
        [
            0.18,
            0.181,
            0.18,
            0.177,
            0.18,
            0.166,
            0.162,
            0.152,
            0.162,
            0.16,
            0.175,
            0.187
        ],
        [
            0.193,
            0.186,
            0.183,
            0.179,
            0.178,
            0.171,
            0.169,
            0.162,
            0.17,
            0.167,
            0.174,
            0.179
        ],
        [
            0.194,
            0.184,
            0.183,
            0.182,
            0.177,
            0.177,
            0.177,
            0.17,
            0.17,
            0.169,
            0.181,
            0.184
        ],
        [
            0.193,
            0.183,
            0.182,
            0.178,
            0.178,
            0.179,
            0.178,
            0.181,
            0.183,
            0.174,
            0.185,
            0.182
        ],
        [
            0.189,
            0.185,
            0.182,
            0.176,
            0.181,
            0.18,
            0.179,
            0.181,
            0.186,
            0.186,
            0.192,
            0.188
        ],
        [
            0.19,
            0.184,
            0.184,
            0.177,
            0.18,
            0.18,
            0.18,
            0.181,
            0.188,
            0.183,
            0.192,
            0.201
        ],
        [
            0.189,
            0.187,
            0.181,
            0.176,
            0.185,
            0.183,
            0.183,
            0.179,
            0.181,
            0.187,
            0.192,
            0.205
        ],
        [
            0.232,
            0.189,
            0.183,
            0.177,
            0.181,
            0.184,
            0.185,
            0.182,
            0.178,
            0.186,
            0.186,
            0.201
        ],
        [
            0.232,
            0.19,
            0.179,
            0.178,
            0.187,
            0.185,
            0.186,
            0.188,
            0.181,
            0.184,
            0.19,
            0.201
        ]
    ],
    "timestamp": "2026-04-10T19:57:52.413958",
    "label": "not_bee"
}