{
    "event_type": "flower_visit",
    "event_id": "flower_2_20260410191453433660",
    "flower_id": "flower_2",
    "background_dist": 0.25,
    "start_time": 1775866492.3001869,
    "end_time": 1775866493.433488,
    "num_scans": 17,
    "angles": [
        171,
        172,
        173,
        174,
        175,
        176,
        177,
        178,
        179,
        180,
        181,
        182,
        183
    ],
    "distance_series": [
        [
            0.212,
            0.22,
            0.216,
            0.219,
            0.225,
            0.236,
            0.239,
            0.236,
            0.245,
            0.238,
            0.248,
            0.255,
            0.26
        ],
        [
            0.201,
            0.203,
            0.211,
            0.22,
            0.226,
            0.237,
            0.238,
            0.237,
            0.244,
            0.243,
            0.25,
            0.254,
            0.293
        ],
        [
            0.2,
            0.204,
            0.21,
            0.215,
            0.225,
            0.236,
            0.237,
            0.24,
            0.238,
            0.243,
            0.253,
            0.256,
            0.338
        ],
        [
            0.26,
            0.211,
            0.219,
            0.221,
            0.228,
            0.237,
            0.237,
            0.241,
            0.236,
            0.243,
            0.25,
            0.261,
            0.382
        ],
        [
            0.258,
            0.219,
            0.219,
            0.213,
            0.219,
            0.23,
            0.229,
            0.238,
            0.234,
            0.243,
            0.248,
            0.261,
            0.381
        ],
        [
            0.262,
            0.22,
            0.223,
            0.219,
            0.223,
            0.229,
            0.228,
            0.238,
            0.239,
            0.241,
            0.248,
            0.261,
            0.343
        ],
        [
            0.262,
            0.223,
            0.228,
            0.231,
            0.231,
            0.231,
            0.232,
            0.238,
            0.238,
            0.244,
            0.247,
            0.26,
            0.338
        ],
        [
            0.197,
            0.207,
            0.217,
            0.22,
            0.22,
            0.222,
            0.234,
            0.24,
            0.238,
            0.248,
            0.25,
            0.26,
            0.337
        ],
        [
            0.199,
            0.201,
            0.211,
            0.214,
            0.22,
            0.231,
            0.245,
            0.239,
            0.242,
            0.246,
            0.254,
            0.256,
            0.333
        ],
        [
            0.249,
            0.216,
            0.218,
            0.222,
            0.216,
            0.231,
            0.245,
            0.24,
            0.243,
            0.246,
            0.255,
            0.256,
            0.336
        ],
        [
            0.307,
            0.222,
            0.22,
            0.223,
            0.215,
            0.233,
            0.237,
            0.231,
            0.234,
            0.233,
            0.253,
            0.258,
            0.338
        ],
        [
            0.374,
            0.236,
            0.233,
            0.23,
            0.227,
            0.237,
            0.234,
            0.223,
            0.228,
            0.224,
            0.242,
            0.245,
            0.287
        ],
        [
            0.453,
            0.25,
            0.251,
            0.246,
            0.238,
            0.241,
            0.231,
            0.226,
            0.222,
            0.224,
            0.244,
            0.246,
            0.291
        ],
        [
            0.45,
            0.249,
            0.247,
            0.24,
            0.234,
            0.232,
            0.224,
            0.222,
            0.217,
            0.224,
            0.247,
            0.248,
            0.332
        ],
        [
            0.854,
            0.24,
            0.241,
            0.233,
            0.227,
            0.225,
            0.222,
            0.226,
            0.229,
            0.234,
            0.246,
            0.25,
            0.33
        ],
        [
            0.79,
            0.228,
            0.232,
            0.233,
            0.226,
            0.225,
            0.225,
            0.231,
            0.235,
            0.239,
            0.257,
            0.267,
            0.341
        ],
        [
            0.726,
            0.218,
            0.218,
            0.217,
            0.215,
            0.216,
            0.221,
            0.231,
            0.238,
            0.241,
            0.257,
            0.262,
            0.384
        ]
    ],
    "timestamp": "2026-04-10T19:14:53.433751",
    "label": "bee"
}