{
    "event_type": "flower_visit",
    "event_id": "flower_2_20260412163634420458",
    "flower_id": "flower_2",
    "background_dist": 0.32,
    "start_time": 1776029788.220067,
    "end_time": 1776029794.4202769,
    "num_scans": 93,
    "angles": [
        108,
        109,
        110,
        111,
        112,
        113,
        114,
        115,
        116
    ],
    "distance_series": [
        [
            0.326,
            0.328,
            0.318,
            0.318,
            0.32,
            0.31,
            0.293,
            0.267,
            0.263
        ],
        [
            0.325,
            0.331,
            0.322,
            0.315,
            0.321,
            0.306,
            0.289,
            0.262,
            0.258
        ],
        [
            0.325,
            0.33,
            0.318,
            0.321,
            0.322,
            0.297,
            0.288,
            0.263,
            0.265
        ],
        [
            0.325,
            0.327,
            0.32,
            0.319,
            0.318,
            0.295,
            0.288,
            0.274,
            0.278
        ],
        [
            0.325,
            0.328,
            0.325,
            0.318,
            0.316,
            0.286,
            0.283,
            0.28,
            0.285
        ],
        [
            0.327,
            0.332,
            0.322,
            0.321,
            0.318,
            0.291,
            0.283,
            0.282,
            0.286
        ],
        [
            0.328,
            0.334,
            0.318,
            0.322,
            0.315,
            0.296,
            0.282,
            0.272,
            0.276
        ],
        [
            0.329,
            0.326,
            0.319,
            0.322,
            0.323,
            0.302,
            0.277,
            0.264,
            0.263
        ],
        [
            0.329,
            0.323,
            0.319,
            0.325,
            0.319,
            0.304,
            0.274,
            0.259,
            0.259
        ],
        [
            0.33,
            0.322,
            0.321,
            0.323,
            0.319,
            0.304,
            0.282,
            0.266,
            0.264
        ],
        [
            0.332,
            0.324,
            0.322,
            0.319,
            0.321,
            0.307,
            0.285,
            0.276,
            0.272
        ],
        [
            0.33,
            0.325,
            0.323,
            0.315,
            0.317,
            0.305,
            0.285,
            0.282,
            0.277
        ],
        [
            0.33,
            0.323,
            0.322,
            0.316,
            0.317,
            0.309,
            0.288,
            0.279,
            0.276
        ],
        [
            0.328,
            0.325,
            0.322,
            0.313,
            0.315,
            0.314,
            0.282,
            0.269,
            0.268
        ],
        [
            0.327,
            0.325,
            0.325,
            0.315,
            0.315,
            0.309,
            0.27,
            0.258,
            0.262
        ],
        [
            0.327,
            0.328,
            0.32,
            0.314,
            0.31,
            0.305,
            0.266,
            0.254,
            0.256
        ],
        [
            0.327,
            0.325,
            0.322,
            0.317,
            0.312,
            0.291,
            0.267,
            0.262,
            0.259
        ],
        [
            0.326,
            0.327,
            0.321,
            0.316,
            0.309,
            0.288,
            0.278,
            0.275,
            0.272
        ],
        [
            0.328,
            0.323,
            0.321,
            0.314,
            0.308,
            0.287,
            0.284,
            0.285,
            0.283
        ],
        [
            0.326,
            0.321,
            0.323,
            0.315,
            0.318,
            0.292,
            0.286,
            0.283,
            0.282
        ],
        [
            0.328,
            0.324,
            0.318,
            0.315,
            0.315,
            0.288,
            0.28,
            0.275,
            0.275
        ],
        [
            0.327,
            0.327,
            0.32,
            0.316,
            0.31,
            0.28,
            0.267,
            0.263,
            0.265
        ],
        [
            0.327,
            0.327,
            0.32,
            0.314,
            0.308,
            0.282,
            0.263,
            0.264,
            0.265
        ],
        [
            0.325,
            0.326,
            0.314,
            0.314,
            0.308,
            0.281,
            0.27,
            0.268,
            0.269
        ],
        [
            0.323,
            0.327,
            0.315,
            0.318,
            0.304,
            0.287,
            0.279,
            0.278,
            0.278
        ],
        [
            0.325,
            0.328,
            0.318,
            0.315,
            0.303,
            0.289,
            0.283,
            0.284,
            0.285
        ],
        [
            0.323,
            0.327,
            0.321,
            0.319,
            0.313,
            0.295,
            0.284,
            0.283,
            0.284
        ],
        [
            0.324,
            0.328,
            0.32,
            0.314,
            0.31,
            0.283,
            0.275,
            0.269,
            0.276
        ],
        [
            0.326,
            0.327,
            0.322,
            0.313,
            0.301,
            0.277,
            0.268,
            0.264,
            0.266
        ],
        [
            0.33,
            0.322,
            0.327,
            0.315,
            0.292,
            0.269,
            0.267,
            0.266,
            0.28
        ],
        [
            0.328,
            0.322,
            0.324,
            0.314,
            0.293,
            0.271,
            0.269,
            0.268,
            0.281
        ],
        [
            0.328,
            0.323,
            0.324,
            0.318,
            0.296,
            0.282,
            0.282,
            0.281,
            0.288
        ],
        [
            0.326,
            0.319,
            0.32,
            0.316,
            0.31,
            0.297,
            0.291,
            0.287,
            0.3
        ],
        [
            0.325,
            0.323,
            0.319,
            0.323,
            0.318,
            0.312,
            0.298,
            0.289,
            0.285
        ],
        [
            0.325,
            0.328,
            0.319,
            0.322,
            0.31,
            0.306,
            0.294,
            0.283,
            0.278
        ],
        [
            0.325,
            0.329,
            0.323,
            0.315,
            0.303,
            0.298,
            0.284,
            0.271,
            0.267
        ],
        [
            0.327,
            0.327,
            0.32,
            0.315,
            0.292,
            0.289,
            0.28,
            0.272,
            0.278
        ],
        [
            0.327,
            0.323,
            0.319,
            0.315,
            0.294,
            0.286,
            0.276,
            0.274,
            0.283
        ],
        [
            0.329,
            0.322,
            0.32,
            0.314,
            0.297,
            0.291,
            0.285,
            0.282,
            0.294
        ],
        [
            0.327,
            0.322,
            0.315,
            0.315,
            0.309,
            0.304,
            0.301,
            0.295,
