{
    "event_type": "flower_visit",
    "event_id": "flower_2_20260412180937697548",
    "flower_id": "flower_2",
    "background_dist": 0.19,
    "start_time": 1776035375.4305081,
    "end_time": 1776035377.697383,
    "num_scans": 34,
    "angles": [
        156,
        157,
        158,
        159,
        160,
        161,
        162,
        163,
        164,
        165,
        166,
        167,
        168,
        169,
        170,
        171
    ],
    "distance_series": [
        [
            0.152,
            0.149,
            0.148,
            0.166,
            0.18,
            0.182,
            0.184,
            0.174,
            0.175,
            0.187,
            0.189,
            0.183,
            0.194,
            0.196,
            0.204,
            0.191
        ],
        [
            0.154,
            0.148,
            0.14,
            0.168,
            0.181,
            0.186,
            0.189,
            0.174,
            0.171,
            0.183,
            0.184,
            0.187,
            0.191,
            0.193,
            0.202,
            0.191
        ],
        [
            0.154,
            0.148,
            0.144,
            0.162,
            0.178,
            0.185,
            0.188,
            0.174,
            0.174,
            0.181,
            0.188,
            0.192,
            0.192,
            0.204,
            0.203,
            0.187
        ],
        [
            0.152,
            0.15,
            0.145,
            0.164,
            0.183,
            0.186,
            0.187,
            0.172,
            0.173,
            0.181,
            0.188,
            0.19,
            0.198,
            0.206,
            0.202,
            0.192
        ],
        [
            0.154,
            0.15,
            0.147,
            0.163,
            0.186,
            0.187,
            0.184,
            0.171,
            0.181,
            0.18,
            0.188,
            0.196,
            0.201,
            0.21,
            0.203,
            0.199
        ],
        [
            0.154,
            0.152,
            0.152,
            0.164,
            0.185,
            0.183,
            0.178,
            0.17,
            0.184,
            0.181,
            0.189,
            0.197,
            0.196,
            0.212,
            0.204,
            0.195
        ],
        [
            0.148,
            0.153,
            0.15,
            0.17,
            0.186,
            0.182,
            0.18,
            0.168,
            0.183,
            0.184,
            0.19,
            0.192,
            0.199,
            0.204,
            0.205,
            0.191
        ],
        [
            0.15,
            0.149,
            0.152,
            0.174,
            0.187,
            0.18,
            0.181,
            0.165,
            0.186,
            0.185,
            0.195,
            0.191,
            0.196,
            0.205,
            0.203,
            0.181
        ],
        [
            0.148,
            0.149,
            0.151,
            0.173,
            0.183,
            0.183,
            0.182,
            0.169,
            0.183,
            0.184,
            0.19,
            0.189,
            0.196,
            0.202,
            0.199,
            0.183
        ],
        [
            0.149,
            0.144,
            0.155,
            0.176,
            0.185,
            0.187,
            0.184,
            0.169,
            0.18,
            0.184,
            0.189,
            0.191,
            0.195,
            0.199,
            0.199,
            0.179
        ],
        [
            0.147,
            0.148,
            0.153,
            0.176,
            0.183,
            0.19,
            0.181,
            0.169,
            0.176,
            0.186,
            0.187,
            0.192,
            0.195,
            0.196,
            0.2,
            0.174
        ],
        [
            0.152,
            0.149,
            0.149,
            0.17,
            0.183,
            0.188,
            0.186,
            0.171,
            0.173,
            0.184,
            0.185,
            0.196,
            0.194,
            0.195,
            0.199,
            0.176
        ],
        [
            0.151,
            0.149,
            0.148,
            0.17,
            0.185,
            0.187,
            0.185,
            0.175,
            0.175,
            0.184,
            0.186,
            0.195,
            0.199,
            0.197,
            0.199,
            0.186
        ],
        [
            0.148,
            0.152,
            0.146,
            0.169,
            0.181,
            0.186,
            0.185,
            0.176,
            0.175,
            0.18,
            0.184,
            0.192,
            0.198,
            0.196,
            0.202,
            0.192
        ],
        [
            0.15,
            0.152,
            0.15,
            0.17,
            0.183,
            0.184,
            0.185,
            0.176,
            0.177,
            0.181,
            0.185,
            0.19,
            0.196,
            0.197,
            0.201,
            0.196
        ],
        [
            0.151,
            0.152,
            0.15,
            0.171,
            0.179,
            0.184,
            0.185,
            0.179,
            0.173,
            0.182,
            0.186,
            0.187,
            0.198,
            0.203,
            0.2,
            0.201
        ],
        [
            0.15,
            0.151,
            0.153,
            0.178,
            0.177,
            0.186,
            0.186,
            0.181,
            0.173,
            0.18,
            0.186,
            0.189,
            0.192,
            0.201,
            0.202,
            0.194
        ],
        [
            0.152,
            0.15,
            0.153,
            0.175,
            0.176,
            0.185,
            0.187,
            0.178,
            0.173,
            0.183,
            0.186,
            0.19,
            0.192,
            0.194,
            0.202,
            0.19
        ],
        [
            0.152,
            0.147,
            0.149,
            0.176,
            0.18,
            0.186,
            0.189,
            0.178,
            0.175,
            0.183,
            0.183,
            0.186,
            0.195,
            0.195,
            0.201,
            0.2
        ],
        [
            0.148,
            0.147,
            0.154,
            0.175,
            0.185,
            0.187,
            0.188,
            0.177,
            0.175,
            0.189,
            0.181,
            0.192,
            0.189,
            0.192,
            0.202,
            0.19
        ],
        [
            0.153,
            0.143,
            0.152,
            0.168,
            0.182,
            0.186,
            0.188,
            0.176,
            0.177,
            0.191,
            0.184,
            0.186,
            0.196,
            0.194,
            0.203,
            0.199
        ],
        [
            0.156,
            0.145,
            0.154,
            0.17,
            0.179,
            0.186,
            0.187,
            0.177,
            0.174,
            0.189,
            0.18,
            0.189,
            0.2,
            0.202,
            0.205,
            0.201
        ],
        [
            0.152,
            0.15,
            0.152,
            0.168,
            0.182,
            0.184,
            0.184,
            0.172,
            0.175,
            0.179,
            0.182,
            0.188,
            0.194,
            0.202,
            0.205,
            0.193
        ],
        [
            0.146,
            0.152,
            0.149,
            0.175,
