{
    "event_type": "flower_visit",
    "event_id": "flower_2_20260409163411476952",
    "flower_id": "flower_2",
    "background_dist": 0.42,
    "start_time": 1775770448.2781491,
    "end_time": 1775770451.476913,
    "num_scans": 48,
    "angles": [
        194,
        195,
        196,
        197,
        198,
        199,
        200
    ],
    "distance_series": [
        [
            0.386,
            0.386,
            0.375,
            0.414,
            0.419,
            0.445,
            0.55
        ],
        [
            0.384,
            0.385,
            0.378,
            0.407,
            0.418,
            0.443,
            0.543
        ],
        [
            0.387,
            0.391,
            0.381,
            0.412,
            0.418,
            0.444,
            0.544
        ],
        [
            0.387,
            0.395,
            0.386,
            0.411,
            0.417,
            0.445,
            0.547
        ],
        [
            0.387,
            0.39,
            0.392,
            0.414,
            0.422,
            0.442,
            0.547
        ],
        [
            0.389,
            0.395,
            0.398,
            0.418,
            0.419,
            0.441,
            0.548
        ],
        [
            0.39,
            0.39,
            0.401,
            0.419,
            0.416,
            0.442,
            0.548
        ],
        [
            0.395,
            0.383,
            0.404,
            0.421,
            0.417,
            0.442,
            0.552
        ],
        [
            0.398,
            0.383,
            0.402,
            0.415,
            0.413,
            0.441,
            0.555
        ],
        [
            0.404,
            0.382,
            0.409,
            0.415,
            0.417,
            0.443,
            0.556
        ],
        [
            0.41,
            0.387,
            0.41,
            0.418,
            0.42,
            0.442,
            0.557
        ],
        [
            0.412,
            0.386,
            0.407,
            0.412,
            0.421,
            0.443,
            0.553
        ],
        [
            0.411,
            0.387,
            0.401,
            0.417,
            0.42,
            0.442,
            0.551
        ],
        [
            0.409,
            0.385,
            0.402,
            0.42,
            0.418,
            0.439,
            0.551
        ],
        [
            0.409,
            0.383,
            0.402,
            0.42,
            0.42,
            0.441,
            0.55
        ],
        [
            0.406,
            0.384,
            0.407,
            0.414,
            0.418,
            0.436,
            0.549
        ],
        [
            0.407,
            0.383,
            0.414,
            0.415,
            0.419,
            0.44,
            0.555
        ],
        [
            0.404,
            0.387,
            0.409,
            0.414,
            0.419,
            0.439,
            0.552
        ],
        [
            0.397,
            0.39,
            0.41,
            0.414,
            0.417,
            0.439,
            0.554
        ],
        [
            0.396,
            0.387,
            0.413,
            0.418,
            0.417,
            0.445,
            0.551
        ],
        [
            0.396,
            0.39,
            0.413,
            0.413,
            0.418,
            0.448,
            0.547
        ],
        [
            0.389,
            0.387,
            0.408,
            0.416,
            0.418,
            0.452,
            0.549
        ],
        [
            0.39,
            0.385,
            0.409,
            0.416,
            0.417,
            0.453,
            0.549
        ],
        [
            0.389,
            0.386,
            0.409,
            0.421,
            0.416,
            0.452,
            0.553
        ],
        [
            0.393,
            0.383,
            0.408,
            0.417,
            0.417,
            0.448,
            0.55
        ],
        [
            0.392,
            0.392,
            0.409,
            0.415,
            0.419,
            0.446,
            0.55
        ],
        [
            0.39,
            0.396,
            0.41,
            0.414,
            0.417,
            0.446,
            0.551
        ],
        [
            0.388,
            0.396,
            0.41,
            0.411,
            0.417,
            0.446,
            0.552
        ],
        [
            0.389,
            0.397,
            0.41,
            0.415,
            0.415,
            0.445,
            0.554
        ],
        [
            0.384,
            0.397,
            0.407,
            0.414,
            0.414,
            0.445,
            0.553
        ],
        [
            0.385,
            0.395,
            0.405,
            0.412,
            0.417,
            0.439,
            0.552
        ],
        [
            0.385,
            0.391,
            0.398,
            0.414,
            0.416,
            0.437,
            0.551
        ],
        [
            0.386,
            0.395,
            0.4,
            0.412,
            0.413,
            0.438,
            0.553
        ],
        [
            0.387,
            0.394,
            0.409,
            0.411,
            0.414,
            0.44,
            0.556
        ],
        [
            0.386,
            0.393,
            0.409,
            0.411,
            0.414,
            0.446,
            0.556
        ],
        [
            0.386,
            0.394,
            0.408,
            0.41,
            0.414,
            0.444,
            0.558
        ],
        [
            0.386,
            0.384,
            0.408,
            0.418,
            0.419,
            0.44,
            0.555
        ],
        [
            0.389,
            0.383,
            0.413,
            0.418,
            0.418,
            0.44,
            0.55
        ],
        [
            0.391,
            0.379,
            0.41,
            0.417,
            0.418,
            0.436,
            0.553
        ],
        [
            0.396,
            0.379,
            0.415,
            0.419,
            0.42,
            0.44,
            0.552
        ],
        [
            0.398,
            0.389,
            0.416,
            0.418,
            0.42,
            0.446,
            0.551
        ],
        [
            0.413,
            0.39,
            0.415,
            0.418,
            0.42,
            0.445,
            0.554
        ],
        [
            0.429,
            0.397,
            0.418,
            0.417,
            0.421,
            0.448,
            0.555
        ],
        [
            0.44,
            0.396,
            0.418,
            0.416,
            0.418,
            0.446,
            0.556
        ],
        [
            0.454,
            0.398,
            0.416,
            0.415,
            0.421,
            0.445,
            0.558
        ],
        [
            0.463,
            0.403,
            0.416,
            0.416,
            0.42,
            0.445,
            0.558
        ],
        [
            0.463,
            0.402,
            0.416,
            0.415,
            0.421,
            0.443,
            0.558
        ],
        [
            0.469,
            0.404,
            0.416,
            0.418,
            0.423,
            0.443,
            0.555
        ]
    ],
    "timestamp": "2026-04-09T16:34:11.477000",
    "label": "bee"
}