{
    "event_type": "flower_visit",
    "event_id": "flower_1_20260409162758081806",
    "flower_id": "flower_1",
    "background_dist": 0.17,
    "start_time": 1775770077.015556,
    "end_time": 1775770078.081666,
    "num_scans": 16,
    "angles": [
        128,
        129,
        130,
        131,
        132,
        133,
        134,
        135,
        136,
        137,
        138,
        139,
        140,
        141,
        142,
        143,
        144,
        145,
        146
    ],
    "distance_series": [
        [
            0.207,
            0.17,
            0.15,
            0.147,
            0.145,
            0.143,
            0.143,
            0.137,
            0.143,
            0.14,
            0.147,
            0.13,
            0.115,
            0.107,
            0.111,
            0.184,
            0.232,
            0.299,
            0.347
        ],
        [
            0.206,
            0.171,
            0.149,
            0.146,
            0.145,
            0.143,
            0.141,
            0.142,
            0.142,
            0.141,
            0.144,
            0.13,
            0.118,
            0.109,
            0.105,
            0.18,
            0.237,
            0.302,
            0.35
        ],
        [
            0.204,
            0.168,
            0.152,
            0.15,
            0.143,
            0.145,
            0.142,
            0.143,
            0.144,
            0.142,
            0.141,
            0.128,
            0.119,
            0.108,
            0.115,
            0.19,
            0.242,
            0.299,
            0.35
        ],
        [
            0.205,
            0.168,
            0.152,
            0.146,
            0.144,
            0.146,
            0.145,
            0.143,
            0.145,
            0.145,
            0.138,
            0.12,
            0.117,
            0.114,
            0.132,
            0.2,
            0.255,
            0.293,
            0.349
        ],
        [
            0.204,
            0.169,
            0.154,
            0.149,
            0.147,
            0.149,
            0.147,
            0.145,
            0.144,
            0.145,
            0.138,
            0.122,
            0.116,
            0.121,
            0.136,
            0.213,
            0.258,
            0.29,
            0.346
        ],
        [
            0.207,
            0.166,
            0.157,
            0.148,
            0.148,
            0.151,
            0.147,
            0.143,
            0.146,
            0.146,
            0.134,
            0.123,
            0.12,
            0.131,
            0.146,
            0.221,
            0.256,
            0.285,
            0.342
        ],
        [
            0.21,
            0.171,
            0.156,
            0.15,
            0.148,
            0.149,
            0.145,
            0.144,
            0.146,
            0.145,
            0.134,
            0.13,
            0.132,
            0.145,
            0.15,
            0.221,
            0.253,
            0.284,
            0.34
        ],
        [
            0.21,
            0.171,
            0.153,
            0.149,
            0.146,
            0.148,
            0.146,
            0.143,
            0.149,
            0.143,
            0.139,
            0.137,
            0.129,
            0.15,
            0.148,
            0.227,
            0.252,
            0.288,
            0.337
        ],
        [
            0.208,
            0.171,
            0.154,
            0.147,
            0.147,
            0.146,
            0.145,
            0.144,
            0.149,
            0.145,
            0.141,
            0.143,
            0.137,
            0.15,
            0.155,
            0.229,
            0.252,
            0.288,
            0.336
        ],
        [
            0.207,
            0.171,
            0.151,
            0.148,
            0.145,
            0.146,
            0.147,
            0.145,
            0.148,
            0.146,
            0.143,
            0.142,
            0.139,
            0.146,
            0.156,
            0.228,
            0.256,
            0.291,
            0.338
        ],
        [
            0.202,
            0.171,
            0.152,
            0.143,
            0.147,
            0.146,
            0.147,
            0.145,
            0.143,
            0.143,
            0.147,
            0.143,
            0.145,
            0.142,
            0.151,
            0.231,
            0.258,
            0.292,
            0.339
        ],
        [
            0.203,
            0.173,
            0.151,
            0.143,
            0.148,
            0.145,
            0.145,
            0.148,
            0.142,
            0.143,
            0.145,
            0.144,
            0.147,
            0.137,
            0.153,
            0.227,
            0.255,
            0.291,
            0.341
        ],
        [
            0.203,
            0.169,
            0.151,
            0.144,
            0.149,
            0.143,
            0.145,
            0.149,
            0.141,
            0.146,
            0.145,
            0.143,
            0.149,
            0.137,
            0.152,
            0.226,
            0.258,
            0.292,
            0.343
        ],
        [
            0.202,
            0.169,
            0.15,
            0.147,
            0.148,
            0.143,
            0.147,
            0.148,
            0.141,
            0.148,
            0.141,
            0.141,
            0.151,
            0.141,
            0.149,
            0.225,
            0.255,
            0.291,
            0.34
        ],
        [
            0.205,
            0.168,
            0.147,
            0.147,
            0.143,
            0.145,
            0.145,
            0.148,
            0.143,
            0.148,
            0.142,
            0.144,
            0.145,
            0.143,
            0.151,
            0.223,
            0.254,
            0.289,
            0.338
        ],
        [
            0.204,
            0.165,
            0.146,
            0.149,
            0.144,
            0.147,
            0.145,
            0.145,
            0.146,
            0.144,
            0.141,
            0.142,
            0.147,
            0.145,
            0.151,
            0.223,
            0.251,
            0.29,
            0.337
        ]
    ],
    "timestamp": "2026-04-09T16:27:58.081896",
    "label": "bee"
}