{
    "event_type": "flower_visit",
    "event_id": "flower_2_20260410191440900309",
    "flower_id": "flower_2",
    "background_dist": 0.25,
    "start_time": 1775866479.834152,
    "end_time": 1775866480.9002612,
    "num_scans": 16,
    "angles": [
        171,
        172,
        173,
        174,
        175,
        176,
        177,
        178,
        179,
        180,
        181,
        182,
        183
    ],
    "distance_series": [
        [
            0.381,
            0.236,
            0.225,
            0.214,
            0.213,
            0.219,
            0.231,
            0.23,
            0.236,
            0.238,
            0.244,
            0.259,
            0.299
        ],
        [
            0.323,
            0.217,
            0.214,
            0.203,
            0.202,
            0.222,
            0.234,
            0.23,
            0.237,
            0.241,
            0.242,
            0.261,
            0.329
        ],
        [
            0.244,
            0.201,
            0.208,
            0.204,
            0.214,
            0.227,
            0.236,
            0.234,
            0.238,
            0.241,
            0.243,
            0.254,
            0.329
        ],
        [
            0.233,
            0.193,
            0.199,
            0.196,
            0.204,
            0.216,
            0.222,
            0.225,
            0.238,
            0.24,
            0.243,
            0.255,
            0.291
        ],
        [
            0.181,
            0.18,
            0.185,
            0.194,
            0.215,
            0.216,
            0.228,
            0.227,
            0.243,
            0.245,
            0.244,
            0.256,
            0.291
        ],
        [
            0.181,
            0.18,
            0.181,
            0.193,
            0.212,
            0.215,
            0.229,
            0.232,
            0.244,
            0.245,
            0.247,
            0.255,
            0.299
        ],
        [
            0.271,
            0.196,
            0.192,
            0.199,
            0.212,
            0.219,
            0.225,
            0.232,
            0.242,
            0.242,
            0.246,
            0.255,
            0.253
        ],
        [
            0.336,
            0.213,
            0.21,
            0.212,
            0.217,
            0.228,
            0.227,
            0.234,
            0.244,
            0.248,
            0.246,
            0.255,
            0.279
        ],
        [
            0.407,
            0.234,
            0.234,
            0.221,
            0.216,
            0.222,
            0.227,
            0.229,
            0.231,
            0.236,
            0.235,
            0.244,
            0.27
        ],
        [
            0.472,
            0.248,
            0.248,
            0.232,
            0.226,
            0.224,
            0.222,
            0.226,
            0.227,
            0.229,
            0.238,
            0.245,
            0.255
        ],
        [
            0.452,
            0.248,
            0.252,
            0.231,
            0.221,
            0.223,
            0.215,
            0.222,
            0.231,
            0.228,
            0.239,
            0.246,
            0.277
        ],
        [
            0.456,
            0.247,
            0.246,
            0.233,
            0.232,
            0.228,
            0.221,
            0.226,
            0.229,
            0.225,
            0.245,
            0.243,
            0.315
        ],
        [
            0.445,
            0.246,
            0.243,
            0.232,
            0.232,
            0.233,
            0.223,
            0.234,
            0.237,
            0.235,
            0.256,
            0.26,
            0.365
        ],
        [
            0.446,
            0.247,
            0.241,
            0.233,
            0.232,
            0.23,
            0.225,
            0.233,
            0.243,
            0.241,
            0.258,
            0.258,
            0.402
        ],
        [
            0.45,
            0.251,
            0.24,
            0.24,
            0.236,
            0.238,
            0.233,
            0.238,
            0.241,
            0.247,
            0.258,
            0.26,
            0.403
        ],
        [
            0.449,
            0.257,
            0.24,
            0.235,
            0.239,
            0.236,
            0.234,
            0.24,
            0.238,
            0.248,
            0.258,
            0.262,
            0.367
        ]
    ],
    "timestamp": "2026-04-10T19:14:40.900354",
    "label": "bee"
}