{
    "event_type": "flower_visit",
    "event_id": "flower_1_20260410190802305078",
    "flower_id": "flower_1",
    "background_dist": 0.38,
    "start_time": 1775866078.238527,
    "end_time": 1775866082.304941,
    "num_scans": 61,
    "angles": [
        128,
        129,
        130,
        131,
        132,
        133,
        134
    ],
    "distance_series": [
        [
            0.385,
            0.383,
            0.372,
            0.369,
            0.35,
            0.333,
            0.328
        ],
        [
            0.422,
            0.383,
            0.374,
            0.365,
            0.351,
            0.337,
            0.339
        ],
        [
            0.425,
            0.389,
            0.37,
            0.348,
            0.338,
            0.333,
            0.335
        ],
        [
            0.424,
            0.382,
            0.367,
            0.351,
            0.341,
            0.345,
            0.342
        ],
        [
            0.458,
            0.383,
            0.367,
            0.35,
            0.342,
            0.345,
            0.339
        ],
        [
            0.459,
            0.381,
            0.368,
            0.358,
            0.338,
            0.335,
            0.33
        ],
        [
            0.457,
            0.382,
            0.371,
            0.369,
            0.344,
            0.332,
            0.324
        ],
        [
            0.458,
            0.388,
            0.377,
            0.367,
            0.343,
            0.327,
            0.329
        ],
        [
            0.463,
            0.381,
            0.377,
            0.363,
            0.345,
            0.323,
            0.327
        ],
        [
            0.461,
            0.374,
            0.373,
            0.356,
            0.339,
            0.326,
            0.327
        ],
        [
            0.463,
            0.38,
            0.376,
            0.357,
            0.332,
            0.333,
            0.337
        ],
        [
            0.505,
            0.383,
            0.375,
            0.35,
            0.333,
            0.338,
            0.325
        ],
        [
            0.504,
            0.386,
            0.376,
            0.359,
            0.336,
            0.339,
            0.329
        ],
        [
            0.464,
            0.391,
            0.379,
            0.365,
            0.345,
            0.343,
            0.335
        ],
        [
            0.464,
            0.391,
            0.375,
            0.37,
            0.353,
            0.335,
            0.331
        ],
        [
            0.455,
            0.389,
            0.369,
            0.375,
            0.352,
            0.34,
            0.346
        ],
        [
            0.456,
            0.383,
            0.363,
            0.361,
            0.347,
            0.344,
            0.358
        ],
        [
            0.499,
            0.384,
            0.362,
            0.352,
            0.345,
            0.349,
            0.367
        ],
        [
            0.529,
            0.369,
            0.355,
            0.339,
            0.344,
            0.351,
            0.379
        ],
        [
            0.542,
            0.365,
            0.339,
            0.333,
            0.348,
            0.347,
            0.371
        ],
        [
            0.541,
            0.368,
            0.354,
            0.341,
            0.346,
            0.344,
            0.364
        ],
        [
            0.5,
            0.367,
            0.352,
            0.349,
            0.348,
            0.339,
            0.359
        ],
        [
            0.467,
            0.378,
            0.36,
            0.36,
            0.348,
            0.343,
            0.351
        ],
        [
            0.424,
            0.373,
            0.369,
            0.365,
            0.349,
            0.354,
            0.36
        ],
        [
            0.428,
            0.364,
            0.355,
            0.357,
            0.354,
            0.36,
            0.367
        ],
        [
            0.468,
            0.35,
            0.354,
            0.358,
            0.355,
            0.365,
            0.375
        ],
        [
            0.499,
            0.339,
            0.348,
            0.357,
            0.362,
            0.374,
            0.378
        ],
        [
            0.484,
            0.33,
            0.339,
            0.351,
            0.362,
            0.369,
            0.381
        ],
        [
            0.435,
            0.335,
            0.345,
            0.348,
            0.359,
            0.372,
            0.379
        ],
        [
            0.438,
            0.349,
            0.346,
            0.343,
            0.35,
            0.366,
            0.38
        ],
        [
            0.442,
            0.36,
            0.346,
            0.335,
            0.344,
            0.364,
            0.383
        ],
        [
            0.459,
            0.365,
            0.347,
            0.34,
            0.354,
            0.367,
            0.383
        ],
        [
            0.463,
            0.366,
            0.341,
            0.343,
            0.358,
            0.367,
            0.381
        ],
        [
            0.465,
            0.355,
            0.35,
            0.35,
            0.363,
            0.377,
            0.382
        ],
        [
            0.416,
            0.346,
            0.353,
            0.356,
            0.37,
            0.38,
            0.383
        ],
        [
            0.406,
            0.34,
            0.351,
            0.366,
            0.375,
            0.38,
            0.379
        ],
        [
            0.403,
            0.344,
            0.352,
            0.362,
            0.371,
            0.378,
            0.379
        ],
        [
            0.358,
            0.354,
            0.355,
            0.356,
            0.366,
            0.371,
            0.373
        ],
        [
            0.374,
            0.368,
            0.354,
            0.354,
            0.352,
            0.375,
            0.377
        ],
        [
            0.413,
            0.371,
            0.351,
            0.349,
            0.347,
            0.373,
            0.374
        ],
        [
            0.454,
            0.37,
            0.353,
            0.346,
            0.347,
            0.365,
            0.371
        ],
        [
            0.446,
            0.363,
            0.349,
            0.356,
            0.351,
            0.365,
            0.376
        ],
        [
            0.429,
            0.357,
            0.35,
            0.358,
            0.369,
            0.368,
            0.37
        ],
        [
            0.39,
            0.345,
            0.357,
            0.367,
            0.371,
            0.369,
            0.376
        ],
        [
            0.355,
            0.342,
            0.356,
            0.366,
            0.37,
            0.37,
            0.384
        ],
        [
            0.364,
            0.348,
            0.352,
            0.36,
            0.366,
            0.373,
            0.381
        ],
        [
            0.418,
            0.367,
            0.357,
            0.359,
            0.361,
            0.371,
            0.385
        ],
        [
            0.419,
            0.369,
            0.351,
            0.349,
            0.358,
            0.372,
            0.385
        ],
        [
            0.416,
            0.371,
            0.351,
            0.355,
            0.358,
            0.372,
            0.385
        ],
        [
            0.406,
            0.364,
            0.357,
            0.362,
            0.369,
            0.37,
            0.387
        ],
        [
