{
    "event_type": "flower_visit",
    "event_id": "flower_1_20260409152421457597",
    "flower_id": "flower_1",
    "background_dist": 0.2,
    "start_time": 1775766259.323276,
    "end_time": 1775766261.4574552,
    "num_scans": 32,
    "angles": [
        92,
        93,
        94,
        95,
        96,
        97,
        98,
        99,
        100,
        101,
        102,
        103,
        104
    ],
    "distance_series": [
        [
            0.169,
            0.17,
            0.169,
            0.162,
            0.163,
            0.174,
            0.176,
            0.169,
            0.169,
            0.164,
            0.179,
            0.2,
            0.206
        ],
        [
            0.173,
            0.172,
            0.172,
            0.16,
            0.159,
            0.173,
            0.173,
            0.172,
            0.171,
            0.162,
            0.17,
            0.195,
            0.211
        ],
        [
            0.175,
            0.176,
            0.168,
            0.161,
            0.158,
            0.17,
            0.171,
            0.172,
            0.179,
            0.174,
            0.17,
            0.194,
            0.213
        ],
        [
            0.172,
            0.167,
            0.167,
            0.16,
            0.16,
            0.171,
            0.168,
            0.174,
            0.184,
            0.182,
            0.176,
            0.189,
            0.213
        ],
        [
            1.838,
            0.166,
            0.164,
            0.162,
            0.158,
            0.168,
            0.172,
            0.172,
            0.184,
            0.187,
            0.182,
            0.191,
            0.208
        ],
        [
            3.527,
            0.174,
            0.167,
            0.166,
            0.158,
            0.164,
            0.174,
            0.17,
            0.181,
            0.184,
            0.183,
            0.192,
            0.203
        ],
        [
            5.202,
            0.178,
            0.174,
            0.175,
            0.165,
            0.165,
            0.176,
            0.176,
            0.175,
            0.178,
            0.187,
            0.19,
            0.204
        ],
        [
            6.893,
            0.182,
            0.181,
            0.181,
            0.176,
            0.175,
            0.187,
            0.181,
            0.169,
            0.169,
            0.185,
            0.196,
            0.205
        ],
        [
            6.91,
            0.19,
            0.194,
            0.186,
            0.188,
            0.179,
            0.195,
            0.192,
            0.159,
            0.163,
            0.187,
            0.199,
            0.205
        ],
        [
            6.899,
            0.194,
            0.199,
            0.194,
            0.196,
            0.191,
            0.202,
            0.187,
            0.155,
            0.159,
            0.182,
            0.203,
            0.208
        ],
        [
            6.898,
            0.196,
            0.203,
            0.195,
            0.197,
            0.2,
            0.202,
            0.179,
            0.157,
            0.158,
            0.186,
            0.205,
            0.211
        ],
        [
            6.9,
            0.196,
            0.203,
            0.2,
            0.196,
            0.197,
            0.199,
            0.177,
            0.158,
            0.169,
            0.188,
            0.204,
            0.208
        ],
        [
            6.9,
            0.195,
            0.198,
            0.202,
            0.198,
            0.197,
            0.196,
            0.168,
            0.159,
            0.177,
            0.188,
            0.195,
            0.209
        ],
        [
            6.898,
            0.191,
            0.192,
            0.202,
            0.196,
            0.193,
            0.186,
            0.159,
            0.159,
            0.191,
            0.194,
            0.191,
            0.203
        ],
        [
            5.212,
            0.182,
            0.192,
            0.205,
            0.19,
            0.185,
            0.178,
            0.162,
            0.168,
            0.197,
            0.196,
            0.194,
            0.199
        ],
        [
            3.527,
            0.185,
            0.19,
            0.202,
            0.191,
            0.177,
            0.169,
            0.159,
            0.18,
            0.197,
            0.197,
            0.198,
            0.2
        ],
        [
            1.835,
            0.184,
            0.192,
            0.203,
            0.186,
            0.171,
            0.163,
            0.16,
            0.183,
            0.201,
            0.195,
            0.2,
            0.194
        ],
        [
            1.834,
            0.183,
            0.186,
            0.195,
            0.177,
            0.171,
            0.167,
            0.164,
            0.183,
            0.196,
            0.192,
            0.199,
            0.2
        ],
        [
            3.526,
            0.185,
            0.188,
            0.19,
            0.17,
            0.17,
            0.164,
            0.164,
            0.171,
            0.189,
            0.183,
            0.191,
            0.198
        ],
        [
            5.213,
            0.191,
            0.193,
            0.189,
            0.169,
            0.17,
            0.164,
            0.165,
            0.165,
            0.184,
            0.173,
            0.178,
            0.186
        ],
        [
            6.899,
            0.193,
            0.197,
            0.19,
            0.173,
            0.168,
            0.168,
            0.172,
            0.163,
            0.178,
            0.166,
            0.169,
            0.181
        ],
        [
            6.9,
            0.2,
            0.202,
            0.201,
            0.174,
            0.162,
            0.169,
            0.177,
            0.164,
            0.175,
            0.165,
            0.162,
            0.177
        ],
        [
            6.902,
            0.2,
            0.202,
            0.204,
            0.175,
            0.164,
            0.166,
            0.181,
            0.176,
            0.175,
            0.167,
            0.162,
            0.175
        ],
        [
            6.902,
            0.202,
            0.196,
            0.198,
            0.167,
            0.161,
            0.164,
            0.179,
            0.176,
            0.176,
            0.168,
            0.165,
            0.184
        ],
        [
            5.215,
            0.199,
            0.192,
            0.2,
            0.174,
            0.17,
            0.172,
            0.18,
            0.184,
            0.181,
            0.177,
            0.173,
            0.187
        ],
        [
            3.557,
            0.195,
            0.193,
            0.202,
            0.182,
            0.178,
            0.176,
            0.183,
            0.188,
            0.185,
            0.182,
            0.18,
            0.198
        ],
        [
            3.526,
            0.198,
            0.198,
            0.202,
            0.191,
            0.187,
            0.185,
            0.189,
            0.192,
            0.193,
            0.192,
            0.19,
            0.208
        ],
        [
            3.527,
            0.197,
            0.205,
            0.208,
            0.199,
            0.196,
            0.196,
            0.202,
            0.195,
            0.199,
            0.199,
            0.196,
            0.208
        ],
        [
            3.539,
            0.198,
            0.208,
            0.204,
            0.196,
            0.2,
