{
    "event_type": "flower_visit",
    "event_id": "flower_2_20260410195432347636",
    "flower_id": "flower_2",
    "background_dist": 0.28,
    "start_time": 1775868870.0128791,
    "end_time": 1775868872.347475,
    "num_scans": 35,
    "angles": [
        144,
        145,
        146,
        147,
        148,
        149,
        150,
        151,
        152,
        153
    ],
    "distance_series": [
        [
            0.295,
            0.286,
            0.25,
            0.241,
            0.238,
            0.256,
            0.27,
            0.275,
            0.275,
            0.287
        ],
        [
            0.297,
            0.286,
            0.253,
            0.241,
            0.248,
            0.26,
            0.273,
            0.268,
            0.273,
            0.286
        ],
        [
            0.295,
            0.282,
            0.252,
            0.241,
            0.246,
            0.259,
            0.276,
            0.269,
            0.271,
            0.289
        ],
        [
            0.298,
            0.282,
            0.254,
            0.236,
            0.246,
            0.261,
            0.275,
            0.27,
            0.276,
            0.287
        ],
        [
            0.301,
            0.282,
            0.259,
            0.238,
            0.246,
            0.252,
            0.275,
            0.268,
            0.276,
            0.292
        ],
        [
            0.3,
            0.282,
            0.258,
            0.237,
            0.239,
            0.255,
            0.276,
            0.27,
            0.276,
            0.291
        ],
        [
            0.302,
            0.29,
            0.262,
            0.239,
            0.236,
            0.251,
            0.275,
            0.269,
            0.27,
            0.289
        ],
        [
            0.3,
            0.292,
            0.265,
            0.246,
            0.239,
            0.249,
            0.275,
            0.272,
            0.272,
            0.289
        ],
        [
            0.296,
            0.291,
            0.262,
            0.249,
            0.24,
            0.251,
            0.274,
            0.272,
            0.265,
            0.293
        ],
        [
            0.297,
            0.287,
            0.264,
            0.248,
            0.242,
            0.256,
            0.272,
            0.272,
            0.265,
            0.294
        ],
        [
            0.295,
            0.283,
            0.262,
            0.251,
            0.248,
            0.256,
            0.271,
            0.269,
            0.271,
            0.29
        ],
        [
            0.295,
            0.281,
            0.262,
            0.252,
            0.243,
            0.255,
            0.273,
            0.272,
            0.271,
            0.29
        ],
        [
            0.296,
            0.28,
            0.265,
            0.249,
            0.24,
            0.254,
            0.269,
            0.27,
            0.271,
            0.284
        ],
        [
            0.3,
            0.283,
            0.268,
            0.237,
            0.247,
            0.256,
            0.268,
            0.27,
            0.269,
            0.284
        ],
        [
            0.301,
            0.284,
            0.266,
            0.24,
            0.244,
            0.252,
            0.27,
            0.27,
            0.267,
            0.283
        ],
        [
            0.299,
            0.287,
            0.263,
            0.233,
            0.246,
            0.253,
            0.268,
            0.27,
            0.271,
            0.283
        ],
        [
            0.297,
            0.29,
            0.261,
            0.238,
            0.245,
            0.253,
            0.266,
            0.274,
            0.271,
            0.285
        ],
        [
            0.294,
            0.291,
            0.255,
            0.244,
            0.243,
            0.249,
            0.267,
            0.27,
            0.27,
            0.282
        ],
        [
            0.293,
            0.288,
            0.253,
            0.248,
            0.243,
            0.254,
            0.268,
            0.274,
            0.272,
            0.286
        ],
        [
            0.294,
            0.287,
            0.255,
            0.243,
            0.238,
            0.256,
            0.266,
            0.269,
            0.272,
            0.29
        ],
        [
            0.293,
            0.283,
            0.26,
            0.243,
            0.24,
            0.256,
            0.267,
            0.267,
            0.27,
            0.286
        ],
        [
            0.293,
            0.281,
            0.262,
            0.244,
            0.237,
            0.254,
            0.271,
            0.272,
            0.272,
            0.283
        ],
        [
            0.292,
            0.28,
            0.264,
            0.239,
            0.237,
            0.255,
            0.271,
            0.272,
            0.277,
            0.285
        ],
        [
            0.291,
            0.28,
            0.26,
            0.238,
            0.241,
            0.253,
            0.272,
            0.272,
            0.277,
            0.285
        ],
        [
            0.293,
            0.279,
            0.254,
            0.239,
            0.239,
            0.256,
            0.272,
            0.272,
            0.278,
            0.284
        ],
        [
            0.295,
            0.285,
            0.254,
            0.243,
            0.242,
            0.261,
            0.273,
            0.267,
            0.275,
            0.284
        ],
        [
            0.289,
            0.275,
            0.252,
            0.244,
            0.246,
            0.265,
            0.274,
            0.27,
            0.271,
            0.283
        ],
        [
            0.274,
            0.266,
            0.254,
            0.251,
            0.257,
            0.269,
            0.28,
            0.271,
            0.273,
            0.287
        ],
        [
            0.26,
            0.259,
            0.252,
            0.254,
            0.262,
            0.272,
            0.281,
            0.276,
            0.272,
            0.291
        ],
        [
            0.258,
            0.26,
            0.257,
            0.26,
            0.269,
            0.271,
            0.282,
            0.277,
            0.271,
            0.292
        ],
        [
            0.267,
            0.269,
            0.268,
            0.269,
            0.273,
            0.277,
            0.284,
            0.277,
            0.273,
            0.292
        ],
        [
            0.281,
            0.277,
            0.272,
            0.274,
            0.276,
            0.278,
            0.282,
            0.278,
            0.272,
            0.293
        ],
        [
            0.293,
            0.291,
            0.278,
            0.274,
            0.277,
            0.277,
            0.28,
            0.275,
            0.266,
            0.288
        ],
        [
            0.294,
            0.286,
            0.28,
            0.271,
            0.28,
            0.279,
            0.283,
            0.276,
            0.266,
            0.285
        ],
        [
            0.294,
            0.294,
            0.279,
            0.272,
            0.282,
            0.279,
            0.281,
            0.279,
            0.267,
            0.284
        ]
    ],
    "timestamp": "2026-04-10T19:54:32.347726",
    "label": "not_bee"
}