{
    "event_type": "flower_visit",
    "event_id": "flower_1_20260410195744213845",
    "flower_id": "flower_1",
    "background_dist": 0.19,
    "start_time": 1775869063.413381,
    "end_time": 1775869064.213705,
    "num_scans": 12,
    "angles": [
        105,
        106,
        107,
        108,
        109,
        110,
        111,
        112,
        113,
        114,
        115,
        116
    ],
    "distance_series": [
        [
            0.187,
            0.19,
            0.143,
            0.124,
            0.156,
            0.177,
            0.178,
            0.176,
            0.181,
            0.187,
            0.187,
            0.186
        ],
        [
            0.186,
            0.188,
            0.144,
            0.127,
            0.163,
            0.175,
            0.175,
            0.178,
            0.182,
            0.186,
            0.189,
            0.191
        ],
        [
            0.179,
            0.172,
            0.148,
            0.14,
            0.172,
            0.178,
            0.176,
            0.182,
            0.183,
            0.183,
            0.189,
            0.194
        ],
        [
            0.172,
            0.162,
            0.153,
            0.155,
            0.18,
            0.175,
            0.176,
            0.189,
            0.183,
            0.183,
            0.193,
            0.193
        ],
        [
            0.16,
            0.16,
            0.165,
            0.166,
            0.178,
            0.178,
            0.176,
            0.185,
            0.186,
            0.187,
            0.197,
            0.196
        ],
        [
            0.161,
            0.168,
            0.176,
            0.176,
            0.183,
            0.184,
            0.177,
            0.183,
            0.188,
            0.184,
            0.197,
            0.198
        ],
        [
            0.174,
            0.181,
            0.186,
            0.181,
            0.183,
            0.185,
            0.178,
            0.185,
            0.185,
            0.184,
            0.203,
            0.194
        ],
        [
            0.182,
            0.189,
            0.181,
            0.18,
            0.179,
            0.186,
            0.185,
            0.183,
            0.189,
            0.184,
            0.199,
            0.197
        ],
        [
            0.192,
            0.191,
            0.19,
            0.182,
            0.179,
            0.188,
            0.185,
            0.182,
            0.187,
            0.184,
            0.201,
            0.196
        ],
        [
            0.192,
            0.191,
            0.185,
            0.183,
            0.176,
            0.184,
            0.183,
            0.183,
            0.187,
            0.183,
            0.203,
            0.204
        ],
        [
            0.188,
            0.189,
            0.186,
            0.184,
            0.179,
            0.184,
            0.184,
            0.19,
            0.187,
            0.186,
            0.196,
            0.202
        ],
        [
            0.187,
            0.189,
            0.184,
            0.183,
            0.188,
            0.188,
            0.187,
            0.188,
            0.185,
            0.183,
            0.194,
            0.205
        ]
    ],
    "timestamp": "2026-04-10T19:57:44.213933",
    "label": "not_bee"
}