{
    "event_type": "flower_visit",
    "event_id": "flower_1_20260401172935103715",
    "flower_id": "flower_1",
    "background_dist": 0.2,
    "start_time": 1775082572.569812,
    "end_time": 1775082575.103571,
    "num_scans": 38,
    "angles": [
        132,
        133,
        134,
        135,
        136,
        137,
        138
    ],
    "distance_series": [
        [
            0.167,
            0.153,
            0.155,
            0.156,
            0.151,
            0.152,
            0.153
        ],
        [
            0.163,
            0.152,
            0.15,
            0.153,
            0.15,
            0.156,
            0.155
        ],
        [
            0.159,
            0.154,
            0.147,
            0.149,
            0.151,
            0.163,
            0.16
        ],
        [
            0.159,
            0.154,
            0.148,
            0.152,
            0.165,
            0.181,
            0.175
        ],
        [
            0.16,
            0.155,
            0.148,
            0.165,
            0.176,
            0.201,
            0.195
        ],
        [
            0.158,
            0.154,
            0.155,
            0.175,
            0.196,
            0.211,
            0.208
        ],
        [
            0.152,
            0.149,
            0.164,
            0.193,
            0.213,
            0.225,
            0.223
        ],
        [
            0.15,
            0.15,
            0.172,
            0.204,
            0.214,
            0.224,
            0.225
        ],
        [
            0.151,
            0.154,
            0.179,
            0.209,
            0.218,
            0.219,
            0.227
        ],
        [
            0.152,
            0.152,
            0.177,
            0.213,
            0.221,
            0.216,
            0.229
        ],
        [
            0.156,
            0.154,
            0.173,
            0.203,
            0.22,
            0.216,
            0.23
        ],
        [
            0.165,
            0.158,
            0.167,
            0.194,
            0.219,
            0.209,
            0.225
        ],
        [
            0.17,
            0.157,
            0.163,
            0.186,
            0.215,
            0.216,
            0.22
        ],
        [
            0.176,
            0.157,
            0.16,
            0.183,
            0.211,
            0.215,
            0.22
        ],
        [
            0.178,
            0.166,
            0.159,
            0.184,
            0.206,
            0.214,
            0.215
        ],
        [
            0.171,
            0.164,
            0.161,
            0.188,
            0.209,
            0.22,
            0.222
        ],
        [
            0.172,
            0.159,
            0.161,
            0.196,
            0.21,
            0.22,
            0.222
        ],
        [
            0.176,
            0.16,
            0.16,
            0.203,
            0.214,
            0.223,
            0.228
        ],
        [
            0.179,
            0.158,
            0.165,
            0.208,
            0.221,
            0.22,
            0.225
        ],
        [
            0.18,
            0.157,
            0.175,
            0.212,
            0.22,
            0.223,
            0.225
        ],
        [
            0.182,
            0.154,
            0.18,
            0.214,
            0.221,
            0.221,
            0.225
        ],
        [
            0.17,
            0.155,
            0.186,
            0.209,
            0.219,
            0.219,
            0.217
        ],
        [
            0.169,
            0.153,
            0.184,
            0.214,
            0.221,
            0.222,
            0.22
        ],
        [
            0.176,
            0.153,
            0.176,
            0.211,
            0.219,
            0.225,
            0.215
        ],
        [
            0.175,
            0.155,
            0.172,
            0.203,
            0.22,
            0.224,
            0.214
        ],
        [
            0.173,
            0.158,
            0.17,
            0.204,
            0.216,
            0.225,
            0.225
        ],
        [
            0.172,
            0.163,
            0.165,
            0.195,
            0.212,
            0.224,
            0.227
        ],
        [
            0.168,
            0.166,
            0.161,
            0.177,
            0.204,
            0.216,
            0.223
        ],
        [
            0.164,
            0.162,
            0.157,
            0.164,
            0.185,
            0.198,
            0.212
        ],
        [
            0.167,
            0.155,
            0.162,
            0.171,
            0.184,
            0.197,
            0.21
        ],
        [
            0.169,
            0.166,
            0.178,
            0.185,
            0.189,
            0.196,
            0.208
        ],
        [
            0.174,
            0.171,
            0.192,
            0.205,
            0.204,
            0.2,
            0.208
        ],
        [
            0.185,
            0.185,
            0.208,
            0.228,
            0.223,
            0.217,
            0.223
        ],
        [
            0.189,
            0.188,
            0.215,
            0.23,
            0.228,
            0.219,
            0.225
        ],
        [
            0.192,
            0.188,
            0.215,
            0.227,
            0.226,
            0.219,
            0.224
        ],
        [
            0.193,
            0.197,
            0.217,
            0.226,
            0.222,
            0.223,
            0.224
        ],
        [
            0.192,
            0.201,
            0.217,
            0.227,
            0.224,
            0.222,
            0.228
        ],
        [
            0.189,
            0.198,
            0.213,
            0.226,
            0.223,
            0.224,
            0.226
        ]
    ],
    "timestamp": "2026-04-01T17:29:35.103847",
    "label": "bee"
}