{
    "event_type": "flower_visit",
    "event_id": "flower_1_20260401174235563104",
    "flower_id": "flower_1",
    "background_dist": 0.2,
    "start_time": 1775083352.229515,
    "end_time": 1775083355.562937,
    "num_scans": 50,
    "angles": [
        132,
        133,
        134,
        135,
        136,
        137,
        138
    ],
    "distance_series": [
        [
            0.154,
            0.149,
            0.147,
            0.15,
            0.157,
            0.159,
            0.164
        ],
        [
            0.156,
            0.152,
            0.15,
            0.148,
            0.154,
            0.155,
            0.165
        ],
        [
            0.156,
            0.155,
            0.152,
            0.15,
            0.152,
            0.157,
            0.164
        ],
        [
            0.16,
            0.153,
            0.156,
            0.152,
            0.152,
            0.158,
            0.168
        ],
        [
            0.159,
            0.155,
            0.159,
            0.15,
            0.155,
            0.158,
            0.164
        ],
        [
            0.16,
            0.154,
            0.158,
            0.152,
            0.158,
            0.164,
            0.164
        ],
        [
            0.16,
            0.154,
            0.159,
            0.15,
            0.162,
            0.166,
            0.162
        ],
        [
            0.157,
            0.155,
            0.157,
            0.151,
            0.16,
            0.161,
            0.165
        ],
        [
            0.157,
            0.154,
            0.152,
            0.151,
            0.157,
            0.159,
            0.166
        ],
        [
            0.158,
            0.154,
            0.152,
            0.15,
            0.157,
            0.156,
            0.169
        ],
        [
            0.158,
            0.153,
            0.153,
            0.151,
            0.154,
            0.155,
            0.169
        ],
        [
            0.16,
            0.155,
            0.154,
            0.152,
            0.156,
            0.156,
            0.167
        ],
        [
            0.161,
            0.157,
            0.153,
            0.152,
            0.156,
            0.159,
            0.167
        ],
        [
            0.16,
            0.156,
            0.155,
            0.148,
            0.155,
            0.157,
            0.165
        ],
        [
            0.159,
            0.153,
            0.152,
            0.147,
            0.153,
            0.16,
            0.161
        ],
        [
            0.162,
            0.151,
            0.152,
            0.15,
            0.15,
            0.161,
            0.161
        ],
        [
            0.162,
            0.152,
            0.155,
            0.15,
            0.153,
            0.156,
            0.157
        ],
        [
            0.16,
            0.152,
            0.155,
            0.149,
            0.153,
            0.154,
            0.158
        ],
        [
            0.161,
            0.154,
            0.156,
            0.152,
            0.152,
            0.151,
            0.159
        ],
        [
            0.16,
            0.154,
            0.153,
            0.15,
            0.158,
            0.151,
            0.156
        ],
        [
            0.16,
            0.152,
            0.149,
            0.152,
            0.157,
            0.155,
            0.161
        ],
        [
            0.156,
            0.154,
            0.147,
            0.151,
            0.156,
            0.155,
            0.159
        ],
        [
            0.157,
            0.154,
            0.146,
            0.152,
            0.156,
            0.157,
            0.159
        ],
        [
            0.157,
            0.153,
            0.149,
            0.153,
            0.155,
            0.157,
            0.159
        ],
        [
            0.157,
            0.155,
            0.152,
            0.153,
            0.153,
            0.158,
            0.161
        ],
        [
            0.157,
            0.153,
            0.151,
            0.153,
            0.149,
            0.154,
            0.162
        ],
        [
            0.156,
            0.149,
            0.148,
            0.15,
            0.149,
            0.155,
            0.157
        ],
        [
            0.155,
            0.147,
            0.149,
            0.15,
            0.15,
            0.152,
            0.154
        ],
        [
            0.157,
            0.148,
            0.147,
            0.153,
            0.152,
            0.154,
            0.154
        ],
        [
            0.161,
            0.152,
            0.151,
            0.15,
            0.154,
            0.155,
            0.152
        ],
        [
            0.171,
            0.155,
            0.155,
            0.153,
            0.157,
            0.159,
            0.155
        ],
        [
            0.179,
            0.162,
            0.156,
            0.154,
            0.159,
            0.165,
            0.155
        ],
        [
            0.18,
            0.167,
            0.159,
            0.155,
            0.166,
            0.175,
            0.154
        ],
        [
            0.177,
            0.169,
            0.16,
            0.162,
            0.175,
            0.181,
            0.155
        ],
        [
            0.173,
            0.168,
            0.161,
            0.163,
            0.179,
            0.179,
            0.16
        ],
        [
            0.165,
            0.164,
            0.159,
            0.167,
            0.183,
            0.175,
            0.162
        ],
        [
            0.165,
            0.159,
            0.159,
            0.17,
            0.179,
            0.166,
            0.161
        ],
        [
            0.167,
            0.161,
            0.162,
            0.171,
            0.168,
            0.162,
            0.159
        ],
        [
            0.171,
            0.163,
            0.166,
            0.179,
            0.168,
            0.163,
            0.16
        ],
        [
            0.168,
            0.166,
            0.172,
            0.188,
            0.17,
            0.163,
            0.159
        ],
        [
            0.172,
            0.165,
            0.181,
            0.199,
            0.18,
            0.163,
            0.161
        ],
        [
            0.169,
            0.162,
            0.188,
            0.204,
            0.19,
            0.165,
            0.164
        ],
        [
            0.171,
            0.167,
            0.198,
            0.211,
            0.197,
            0.173,
            0.165
        ],
        [
            0.174,
            0.169,
            0.208,
            0.21,
            0.207,
            0.183,
            0.167
        ],
        [
            0.171,
            0.17,
            0.21,
            0.209,
            0.215,
            0.191,
            0.167
        ],
        [
            0.173,
            0.173,
            0.212,
            0.211,
            0.224,
            0.201,
            0.17
        ],
        [
            0.171,
            0.175,
            0.21,
            0.204,
            0.226,
            0.206,
            0.176
        ],
        [
            0.172,
            0.178,
            0.208,
            0.208,
            0.225,
            0.21,
            0.184
        ],
        [
            0.176,
            0.181,
            0.206,
            0.212,
            0.226,
            0.21,
            0.183
        ],
        [
            0.178,
            0.182,
            0.206,
            0.211,
            0.221,
            0.201,
            0.181
        ]
    ],