{
    "event_type": "flower_visit",
    "event_id": "flower_1_20260409151004599397",
    "flower_id": "flower_1",
    "background_dist": 0.2,
    "start_time": 1775765400.132681,
    "end_time": 1775765404.599257,
    "num_scans": 67,
    "angles": [
        92,
        93,
        94,
        95,
        96,
        97,
        98,
        99,
        100,
        101,
        102,
        103,
        104
    ],
    "distance_series": [
        [
            0.121,
            0.173,
            0.195,
            0.199,
            0.2,
            0.202,
            0.197,
            0.199,
            0.198,
            0.2,
            0.198,
            0.197,
            0.185
        ],
        [
            0.132,
            0.172,
            0.197,
            0.201,
            0.194,
            0.205,
            0.197,
            0.2,
            0.198,
            0.201,
            0.199,
            0.195,
            0.186
        ],
        [
            0.133,
            0.168,
            0.198,
            0.202,
            0.191,
            0.207,
            0.193,
            0.198,
            0.199,
            0.2,
            0.198,
            0.19,
            0.189
        ],
        [
            0.146,
            0.169,
            0.193,
            0.201,
            0.191,
            0.198,
            0.192,
            0.197,
            0.196,
            0.199,
            0.199,
            0.189,
            0.189
        ],
        [
            0.148,
            0.167,
            0.192,
            0.204,
            0.194,
            0.195,
            0.188,
            0.199,
            0.198,
            0.2,
            0.198,
            0.193,
            0.193
        ],
        [
            0.143,
            0.161,
            0.195,
            0.2,
            0.198,
            0.197,
            0.191,
            0.197,
            0.197,
            0.2,
            0.202,
            0.201,
            0.194
        ],
        [
            0.151,
            0.161,
            0.195,
            0.198,
            0.199,
            0.193,
            0.192,
            0.196,
            0.195,
            0.198,
            0.202,
            0.2,
            0.198
        ],
        [
            0.145,
            0.163,
            0.206,
            0.199,
            0.198,
            0.193,
            0.193,
            0.196,
            0.195,
            0.202,
            0.202,
            0.203,
            0.197
        ],
        [
            0.15,
            0.166,
            0.204,
            0.196,
            0.198,
            0.198,
            0.192,
            0.193,
            0.195,
            0.201,
            0.193,
            0.196,
            0.196
        ],
        [
            0.15,
            0.165,
            0.206,
            0.196,
            0.193,
            0.197,
            0.193,
            0.194,
            0.202,
            0.202,
            0.194,
            0.192,
            0.197
        ],
        [
            0.147,
            0.164,
            0.207,
            0.199,
            0.196,
            0.2,
            0.197,
            0.197,
            0.201,
            0.201,
            0.201,
            0.196,
            0.194
        ],
        [
            0.148,
            0.165,
            0.2,
            0.201,
            0.191,
            0.196,
            0.198,
            0.195,
            0.2,
            0.201,
            0.196,
            0.187,
            0.19
        ],
        [
            0.148,
            0.166,
            0.203,
            0.207,
            0.191,
            0.192,
            0.202,
            0.193,
            0.199,
            0.204,
            0.195,
            0.194,
            0.186
        ],
        [
            0.149,
            0.173,
            0.201,
            0.203,
            0.195,
            0.2,
            0.199,
            0.192,
            0.194,
            0.2,
            0.199,
            0.192,
            0.182
        ],
        [
            0.15,
            0.175,
            0.204,
            0.201,
            0.196,
            0.196,
            0.194,
            0.194,
            0.196,
            0.2,
            0.192,
            0.191,
            0.177
        ],
        [
            0.153,
            0.174,
            0.204,
            0.204,
            0.198,
            0.203,
            0.198,
            0.194,
            0.194,
            0.199,
            0.194,
            0.194,
            0.184
        ],
        [
            0.156,
            0.174,
            0.202,
            0.2,
            0.197,
            0.199,
            0.196,
            0.196,
            0.197,
            0.2,
            0.198,
            0.192,
            0.19
        ],
        [
            0.154,
            0.177,
            0.207,
            0.206,
            0.195,
            0.195,
            0.197,
            0.196,
            0.199,
            0.201,
            0.199,
            0.193,
            0.194
        ],
        [
            0.158,
            0.176,
            0.206,
            0.206,
            0.194,
            0.194,
            0.202,
            0.196,
            0.198,
            0.201,
            0.2,
            0.193,
            0.198
        ],
        [
            0.16,
            0.179,
            0.208,
            0.204,
            0.191,
            0.191,
            0.195,
            0.198,
            0.201,
            0.202,
            0.199,
            0.192,
            0.194
        ],
        [
            0.159,
            0.18,
            0.205,
            0.202,
            0.196,
            0.194,
            0.197,
            0.196,
            0.198,
            0.202,
            0.199,
            0.196,
            0.197
        ],
        [
            0.158,
            0.176,
            0.207,
            0.202,
            0.196,
            0.194,
            0.201,
            0.198,
            0.199,
            0.2,
            0.197,
            0.199,
            0.199
        ],
        [
            0.163,
            0.177,
            0.204,
            0.203,
            0.197,
            0.202,
            0.199,
            0.199,
            0.201,
            0.198,
            0.198,
            0.2,
            0.204
        ],
        [
            0.16,
            0.18,
            0.202,
            0.197,
            0.201,
            0.201,
            0.199,
            0.198,
            0.203,
            0.199,
            0.2,
            0.201,
            0.211
        ],
        [
            0.157,
            0.18,
            0.206,
            0.199,
            0.198,
            0.198,
            0.199,
            0.2,
            0.2,
            0.204,
            0.198,
            0.196,
            0.204
        ],
        [
            0.159,
            0.183,
            0.207,
            0.202,
            0.202,
            0.198,
            0.197,
            0.199,
            0.2,
            0.205,
            0.199,
            0.197,
            0.201
        ],
        [
            0.16,
            0.184,
            0.207,
            0.2,
            0.197,
            0.198,
            0.203,
            0.202,
            0.204,
            0.202,
            0.204,
            0.193,
            0.202
        ],
        [
            0.162,
            0.181,
            0.205,
            0.199,
            0.196,
            0.2,
            0.203,
            0.203,
            0.201,
            0.202,
            0.203,
            0.194,
            0.2
        ],
        [
            0.163,
            0.188,
            0.208,
            0.197,
            0.198,
            0.2,
            0.202,
