{
    "event_type": "flower_visit",
    "event_id": "flower_2_20260410191223969300",
    "flower_id": "flower_2",
    "background_dist": 0.25,
    "start_time": 1775866340.102369,
    "end_time": 1775866343.9691038,
    "num_scans": 58,
    "angles": [
        171,
        172,
        173,
        174,
        175,
        176,
        177,
        178,
        179,
        180,
        181,
        182,
        183
    ],
    "distance_series": [
        [
            0.396,
            0.238,
            0.225,
            0.218,
            0.209,
            0.204,
            0.219,
            0.229,
            0.223,
            0.237,
            0.24,
            0.259,
            0.363
        ],
        [
            0.472,
            0.252,
            0.24,
            0.232,
            0.219,
            0.219,
            0.236,
            0.238,
            0.241,
            0.244,
            0.246,
            0.267,
            0.324
        ],
        [
            0.397,
            0.237,
            0.231,
            0.222,
            0.222,
            0.225,
            0.233,
            0.24,
            0.24,
            0.239,
            0.246,
            0.262,
            0.326
        ],
        [
            0.397,
            0.236,
            0.223,
            0.22,
            0.23,
            0.234,
            0.242,
            0.234,
            0.239,
            0.244,
            0.245,
            0.262,
            0.325
        ],
        [
            0.328,
            0.219,
            0.211,
            0.209,
            0.233,
            0.238,
            0.244,
            0.232,
            0.239,
            0.245,
            0.245,
            0.261,
            0.327
        ],
        [
            0.24,
            0.203,
            0.199,
            0.2,
            0.24,
            0.239,
            0.24,
            0.237,
            0.237,
            0.25,
            0.245,
            0.261,
            0.374
        ],
        [
            0.709,
            0.216,
            0.205,
            0.201,
            0.237,
            0.237,
            0.244,
            0.235,
            0.238,
            0.249,
            0.247,
            0.262,
            0.371
        ],
        [
            1.053,
            0.2,
            0.191,
            0.197,
            0.237,
            0.243,
            0.242,
            0.238,
            0.239,
            0.248,
            0.254,
            0.258,
            0.333
        ],
        [
            1.493,
            0.215,
            0.199,
            0.196,
            0.231,
            0.237,
            0.235,
            0.24,
            0.235,
            0.246,
            0.255,
            0.255,
            0.295
        ],
        [
            1.662,
            0.231,
            0.21,
            0.206,
            0.231,
            0.235,
            0.235,
            0.241,
            0.236,
            0.242,
            0.251,
            0.256,
            0.283
        ],
        [
            1.195,
            0.214,
            0.207,
            0.204,
            0.222,
            0.234,
            0.229,
            0.24,
            0.237,
            0.251,
            0.248,
            0.256,
            0.323
        ],
        [
            0.729,
            0.219,
            0.215,
            0.208,
            0.208,
            0.216,
            0.227,
            0.238,
            0.238,
            0.249,
            0.246,
            0.255,
            0.364
        ],
        [
            0.296,
            0.207,
            0.212,
            0.207,
            0.199,
            0.208,
            0.224,
            0.23,
            0.242,
            0.248,
            0.245,
            0.258,
            0.364
        ],
        [
            0.192,
            0.193,
            0.204,
            0.202,
            0.194,
            0.207,
            0.223,
            0.229,
            0.236,
            0.243,
            0.247,
            0.258,
            0.366
        ],
        [
            0.241,
            0.207,
            0.208,
            0.206,
            0.206,
            0.211,
            0.223,
            0.231,
            0.234,
            0.242,
            0.249,
            0.257,
            0.326
        ],
        [
            0.244,
            0.204,
            0.201,
            0.202,
            0.211,
            0.224,
            0.226,
            0.234,
            0.234,
            0.242,
            0.246,
            0.258,
            0.324
        ],
        [
            0.248,
            0.209,
            0.199,
            0.211,
            0.223,
            0.236,
            0.235,
            0.236,
            0.231,
            0.243,
            0.244,
            0.257,
            0.361
        ],
        [
            0.248,
            0.205,
            0.201,
            0.218,
            0.231,
            0.236,
            0.233,
            0.234,
            0.233,
            0.24,
            0.244,
            0.252,
            0.329
        ],
        [
            0.195,
            0.194,
            0.197,
            0.219,
            0.228,
            0.233,
            0.235,
            0.236,
            0.234,
            0.237,
            0.243,
            0.255,
            0.331
        ],
        [
            0.191,
            0.193,
            0.209,
            0.231,
            0.236,
            0.234,
            0.233,
            0.237,
            0.236,
            0.232,
            0.244,
            0.252,
            0.297
        ],
        [
            0.186,
            0.191,
            0.206,
            0.22,
            0.223,
            0.233,
            0.233,
            0.237,
            0.238,
            0.237,
            0.247,
            0.261,
            0.26
        ],
        [
            0.226,
            0.192,
            0.199,
            0.205,
            0.209,
            0.234,
            0.236,
            0.241,
            0.239,
            0.24,
            0.25,
            0.261,
            0.255
        ],
        [
            0.304,
            0.199,
            0.202,
            0.203,
            0.217,
            0.24,
            0.24,
            0.239,
            0.243,
            0.246,
            0.251,
            0.263,
            0.288
        ],
        [
            0.376,
            0.212,
            0.206,
            0.203,
            0.219,
            0.241,
            0.242,
            0.238,
            0.242,
            0.245,
            0.252,
            0.262,
            0.327
        ],
        [
            0.447,
            0.226,
            0.209,
            0.204,
            0.217,
            0.239,
            0.244,
            0.241,
            0.242,
            0.244,
            0.254,
            0.261,
            0.331
        ],
        [
            0.467,
            0.232,
            0.213,
            0.203,
            0.22,
            0.239,
            0.241,
            0.237,
            0.242,
            0.243,
            0.253,
            0.261,
            0.372
        ],
        [
            0.438,
            0.231,
            0.211,
            0.21,
            0.218,
            0.24,
            0.238,
            0.239,
            0.24,
            0.241,
            0.255,
            0.258,
            0.336
        ],
        [
            0.374,
            0.22,
            0.203,
            0.209,
            0.219,
            0.234,
            0.237,
            0.24,
            0.241,
            0.243,
            0.253,
            0.258,
            0.33
        ],
        [
            0.313,
            0.212,
            0.205,
            0.208,
