{
    "event_type": "flower_visit",
    "event_id": "flower_1_20260410191928101502",
    "flower_id": "flower_1",
    "background_dist": 0.38,
    "start_time": 1775866766.567042,
    "end_time": 1775866768.101346,
    "num_scans": 23,
    "angles": [
        128,
        129,
        130,
        131,
        132,
        133,
        134
    ],
    "distance_series": [
        [
            0.38,
            0.341,
            0.344,
            0.346,
            0.348,
            0.349,
            0.364
        ],
        [
            0.361,
            0.329,
            0.335,
            0.345,
            0.354,
            0.367,
            0.383
        ],
        [
            0.337,
            0.33,
            0.336,
            0.351,
            0.37,
            0.381,
            0.38
        ],
        [
            0.389,
            0.334,
            0.336,
            0.342,
            0.367,
            0.375,
            0.385
        ],
        [
            0.409,
            0.345,
            0.329,
            0.333,
            0.354,
            0.375,
            0.385
        ],
        [
            0.459,
            0.354,
            0.33,
            0.332,
            0.358,
            0.365,
            0.384
        ],
        [
            0.459,
            0.358,
            0.333,
            0.333,
            0.358,
            0.365,
            0.382
        ],
        [
            0.401,
            0.354,
            0.343,
            0.342,
            0.356,
            0.367,
            0.381
        ],
        [
            0.384,
            0.341,
            0.351,
            0.357,
            0.368,
            0.375,
            0.379
        ],
        [
            0.345,
            0.337,
            0.358,
            0.366,
            0.37,
            0.376,
            0.381
        ],
        [
            0.346,
            0.332,
            0.35,
            0.363,
            0.372,
            0.375,
            0.382
        ],
        [
            0.355,
            0.335,
            0.34,
            0.352,
            0.365,
            0.373,
            0.38
        ],
        [
            0.406,
            0.347,
            0.336,
            0.335,
            0.365,
            0.373,
            0.381
        ],
        [
            0.45,
            0.356,
            0.329,
            0.321,
            0.367,
            0.371,
            0.378
        ],
        [
            0.45,
            0.369,
            0.333,
            0.332,
            0.37,
            0.376,
            0.384
        ],
        [
            0.455,
            0.38,
            0.345,
            0.35,
            0.373,
            0.376,
            0.377
        ],
        [
            0.412,
            0.377,
            0.351,
            0.365,
            0.37,
            0.373,
            0.379
        ],
        [
            0.382,
            0.368,
            0.358,
            0.372,
            0.372,
            0.377,
            0.383
        ],
        [
            0.384,
            0.371,
            0.366,
            0.375,
            0.373,
            0.375,
            0.383
        ],
        [
            0.385,
            0.374,
            0.364,
            0.372,
            0.372,
            0.375,
            0.383
        ],
        [
            0.421,
            0.378,
            0.367,
            0.366,
            0.373,
            0.378,
            0.379
        ],
        [
            0.471,
            0.39,
            0.373,
            0.358,
            0.372,
            0.371,
            0.381
        ],
        [
            0.469,
            0.387,
            0.377,
            0.359,
            0.374,
            0.374,
            0.381
        ]
    ],
    "timestamp": "2026-04-10T19:19:28.101598",
    "label": "bee"
}