{
    "event_type": "flower_visit",
    "event_id": "flower_2_20260409152159258893",
    "flower_id": "flower_2",
    "background_dist": 0.23,
    "start_time": 1775766116.191529,
    "end_time": 1775766119.258732,
    "num_scans": 46,
    "angles": [
        162,
        163,
        164,
        165,
        166,
        167,
        168,
        169,
        170,
        171,
        172,
        173
    ],
    "distance_series": [
        [
            0.248,
            0.228,
            0.224,
            0.221,
            0.219,
            0.219,
            0.218,
            0.19,
            0.179,
            0.196,
            0.21,
            0.275
        ],
        [
            0.252,
            0.228,
            0.218,
            0.215,
            0.213,
            0.218,
            0.214,
            0.177,
            0.18,
            0.197,
            0.216,
            0.281
        ],
        [
            0.255,
            0.226,
            0.221,
            0.214,
            0.21,
            0.215,
            0.205,
            0.181,
            0.177,
            0.194,
            0.213,
            0.29
        ],
        [
            0.254,
            0.222,
            0.221,
            0.215,
            0.21,
            0.205,
            0.196,
            0.181,
            0.179,
            0.19,
            0.214,
            0.293
        ],
        [
            0.259,
            0.219,
            0.217,
            0.217,
            0.204,
            0.197,
            0.189,
            0.176,
            0.176,
            0.183,
            0.217,
            0.308
        ],
        [
            0.258,
            0.214,
            0.225,
            0.218,
            0.204,
            0.193,
            0.183,
            0.178,
            0.179,
            0.182,
            0.218,
            0.309
        ],
        [
            0.254,
            0.209,
            0.221,
            0.218,
            0.206,
            0.19,
            0.181,
            0.17,
            0.181,
            0.181,
            0.22,
            0.306
        ],
        [
            0.256,
            0.213,
            0.218,
            0.216,
            0.209,
            0.199,
            0.186,
            0.172,
            0.183,
            0.179,
            0.219,
            0.299
        ],
        [
            0.25,
            0.216,
            0.217,
            0.215,
            0.214,
            0.207,
            0.19,
            0.173,
            0.187,
            0.183,
            0.213,
            0.285
        ],
        [
            0.248,
            0.224,
            0.218,
            0.219,
            0.22,
            0.208,
            0.195,
            0.177,
            0.185,
            0.186,
            0.202,
            0.275
        ],
        [
            0.247,
            0.228,
            0.219,
            0.216,
            0.218,
            0.209,
            0.195,
            0.179,
            0.188,
            0.189,
            0.194,
            0.259
        ],
        [
            0.246,
            0.227,
            0.221,
            0.217,
            0.217,
            0.203,
            0.187,
            0.183,
            0.195,
            0.19,
            0.187,
            0.244
        ],
        [
            0.245,
            0.226,
            0.217,
            0.223,
            0.217,
            0.203,
            0.188,
            0.182,
            0.194,
            0.192,
            0.19,
            0.225
        ],
        [
            0.246,
            0.22,
            0.217,
            0.221,
            0.216,
            0.209,
            0.193,
            0.182,
            0.192,
            0.188,
            0.19,
            0.211
        ],
        [
            0.25,
            0.218,
            0.22,
            0.222,
            0.216,
            0.213,
            0.194,
            0.185,
            0.182,
            0.186,
            0.189,
            0.201
        ],
        [
            0.254,
            0.22,
            0.218,
            0.225,
            0.216,
            0.213,
            0.198,
            0.19,
            0.18,
            0.186,
            0.191,
            0.199
        ],
        [
            0.255,
            0.221,
            0.218,
            0.222,
            0.213,
            0.212,
            0.194,
            0.19,
            0.177,
            0.19,
            0.19,
            0.198
        ],
        [
            0.255,
            0.222,
            0.22,
            0.217,
            0.21,
            0.204,
            0.192,
            0.189,
            0.181,
            0.189,
            0.188,
            0.209
        ],
        [
            0.253,
            0.224,
            0.22,
            0.22,
            0.218,
            0.194,
            0.187,
            0.187,
            0.181,
            0.188,
            0.184,
            0.224
        ],
        [
            0.253,
            0.224,
            0.22,
            0.22,
            0.21,
            0.191,
            0.179,
            0.186,
            0.186,
            0.181,
            0.187,
            0.244
        ],
        [
            0.257,
            0.226,
            0.224,
            0.218,
            0.197,
            0.183,
            0.178,
            0.186,
            0.184,
            0.181,
            0.193,
            0.263
        ],
        [
            0.257,
            0.228,
            0.223,
            0.215,
            0.187,
            0.183,
            0.178,
            0.182,
            0.188,
            0.182,
            0.196,
            0.275
        ],
        [
            0.256,
            0.231,
            0.222,
            0.216,
            0.182,
            0.181,
            0.178,
            0.179,
            0.192,
            0.188,
            0.201,
            0.288
        ],
        [
            0.258,
            0.23,
            0.223,
            0.218,
            0.185,
            0.179,
            0.182,
            0.182,
            0.189,
            0.189,
            0.206,
            0.287
        ],
        [
            0.253,
            0.229,
            0.225,
            0.219,
            0.192,
            0.185,
            0.18,
            0.185,
            0.188,
            0.189,
            0.202,
            0.291
        ],
        [
            0.255,
            0.226,
            0.223,
            0.221,
            0.202,
            0.186,
            0.178,
            0.189,
            0.192,
            0.187,
            0.195,
            0.288
        ],
        [
            0.251,
            0.223,
            0.221,
            0.221,
            0.212,
            0.192,
            0.179,
            0.187,
            0.187,
            0.188,
            0.192,
            0.276
        ],
        [
            0.251,
            0.222,
            0.22,
            0.223,
            0.22,
            0.197,
            0.182,
            0.19,
            0.194,
            0.191,
            0.188,
            0.272
        ],
        [
            0.249,
            0.221,
            0.221,
            0.221,
            0.218,
            0.198,
            0.185,
            0.183,
            0.19,
            0.188,
            0.186,
            0.256
        ],
        [
            0.248,
            0.22,
            0.223,
            0.222,
            0.223,
            0.199,
            0.184,
            0.183,
            0.185,
            0.187,
            0.185,
            0.243
        ],
        [
            0.251,
            0.227,
            0.223,
            0.217,
            0.221,
            0.195,
            0.18,
