{
    "event_type": "flower_visit",
    "event_id": "flower_1_20260401172956236694",
    "flower_id": "flower_1",
    "background_dist": 0.2,
    "start_time": 1775082592.9703622,
    "end_time": 1775082596.236585,
    "num_scans": 49,
    "angles": [
        132,
        133,
        134,
        135,
        136,
        137,
        138
    ],
    "distance_series": [
        [
            0.188,
            0.188,
            0.204,
            0.212,
            0.204,
            0.185,
            0.161
        ],
        [
            0.183,
            0.19,
            0.207,
            0.213,
            0.209,
            0.195,
            0.162
        ],
        [
            0.188,
            0.185,
            0.209,
            0.217,
            0.211,
            0.195,
            0.166
        ],
        [
            0.188,
            0.183,
            0.208,
            0.215,
            0.203,
            0.182,
            0.166
        ],
        [
            0.188,
            0.174,
            0.201,
            0.202,
            0.194,
            0.182,
            0.172
        ],
        [
            0.187,
            0.172,
            0.187,
            0.189,
            0.193,
            0.189,
            0.186
        ],
        [
            0.18,
            0.167,
            0.177,
            0.183,
            0.194,
            0.201,
            0.206
        ],
        [
            0.171,
            0.163,
            0.169,
            0.184,
            0.205,
            0.214,
            0.219
        ],
        [
            0.161,
            0.157,
            0.166,
            0.193,
            0.213,
            0.222,
            0.22
        ],
        [
            0.151,
            0.153,
            0.174,
            0.213,
            0.217,
            0.22,
            0.218
        ],
        [
            0.148,
            0.151,
            0.178,
            0.217,
            0.22,
            0.221,
            0.22
        ],
        [
            0.145,
            0.15,
            0.174,
            0.215,
            0.214,
            0.218,
            0.216
        ],
        [
            0.151,
            0.149,
            0.169,
            0.207,
            0.219,
            0.215,
            0.222
        ],
        [
            0.162,
            0.15,
            0.157,
            0.19,
            0.214,
            0.216,
            0.223
        ],
        [
            0.173,
            0.16,
            0.159,
            0.174,
            0.202,
            0.208,
            0.221
        ],
        [
            0.18,
            0.166,
            0.168,
            0.174,
            0.19,
            0.198,
            0.212
        ],
        [
            0.177,
            0.175,
            0.183,
            0.182,
            0.18,
            0.19,
            0.204
        ],
        [
            0.176,
            0.176,
            0.197,
            0.198,
            0.182,
            0.174,
            0.185
        ],
        [
            0.183,
            0.183,
            0.208,
            0.217,
            0.192,
            0.163,
            0.174
        ],
        [
            0.18,
            0.182,
            0.207,
            0.219,
            0.197,
            0.157,
            0.176
        ],
        [
            0.18,
            0.175,
            0.204,
            0.209,
            0.192,
            0.163,
            0.178
        ],
        [
            0.174,
            0.17,
            0.193,
            0.194,
            0.183,
            0.172,
            0.19
        ],
        [
            0.167,
            0.167,
            0.179,
            0.183,
            0.186,
            0.184,
            0.205
        ],
        [
            0.166,
            0.156,
            0.165,
            0.181,
            0.188,
            0.2,
            0.214
        ],
        [
            0.165,
            0.155,
            0.156,
            0.185,
            0.202,
            0.217,
            0.223
        ],
        [
            0.158,
            0.15,
            0.153,
            0.194,
            0.21,
            0.225,
            0.223
        ],
        [
            0.155,
            0.151,
            0.154,
            0.205,
            0.215,
            0.22,
            0.224
        ],
        [
            0.154,
            0.155,
            0.161,
            0.2,
            0.213,
            0.219,
            0.218
        ],
        [
            0.156,
            0.16,
            0.163,
            0.196,
            0.209,
            0.213,
            0.215
        ],
        [
            0.157,
            0.16,
            0.162,
            0.186,
            0.206,
            0.207,
            0.207
        ],
        [
            0.161,
            0.161,
            0.164,
            0.175,
            0.194,
            0.204,
            0.2
        ],
        [
            0.16,
            0.158,
            0.16,
            0.169,
            0.186,
            0.201,
            0.198
        ],
        [
            0.166,
            0.157,
            0.16,
            0.169,
            0.178,
            0.2,
            0.198
        ],
        [
            0.172,
            0.161,
            0.162,
            0.171,
            0.171,
            0.198,
            0.195
        ],
        [
            0.174,
            0.159,
            0.162,
            0.172,
            0.169,
            0.197,
            0.197
        ],
        [
            0.174,
            0.161,
            0.16,
            0.17,
            0.169,
            0.196,
            0.197
        ],
        [
            0.17,
            0.159,
            0.157,
            0.166,
            0.173,
            0.191,
            0.195
        ],
        [
            0.159,
            0.156,
            0.161,
            0.163,
            0.167,
            0.182,
            0.178
        ],
        [
            0.157,
            0.16,
            0.16,
            0.163,
            0.164,
            0.172,
            0.173
        ],
        [
            0.155,
            0.157,
            0.16,
            0.18,
            0.176,
            0.176,
            0.179
        ],
        [
            0.16,
            0.163,
            0.172,
            0.191,
            0.191,
            0.184,
            0.19
        ],
        [
            0.17,
            0.172,
            0.188,
            0.202,
            0.209,
            0.202,
            0.21
        ],
        [
            0.181,
            0.181,
            0.198,
            0.215,
            0.222,
            0.221,
            0.219
        ],
        [
            0.184,
            0.189,
            0.213,
            0.215,
            0.216,
            0.219,
            0.213
        ],
        [
            0.179,
            0.187,
            0.216,
            0.218,
            0.213,
            0.217,
            0.211
        ],
        [
            0.183,
            0.187,
            0.21,
            0.22,
            0.216,
            0.213,
            0.214
        ],
        [
            0.176,
            0.18,
            0.213,
            0.22,
            0.22,
            0.214,
            0.219
        ],
        [
            0.179,
            0.18,
            0.208,
            0.22,
            0.22,
            0.216,
            0.225
        ],
        [
            0.186,
            0.187,
            0.207,
            0.22,
            0.216,
            0.217,
            0.227
        ]
    ],
    "timestamp": "2026-04-01T17:29:56.236813",
    "label": "bee"
}