{
    "event_type": "flower_visit",
    "event_id": "flower_1_20260412165105544134",
    "flower_id": "flower_1",
    "background_dist": 0.27,
    "start_time": 1776030662.676977,
    "end_time": 1776030665.543992,
    "num_scans": 43,
    "angles": [
        126,
        127,
        128,
        129,
        130,
        131,
        132,
        133,
        134,
        135
    ],
    "distance_series": [
        [
            0.232,
            0.235,
            0.219,
            0.236,
            0.25,
            0.252,
            0.257,
            0.264,
            0.272,
            0.281
        ],
        [
            0.235,
            0.233,
            0.222,
            0.239,
            0.252,
            0.252,
            0.258,
            0.264,
            0.269,
            0.28
        ],
        [
            0.237,
            0.235,
            0.229,
            0.235,
            0.251,
            0.252,
            0.26,
            0.26,
            0.275,
            0.278
        ],
        [
            0.237,
            0.237,
            0.23,
            0.233,
            0.25,
            0.248,
            0.258,
            0.256,
            0.275,
            0.28
        ],
        [
            0.24,
            0.234,
            0.229,
            0.232,
            0.247,
            0.249,
            0.262,
            0.259,
            0.277,
            0.282
        ],
        [
            0.248,
            0.241,
            0.231,
            0.23,
            0.248,
            0.251,
            0.257,
            0.248,
            0.273,
            0.281
        ],
        [
            0.245,
            0.24,
            0.229,
            0.232,
            0.247,
            0.252,
            0.259,
            0.25,
            0.271,
            0.281
        ],
        [
            0.248,
            0.238,
            0.231,
            0.229,
            0.247,
            0.254,
            0.26,
            0.256,
            0.269,
            0.28
        ],
        [
            0.256,
            0.244,
            0.236,
            0.231,
            0.25,
            0.255,
            0.26,
            0.257,
            0.272,
            0.277
        ],
        [
            0.255,
            0.24,
            0.235,
            0.231,
            0.251,
            0.257,
            0.261,
            0.266,
            0.27,
            0.28
        ],
        [
            0.261,
            0.238,
            0.237,
            0.231,
            0.25,
            0.256,
            0.264,
            0.266,
            0.272,
            0.281
        ],
        [
            0.265,
            0.238,
            0.238,
            0.234,
            0.248,
            0.255,
            0.261,
            0.264,
            0.27,
            0.283
        ],
        [
            0.261,
            0.236,
            0.239,
            0.231,
            0.246,
            0.258,
            0.261,
            0.261,
            0.273,
            0.283
        ],
        [
            0.264,
            0.235,
            0.239,
            0.232,
            0.248,
            0.254,
            0.261,
            0.258,
            0.274,
            0.283
        ],
        [
            0.26,
            0.241,
            0.239,
            0.233,
            0.252,
            0.25,
            0.262,
            0.258,
            0.271,
            0.283
        ],
        [
            0.257,
            0.238,
            0.239,
            0.234,
            0.251,
            0.253,
            0.266,
            0.257,
            0.263,
            0.282
        ],
        [
            0.259,
            0.238,
            0.241,
            0.239,
            0.251,
            0.254,
            0.265,
            0.254,
            0.261,
            0.282
        ],
        [
            0.26,
            0.235,
            0.238,
            0.237,
            0.249,
            0.255,
            0.262,
            0.256,
            0.263,
            0.281
        ],
        [
            0.263,
            0.237,
            0.233,
            0.235,
            0.244,
            0.256,
            0.262,
            0.255,
            0.268,
            0.283
        ],
        [
            0.267,
            0.233,
            0.23,
            0.239,
            0.245,
            0.254,
            0.259,
            0.255,
            0.266,
            0.284
        ],
        [
            0.264,
            0.239,
            0.229,
            0.235,
            0.246,
            0.253,
            0.261,
            0.258,
            0.273,
            0.281
        ],
        [
            0.259,
            0.242,
            0.232,
            0.236,
            0.247,
            0.25,
            0.263,
            0.258,
            0.273,
            0.281
        ],
        [
            0.255,
            0.242,
            0.231,
            0.233,
            0.252,
            0.256,
            0.257,
            0.26,
            0.273,
            0.282
        ],
        [
            0.246,
            0.246,
            0.232,
            0.233,
            0.258,
            0.256,
            0.263,
            0.26,
            0.277,
            0.283
        ],
        [
            0.245,
            0.243,
            0.231,
            0.232,
            0.256,
            0.256,
            0.259,
            0.255,
            0.272,
            0.282
        ],
        [
            0.244,
            0.236,
            0.232,
            0.23,
            0.256,
            0.252,
            0.255,
            0.258,
            0.272,
            0.281
        ],
        [
            0.246,
            0.239,
            0.232,
            0.228,
            0.259,
            0.248,
            0.26,
            0.258,
            0.268,
            0.282
        ],
        [
            0.249,
            0.231,
            0.231,
            0.226,
            0.258,
            0.253,
            0.263,
            0.256,
            0.264,
            0.283
        ],
        [
            0.246,
            0.237,
            0.228,
            0.233,
            0.259,
            0.257,
            0.263,
            0.264,
            0.267,
            0.282
        ],
        [
            0.244,
            0.242,
            0.222,
            0.232,
            0.256,
            0.256,
            0.261,
            0.263,
            0.265,
            0.282
        ],
        [
            0.243,
            0.244,
            0.233,
            0.237,
            0.251,
            0.255,
            0.26,
            0.256,
            0.268,
            0.284
        ],
        [
            0.24,
            0.246,
            0.232,
            0.235,
            0.246,
            0.257,
            0.256,
            0.253,
            0.267,
            0.285
        ],
        [
            0.242,
            0.24,
            0.236,
            0.229,
            0.234,
            0.256,
            0.254,
            0.249,
            0.266,
            0.282
        ],
        [
            0.245,
            0.239,
            0.229,
            0.233,
            0.228,
            0.256,
            0.254,
            0.25,
            0.268,
            0.283
        ],
        [
            0.257,
            0.248,
            0.233,
            0.236,
            0.229,
            0.248,
            0.258,
            0.254,
            0.265,
            0.278
        ],
        [
            0.266,
            0.257,
            0.247,
            0.248,
            0.241,
            0.251,
            0.258,
            0.254,
            0.268,
            0.278
        ],
        [
            0.275,
            0.269,
