{
    "event_type": "flower_visit",
    "event_id": "flower_2_20260409164321871631",
    "flower_id": "flower_2",
    "background_dist": 0.31,
    "start_time": 1775771000.203878,
    "end_time": 1775771001.8714619,
    "num_scans": 25,
    "angles": [
        163,
        164,
        165,
        166,
        167,
        168,
        169,
        170
    ],
    "distance_series": [
        [
            0.321,
            0.302,
            0.302,
            0.298,
            0.297,
            0.284,
            0.284,
            0.322
        ],
        [
            0.317,
            0.304,
            0.3,
            0.295,
            0.299,
            0.277,
            0.294,
            0.328
        ],
        [
            0.319,
            0.306,
            0.304,
            0.297,
            0.3,
            0.272,
            0.298,
            0.334
        ],
        [
            0.319,
            0.305,
            0.302,
            0.302,
            0.297,
            0.275,
            0.292,
            0.332
        ],
        [
            0.319,
            0.303,
            0.301,
            0.302,
            0.296,
            0.281,
            0.29,
            0.33
        ],
        [
            0.322,
            0.303,
            0.304,
            0.302,
            0.296,
            0.285,
            0.281,
            0.324
        ],
        [
            0.316,
            0.299,
            0.302,
            0.299,
            0.297,
            0.287,
            0.276,
            0.315
        ],
        [
            0.314,
            0.303,
            0.3,
            0.299,
            0.303,
            0.288,
            0.274,
            0.316
        ],
        [
            0.317,
            0.303,
            0.303,
            0.302,
            0.304,
            0.284,
            0.281,
            0.32
        ],
        [
            0.32,
            0.306,
            0.301,
            0.299,
            0.301,
            0.279,
            0.287,
            0.319
        ],
        [
            0.324,
            0.312,
            0.295,
            0.304,
            0.291,
            0.281,
            0.293,
            0.323
        ],
        [
            0.327,
            0.314,
            0.297,
            0.3,
            0.282,
            0.277,
            0.297,
            0.32
        ],
        [
            0.323,
            0.311,
            0.297,
            0.295,
            0.283,
            0.274,
            0.299,
            0.312
        ],
        [
            0.32,
            0.313,
            0.297,
            0.296,
            0.285,
            0.278,
            0.298,
            0.313
        ],
        [
            0.317,
            0.307,
            0.302,
            0.296,
            0.286,
            0.282,
            0.283,
            0.315
        ],
        [
            0.312,
            0.304,
            0.304,
            0.3,
            0.298,
            0.274,
            0.283,
            0.318
        ],
        [
            0.315,
            0.301,
            0.303,
            0.301,
            0.298,
            0.274,
            0.284,
            0.326
        ],
        [
            0.312,
            0.299,
            0.303,
            0.304,
            0.3,
            0.282,
            0.288,
            0.324
        ],
        [
            0.314,
            0.302,
            0.299,
            0.3,
            0.291,
            0.287,
            0.299,
            0.319
        ],
        [
            0.317,
            0.301,
            0.302,
            0.296,
            0.293,
            0.291,
            0.297,
            0.318
        ],
        [
            0.318,
            0.303,
            0.302,
            0.294,
            0.295,
            0.3,
            0.298,
            0.316
        ],
        [
            0.32,
            0.302,
            0.3,
            0.298,
            0.297,
            0.306,
            0.295,
            0.314
        ],
        [
            0.315,
            0.3,
            0.3,
            0.3,
            0.304,
            0.301,
            0.299,
            0.32
        ],
        [
            0.313,
            0.307,
            0.304,
            0.304,
            0.305,
            0.301,
            0.297,
            0.317
        ],
        [
            0.313,
            0.31,
            0.299,
            0.309,
            0.307,
            0.298,
            0.295,
            0.32
        ]
    ],
    "timestamp": "2026-04-09T16:43:21.871718",
    "label": "bee"
}