{
    "event_type": "flower_visit",
    "event_id": "flower_1_20260412174251974094",
    "flower_id": "flower_1",
    "background_dist": 0.26,
    "start_time": 1776033767.907819,
    "end_time": 1776033771.973959,
    "num_scans": 61,
    "angles": [
        83,
        84,
        85,
        86,
        87,
        88,
        89,
        90,
        91
    ],
    "distance_series": [
        [
            0.2,
            0.198,
            0.198,
            0.196,
            0.199,
            0.197,
            0.191,
            0.2,
            0.202
        ],
        [
            0.204,
            0.208,
            0.205,
            0.203,
            0.206,
            0.199,
            0.197,
            0.205,
            0.209
        ],
        [
            0.212,
            0.211,
            0.205,
            0.209,
            0.209,
            0.206,
            0.205,
            0.21,
            0.264
        ],
        [
            0.22,
            0.215,
            0.21,
            0.218,
            0.217,
            0.209,
            0.21,
            0.219,
            0.314
        ],
        [
            0.228,
            0.219,
            0.214,
            0.219,
            0.22,
            0.212,
            0.218,
            0.224,
            0.361
        ],
        [
            0.233,
            0.217,
            0.217,
            0.224,
            0.217,
            0.208,
            0.222,
            0.227,
            0.363
        ],
        [
            0.229,
            0.215,
            0.216,
            0.218,
            0.216,
            0.206,
            0.223,
            0.223,
            0.322
        ],
        [
            0.223,
            0.212,
            0.218,
            0.214,
            0.21,
            0.204,
            0.221,
            0.222,
            0.319
        ],
        [
            0.218,
            0.212,
            0.212,
            0.21,
            0.209,
            0.203,
            0.218,
            0.222,
            0.324
        ],
        [
            0.213,
            0.213,
            0.208,
            0.208,
            0.209,
            0.2,
            0.214,
            0.226,
            0.368
        ],
        [
            0.212,
            0.207,
            0.206,
            0.208,
            0.212,
            0.2,
            0.216,
            0.228,
            0.403
        ],
        [
            0.214,
            0.21,
            0.205,
            0.206,
            0.212,
            0.199,
            0.215,
            0.223,
            0.397
        ],
        [
            0.217,
            0.212,
            0.206,
            0.21,
            0.212,
            0.2,
            0.211,
            0.213,
            0.348
        ],
        [
            0.219,
            0.215,
            0.211,
            0.207,
            0.215,
            0.206,
            0.21,
            0.21,
            0.305
        ],
        [
            0.259,
            0.218,
            0.214,
            0.212,
            0.219,
            0.214,
            0.207,
            0.214,
            0.302
        ],
        [
            0.303,
            0.223,
            0.215,
            0.219,
            0.223,
            0.219,
            0.215,
            0.222,
            0.316
        ],
        [
            0.304,
            0.229,
            0.22,
            0.223,
            0.224,
            0.221,
            0.222,
            0.228,
            0.359
        ],
        [
            0.305,
            0.233,
            0.221,
            0.227,
            0.228,
            0.221,
            0.227,
            0.235,
            0.362
        ],
        [
            0.268,
            0.229,
            0.222,
            0.228,
            0.221,
            0.219,
            0.228,
            0.24,
            0.332
        ],
        [
            0.225,
            0.224,
            0.216,
            0.222,
            0.218,
            0.217,
            0.227,
            0.24,
            0.293
        ],
        [
            0.216,
            0.216,
            0.211,
            0.219,
            0.216,
            0.212,
            0.223,
            0.24,
            0.256
        ],
        [
            0.211,
            0.212,
            0.207,
            0.214,
            0.209,
            0.209,
            0.218,
            0.234,
            0.291
        ],
        [
            0.206,
            0.209,
            0.206,
            0.209,
            0.205,
            0.205,
            0.212,
            0.224,
            0.318
        ],
        [
            0.211,
            0.205,
            0.203,
            0.209,
            0.206,
            0.203,
            0.205,
            0.216,
            0.301
        ],
        [
            0.249,
            0.207,
            0.205,
            0.21,
            0.208,
            0.201,
            0.202,
            0.21,
            0.29
        ],
        [
            0.263,
            0.215,
            0.209,
            0.206,
            0.214,
            0.204,
            0.202,
            0.208,
            0.246
        ],
        [
            0.271,
            0.224,
            0.209,
            0.207,
            0.214,
            0.21,
            0.204,
            0.209,
            0.212
        ],
        [
            0.28,
            0.232,
            0.215,
            0.215,
            0.217,
            0.214,
            0.211,
            0.215,
            0.216
        ],
        [
            0.289,
            0.235,
            0.219,
            0.21,
            0.221,
            0.216,
            0.214,
            0.218,
            0.261
        ],
        [
            0.322,
            0.234,
            0.217,
            0.215,
            0.22,
            0.218,
            0.216,
            0.225,
            0.304
        ],
        [
            0.316,
            0.231,
            0.219,
            0.215,
            0.224,
            0.219,
            0.217,
            0.234,
            0.316
        ],
        [
            0.316,
            0.221,
            0.221,
            0.216,
            0.221,
            0.222,
            0.219,
            0.239,
            0.324
        ],
        [
            0.262,
            0.216,
            0.215,
            0.214,
            0.217,
            0.221,
            0.223,
            0.242,
            0.286
        ],
        [
            0.215,
            0.211,
            0.216,
            0.212,
            0.214,
            0.214,
            0.227,
            0.24,
            0.258
        ],
        [
            0.209,
            0.206,
            0.21,
            0.209,
            0.209,
            0.207,
            0.225,
            0.238,
            0.257
        ],
        [
            0.205,
            0.209,
            0.21,
            0.206,
            0.203,
            0.203,
            0.217,
            0.228,
            0.292
        ],
        [
            0.209,
            0.209,
            0.212,
            0.203,
            0.204,
            0.201,
            0.213,
            0.219,
            0.324
        ],
        [
            0.25,
            0.211,
            0.211,
            0.21,
            0.208,
            0.204,
            0.21,
            0.216,
            0.311
        ],
        [
            0.258,
            0.217,
            0.215,
            0.214,
            0.209,
            0.21,
            0.208,
            0.214,
            0.305
        ],
        [
            0.271,
            0.226,
            0.219,
            0.217,
            0.214,
            0.213,
            0.209,
            0.215,
            0.263
        ],
