{
    "event_type": "flower_visit",
    "event_id": "flower_2_20260409164726464047",
    "flower_id": "flower_2",
    "background_dist": 0.31,
    "start_time": 1775771240.263603,
    "end_time": 1775771246.4638379,
    "num_scans": 93,
    "angles": [
        163,
        164,
        165,
        166,
        167,
        168,
        169,
        170
    ],
    "distance_series": [
        [
            0.318,
            0.299,
            0.281,
            0.277,
            0.292,
            0.287,
            0.276,
            0.294
        ],
        [
            0.32,
            0.305,
            0.288,
            0.274,
            0.294,
            0.292,
            0.275,
            0.291
        ],
        [
            0.322,
            0.307,
            0.285,
            0.277,
            0.295,
            0.289,
            0.275,
            0.292
        ],
        [
            0.321,
            0.308,
            0.283,
            0.279,
            0.297,
            0.293,
            0.273,
            0.296
        ],
        [
            0.313,
            0.309,
            0.288,
            0.272,
            0.29,
            0.293,
            0.275,
            0.299
        ],
        [
            0.318,
            0.31,
            0.29,
            0.278,
            0.291,
            0.29,
            0.276,
            0.302
        ],
        [
            0.312,
            0.305,
            0.289,
            0.278,
            0.287,
            0.289,
            0.275,
            0.305
        ],
        [
            0.316,
            0.301,
            0.288,
            0.275,
            0.289,
            0.289,
            0.278,
            0.313
        ],
        [
            0.311,
            0.306,
            0.285,
            0.272,
            0.293,
            0.289,
            0.28,
            0.317
        ],
        [
            0.307,
            0.302,
            0.285,
            0.278,
            0.29,
            0.292,
            0.277,
            0.316
        ],
        [
            0.314,
            0.297,
            0.286,
            0.274,
            0.291,
            0.294,
            0.275,
            0.306
        ],
        [
            0.323,
            0.3,
            0.288,
            0.274,
            0.286,
            0.293,
            0.27,
            0.301
        ],
        [
            0.325,
            0.302,
            0.285,
            0.267,
            0.284,
            0.293,
            0.268,
            0.292
        ],
        [
            0.324,
            0.302,
            0.286,
            0.272,
            0.285,
            0.291,
            0.267,
            0.287
        ],
        [
            0.319,
            0.304,
            0.286,
            0.269,
            0.281,
            0.289,
            0.269,
            0.295
        ],
        [
            0.317,
            0.302,
            0.286,
            0.269,
            0.281,
            0.289,
            0.268,
            0.299
        ],
        [
            0.316,
            0.294,
            0.293,
            0.273,
            0.28,
            0.285,
            0.268,
            0.305
        ],
        [
            0.324,
            0.297,
            0.297,
            0.272,
            0.284,
            0.285,
            0.269,
            0.304
        ],
        [
            0.315,
            0.299,
            0.294,
            0.27,
            0.284,
            0.289,
            0.266,
            0.304
        ],
        [
            0.315,
            0.306,
            0.294,
            0.268,
            0.287,
            0.285,
            0.266,
            0.294
        ],
        [
            0.315,
            0.307,
            0.293,
            0.272,
            0.29,
            0.279,
            0.265,
            0.292
        ],
        [
            0.31,
            0.305,
            0.291,
            0.27,
            0.288,
            0.277,
            0.266,
            0.292
        ],
        [
            0.314,
            0.305,
            0.293,
            0.271,
            0.286,
            0.283,
            0.265,
            0.294
        ],
        [
            0.31,
            0.3,
            0.293,
            0.271,
            0.287,
            0.281,
            0.259,
            0.296
        ],
        [
            0.308,
            0.3,
            0.289,
            0.271,
            0.287,
            0.279,
            0.259,
            0.293
        ],
        [
            0.315,
            0.295,
            0.287,
            0.276,
            0.291,
            0.28,
            0.254,
            0.293
        ],
        [
            0.316,
            0.287,
            0.287,
            0.277,
            0.289,
            0.281,
            0.258,
            0.29
        ],
        [
            0.32,
            0.287,
            0.284,
            0.275,
            0.287,
            0.282,
            0.26,
            0.289
        ],
        [
            0.314,
            0.288,
            0.287,
            0.271,
            0.288,
            0.289,
            0.265,
            0.288
        ],
        [
            0.314,
            0.289,
            0.29,
            0.274,
            0.288,
            0.292,
            0.262,
            0.285
        ],
        [
            0.316,
            0.289,
            0.29,
            0.272,
            0.284,
            0.293,
            0.259,
            0.288
        ],
        [
            0.314,
            0.296,
            0.291,
            0.269,
            0.288,
            0.291,
            0.262,
            0.29
        ],
        [
            0.322,
            0.301,
            0.295,
            0.267,
            0.291,
            0.291,
            0.263,
            0.289
        ],
        [
            0.32,
            0.304,
            0.296,
            0.265,
            0.285,
            0.288,
            0.266,
            0.29
        ],
        [
            0.316,
            0.308,
            0.298,
            0.264,
            0.288,
            0.286,
            0.271,
            0.288
        ],
        [
            0.319,
            0.302,
            0.297,
            0.266,
            0.28,
            0.284,
            0.268,
            0.292
        ],
        [
            0.316,
            0.301,
            0.294,
            0.272,
            0.277,
            0.284,
            0.27,
            0.29
        ],
        [
            0.317,
            0.303,
            0.294,
            0.275,
            0.277,
            0.285,
            0.266,
            0.288
        ],
        [
            0.318,
            0.304,
            0.292,
            0.272,
            0.273,
            0.284,
            0.265,
            0.283
        ],
        [
            0.315,
            0.303,
            0.291,
            0.275,
            0.272,
            0.287,
            0.266,
            0.283
        ],
        [
            0.316,
            0.302,
            0.291,
            0.277,
            0.277,
            0.285,
            0.259,
            0.285
        ],
        [
            0.317,
            0.298,
            0.296,
            0.275,
            0.28,
            0.287,
            0.261,
            0.29
        ],
        [
            0.32,
            0.303,
            0.288,
            0.279,
            0.28,
            0.286,
            0.267,
            0.292
        ],
        [
            0.319,
            0.302,
            0.288,
            0.278,
            0.275,
            0.286,
            0.26,
            0.288
        ],
        [
            0.322,
            0.298,
            0.292,
