{
    "event_type": "flower_visit",
    "event_id": "flower_2_20260410205048585335",
    "flower_id": "flower_2",
    "background_dist": 0.22,
    "start_time": 1775872244.718127,
    "end_time": 1775872248.585165,
    "num_scans": 58,
    "angles": [
        169,
        170,
        171,
        172,
        173,
        174,
        175,
        176,
        177,
        178,
        179,
        180,
        181,
        182
    ],
    "distance_series": [
        [
            0.191,
            0.195,
            0.233,
            0.229,
            0.22,
            0.222,
            0.212,
            0.206,
            0.19,
            0.183,
            0.185,
            0.183,
            0.211,
            0.236
        ],
        [
            0.188,
            0.193,
            0.232,
            0.225,
            0.219,
            0.221,
            0.217,
            0.204,
            0.186,
            0.179,
            0.187,
            0.186,
            0.209,
            0.237
        ],
        [
            0.185,
            0.195,
            0.23,
            0.227,
            0.225,
            0.22,
            0.213,
            0.2,
            0.187,
            0.175,
            0.192,
            0.19,
            0.213,
            0.235
        ],
        [
            0.185,
            0.196,
            0.231,
            0.225,
            0.222,
            0.222,
            0.212,
            0.201,
            0.175,
            0.176,
            0.191,
            0.195,
            0.214,
            0.235
        ],
        [
            0.184,
            0.196,
            0.229,
            0.231,
            0.225,
            0.225,
            0.212,
            0.198,
            0.172,
            0.176,
            0.192,
            0.198,
            0.219,
            0.232
        ],
        [
            0.182,
            0.191,
            0.231,
            0.234,
            0.226,
            0.228,
            0.214,
            0.196,
            0.178,
            0.173,
            0.19,
            0.193,
            0.226,
            0.231
        ],
        [
            0.18,
            0.194,
            0.232,
            0.228,
            0.223,
            0.224,
            0.214,
            0.198,
            0.177,
            0.176,
            0.189,
            0.194,
            0.218,
            0.239
        ],
        [
            0.181,
            0.191,
            0.227,
            0.225,
            0.228,
            0.225,
            0.214,
            0.2,
            0.185,
            0.18,
            0.19,
            0.191,
            0.224,
            0.235
        ],
        [
            0.182,
            0.19,
            0.224,
            0.224,
            0.224,
            0.224,
            0.216,
            0.199,
            0.184,
            0.185,
            0.191,
            0.187,
            0.226,
            0.23
        ],
        [
            0.185,
            0.19,
            0.231,
            0.221,
            0.225,
            0.226,
            0.216,
            0.2,
            0.184,
            0.184,
            0.19,
            0.189,
            0.224,
            0.234
        ],
        [
            0.188,
            0.188,
            0.23,
            0.224,
            0.225,
            0.227,
            0.215,
            0.195,
            0.185,
            0.184,
            0.192,
            0.187,
            0.218,
            0.233
        ],
        [
            0.187,
            0.185,
            0.232,
            0.222,
            0.224,
            0.22,
            0.212,
            0.2,
            0.182,
            0.183,
            0.185,
            0.186,
            0.212,
            0.233
        ],
        [
            0.185,
            0.183,
            0.232,
            0.223,
            0.223,
            0.217,
            0.208,
            0.197,
            0.179,
            0.177,
            0.183,
            0.187,
            0.209,
            0.239
        ],
        [
            0.176,
            0.188,
            0.226,
            0.228,
            0.222,
            0.213,
            0.205,
            0.197,
            0.176,
            0.179,
            0.189,
            0.186,
            0.21,
            0.237
        ],
        [
            0.181,
            0.186,
            0.23,
            0.23,
            0.22,
            0.213,
            0.204,
            0.201,
            0.174,
            0.183,
            0.19,
            0.192,
            0.216,
            0.237
        ],
        [
            0.181,
            0.183,
            0.229,
            0.232,
            0.218,
            0.216,
            0.207,
            0.196,
            0.177,
            0.185,
            0.192,
            0.197,
            0.225,
            0.233
        ],
        [
            0.177,
            0.185,
            0.227,
            0.23,
            0.218,
            0.22,
            0.21,
            0.198,
            0.177,
            0.181,
            0.193,
            0.204,
            0.224,
            0.236
        ],
        [
            0.185,
            0.187,
            0.226,
            0.231,
            0.221,
            0.222,
            0.211,
            0.194,
            0.178,
            0.179,
            0.192,
            0.205,
            0.231,
            0.236
        ],
        [
            0.187,
            0.188,
            0.228,
            0.227,
            0.225,
            0.222,
            0.213,
            0.193,
            0.175,
            0.176,
            0.191,
            0.206,
            0.23,
            0.239
        ],
        [
            0.185,
            0.193,
            0.228,
            0.224,
            0.223,
            0.222,
            0.212,
            0.197,
            0.177,
            0.172,
            0.189,
            0.204,
            0.232,
            0.233
        ],
        [
            0.18,
            0.191,
            0.229,
            0.225,
            0.222,
            0.221,
            0.213,
            0.195,
            0.179,
            0.178,
            0.187,
            0.205,
            0.235,
            0.232
        ],
        [
            0.181,
            0.192,
            0.229,
            0.224,
            0.225,
            0.216,
            0.213,
            0.196,
            0.181,
            0.184,
            0.189,
            0.205,
            0.228,
            0.233
        ],
        [
            0.176,
            0.19,
            0.228,
            0.221,
            0.217,
            0.216,
            0.211,
            0.196,
            0.185,
            0.185,
            0.188,
            0.2,
            0.229,
            0.23
        ],
        [
            0.175,
            0.185,
            0.226,
            0.224,
            0.221,
            0.215,
            0.211,
            0.194,
            0.183,
            0.188,
            0.193,
            0.2,
            0.229,
            0.234
        ],
        [
            0.176,
            0.186,
            0.229,
            0.226,
            0.226,
            0.216,
            0.215,
            0.199,
            0.19,
            0.188,
            0.192,
            0.198,
            0.229,
            0.233
        ],
        [
            0.184,
            0.185,
            0.223,
            0.226,
            0.232,
            0.216,
            0.212,
            0.197,
            0.187,
            0.186,
            0.188,
            0.202,
            0.23,
            0.231
        ],
        [
            0.189,
            0.185,
            0.225,
            0.226,
            0.227,
            0.215,
