{
    "event_type": "flower_visit",
    "event_id": "flower_1_20260412174430506599",
    "flower_id": "flower_1",
    "background_dist": 0.26,
    "start_time": 1776033865.907605,
    "end_time": 1776033870.506453,
    "num_scans": 69,
    "angles": [
        83,
        84,
        85,
        86,
        87,
        88,
        89,
        90,
        91
    ],
    "distance_series": [
        [
            0.267,
            0.251,
            0.246,
            0.228,
            0.23,
            0.221,
            0.212,
            0.208,
            0.231
        ],
        [
            0.266,
            0.256,
            0.245,
            0.227,
            0.239,
            0.219,
            0.207,
            0.21,
            0.228
        ],
        [
            0.269,
            0.259,
            0.249,
            0.227,
            0.247,
            0.214,
            0.216,
            0.21,
            0.227
        ],
        [
            0.264,
            0.258,
            0.249,
            0.227,
            0.242,
            0.215,
            0.213,
            0.212,
            0.224
        ],
        [
            0.264,
            0.258,
            0.25,
            0.231,
            0.237,
            0.216,
            0.21,
            0.209,
            0.227
        ],
        [
            0.264,
            0.26,
            0.252,
            0.232,
            0.241,
            0.22,
            0.219,
            0.207,
            0.228
        ],
        [
            0.263,
            0.258,
            0.246,
            0.232,
            0.24,
            0.223,
            0.215,
            0.21,
            0.232
        ],
        [
            0.26,
            0.254,
            0.245,
            0.231,
            0.243,
            0.222,
            0.214,
            0.213,
            0.233
        ],
        [
            0.262,
            0.256,
            0.243,
            0.232,
            0.243,
            0.214,
            0.22,
            0.21,
            0.234
        ],
        [
            0.261,
            0.257,
            0.242,
            0.23,
            0.244,
            0.214,
            0.217,
            0.213,
            0.228
        ],
        [
            0.263,
            0.257,
            0.245,
            0.226,
            0.242,
            0.22,
            0.217,
            0.213,
            0.217
        ],
        [
            0.265,
            0.255,
            0.245,
            0.225,
            0.238,
            0.223,
            0.218,
            0.211,
            0.219
        ],
        [
            0.263,
            0.253,
            0.249,
            0.228,
            0.239,
            0.23,
            0.218,
            0.212,
            0.227
        ],
        [
            0.265,
            0.252,
            0.248,
            0.229,
            0.238,
            0.232,
            0.22,
            0.214,
            0.228
        ],
        [
            0.264,
            0.253,
            0.247,
            0.232,
            0.239,
            0.227,
            0.22,
            0.213,
            0.231
        ],
        [
            0.261,
            0.252,
            0.246,
            0.232,
            0.241,
            0.227,
            0.215,
            0.214,
            0.23
        ],
        [
            0.262,
            0.255,
            0.245,
            0.227,
            0.239,
            0.227,
            0.215,
            0.21,
            0.217
        ],
        [
            0.262,
            0.257,
            0.244,
            0.225,
            0.24,
            0.229,
            0.214,
            0.209,
            0.213
        ],
        [
            0.262,
            0.254,
            0.243,
            0.224,
            0.237,
            0.231,
            0.213,
            0.209,
            0.212
        ],
        [
            0.264,
            0.255,
            0.244,
            0.224,
            0.237,
            0.229,
            0.213,
            0.211,
            0.217
        ],
        [
            0.261,
            0.257,
            0.238,
            0.227,
            0.239,
            0.23,
            0.215,
            0.212,
            0.214
        ],
        [
            0.259,
            0.256,
            0.241,
            0.227,
            0.24,
            0.223,
            0.209,
            0.213,
            0.213
        ],
        [
            0.255,
            0.256,
            0.241,
            0.225,
            0.238,
            0.22,
            0.213,
            0.212,
            0.212
        ],
        [
            0.255,
            0.255,
            0.242,
            0.227,
            0.237,
            0.218,
            0.214,
            0.209,
            0.208
        ],
        [
            0.257,
            0.253,
            0.246,
            0.232,
            0.233,
            0.221,
            0.21,
            0.212,
            0.208
        ],
        [
            0.262,
            0.255,
            0.247,
            0.232,
            0.227,
            0.22,
            0.212,
            0.212,
            0.208
        ],
        [
            0.266,
            0.259,
            0.248,
            0.234,
            0.227,
            0.22,
            0.213,
            0.212,
            0.213
        ],
        [
            0.264,
            0.261,
            0.252,
            0.233,
            0.226,
            0.221,
            0.21,
            0.213,
            0.211
        ],
        [
            0.265,
            0.259,
            0.247,
            0.231,
            0.223,
            0.216,
            0.215,
            0.21,
            0.211
        ],
        [
            0.264,
            0.26,
            0.248,
            0.232,
            0.228,
            0.215,
            0.217,
            0.21,
            0.212
        ],
        [
            0.263,
            0.26,
            0.246,
            0.239,
            0.228,
            0.218,
            0.21,
            0.215,
            0.213
        ],
        [
            0.263,
            0.257,
            0.244,
            0.241,
            0.228,
            0.216,
            0.211,
            0.213,
            0.21
        ],
        [
            0.263,
            0.261,
            0.248,
            0.242,
            0.227,
            0.219,
            0.214,
            0.216,
            0.212
        ],
        [
            0.261,
            0.261,
            0.246,
            0.239,
            0.225,
            0.218,
            0.211,
            0.212,
            0.213
        ],
        [
            0.261,
            0.262,
            0.247,
            0.234,
            0.226,
            0.217,
            0.208,
            0.212,
            0.21
        ],
        [
            0.262,
            0.259,
            0.25,
            0.231,
            0.223,
            0.217,
            0.209,
            0.209,
            0.212
        ],
        [
            0.263,
            0.262,
            0.248,
            0.235,
            0.222,
            0.216,
            0.212,
            0.207,
            0.214
        ],
        [
            0.263,
            0.262,
            0.248,
            0.237,
            0.223,
            0.209,
            0.214,
            0.209,
            0.213
        ],
        [
            0.265,
            0.263,
            0.249,
            0.239,
            0.22,
            0.214,
            0.217,
            0.206,
            0.213
        ],
        [
            0.263,
            0.262,
            0.244,
            0.241,
            0.223,
            0.211,
            0.222,
            0.208,
            0.213
        ],
