{
    "event_type": "flower_visit",
    "event_id": "flower_2_20260409152346857168",
    "flower_id": "flower_2",
    "background_dist": 0.23,
    "start_time": 1775766223.1244302,
    "end_time": 1775766226.857056,
    "num_scans": 56,
    "angles": [
        162,
        163,
        164,
        165,
        166,
        167,
        168,
        169,
        170,
        171,
        172,
        173
    ],
    "distance_series": [
        [
            0.252,
            0.219,
            0.215,
            0.218,
            0.214,
            0.197,
            0.177,
            0.175,
            0.177,
            0.17,
            0.168,
            0.186
        ],
        [
            0.251,
            0.215,
            0.219,
            0.217,
            0.202,
            0.187,
            0.175,
            0.175,
            0.172,
            0.166,
            0.167,
            0.199
        ],
        [
            0.248,
            0.216,
            0.212,
            0.208,
            0.192,
            0.185,
            0.177,
            0.172,
            0.171,
            0.168,
            0.171,
            0.213
        ],
        [
            0.252,
            0.223,
            0.213,
            0.201,
            0.188,
            0.181,
            0.174,
            0.171,
            0.167,
            0.171,
            0.18,
            0.231
        ],
        [
            0.253,
            0.222,
            0.214,
            0.19,
            0.187,
            0.18,
            0.176,
            0.171,
            0.17,
            0.171,
            0.184,
            0.247
        ],
        [
            0.25,
            0.224,
            0.217,
            0.188,
            0.184,
            0.181,
            0.179,
            0.174,
            0.173,
            0.171,
            0.187,
            0.257
        ],
        [
            0.25,
            0.223,
            0.214,
            0.192,
            0.185,
            0.18,
            0.186,
            0.177,
            0.173,
            0.171,
            0.189,
            0.254
        ],
        [
            0.249,
            0.225,
            0.217,
            0.197,
            0.189,
            0.186,
            0.186,
            0.183,
            0.173,
            0.171,
            0.181,
            0.25
        ],
        [
            0.249,
            0.228,
            0.223,
            0.204,
            0.189,
            0.182,
            0.184,
            0.181,
            0.174,
            0.171,
            0.177,
            0.236
        ],
        [
            0.252,
            0.228,
            0.222,
            0.213,
            0.187,
            0.186,
            0.179,
            0.183,
            0.173,
            0.168,
            0.175,
            0.229
        ],
        [
            0.256,
            0.225,
            0.22,
            0.211,
            0.187,
            0.186,
            0.176,
            0.176,
            0.172,
            0.168,
            0.173,
            0.225
        ],
        [
            0.258,
            0.22,
            0.217,
            0.211,
            0.187,
            0.184,
            0.176,
            0.177,
            0.172,
            0.166,
            0.175,
            0.227
        ],
        [
            0.258,
            0.22,
            0.212,
            0.208,
            0.185,
            0.182,
            0.175,
            0.181,
            0.169,
            0.166,
            0.174,
            0.235
        ],
        [
            0.26,
            0.224,
            0.214,
            0.201,
            0.182,
            0.181,
            0.177,
            0.181,
            0.169,
            0.169,
            0.177,
            0.239
        ],
        [
            0.258,
            0.224,
            0.213,
            0.195,
            0.181,
            0.181,
            0.18,
            0.18,
            0.171,
            0.168,
            0.184,
            0.253
        ],
        [
            0.255,
            0.222,
            0.206,
            0.19,
            0.179,
            0.181,
            0.178,
            0.177,
            0.174,
            0.173,
            0.191,
            0.263
        ],
        [
            0.25,
            0.221,
            0.207,
            0.192,
            0.179,
            0.179,
            0.183,
            0.175,
            0.175,
            0.175,
            0.203,
            0.273
        ],
        [
            0.249,
            0.225,
            0.206,
            0.195,
            0.18,
            0.176,
            0.18,
            0.17,
            0.174,
            0.174,
            0.205,
            0.278
        ],
        [
            0.244,
            0.223,
            0.207,
            0.201,
            0.183,
            0.173,
            0.183,
            0.172,
            0.17,
            0.173,
            0.199,
            0.278
        ],
        [
            0.246,
            0.216,
            0.212,
            0.208,
            0.183,
            0.175,
            0.186,
            0.174,
            0.169,
            0.172,
            0.192,
            0.27
        ],
        [
            0.255,
            0.221,
            0.213,
            0.206,
            0.185,
            0.172,
            0.182,
            0.176,
            0.167,
            0.17,
            0.178,
            0.257
        ],
        [
            0.254,
            0.226,
            0.22,
            0.205,
            0.187,
            0.172,
            0.18,
            0.181,
            0.168,
            0.169,
            0.174,
            0.243
        ],
        [
            0.261,
            0.228,
            0.219,
            0.198,
            0.19,
            0.179,
            0.177,
            0.181,
            0.167,
            0.168,
            0.176,
            0.241
        ],
        [
            0.262,
            0.226,
            0.208,
            0.191,
            0.183,
            0.179,
            0.178,
            0.178,
            0.171,
            0.17,
            0.183,
            0.251
        ],
        [
            0.253,
            0.219,
            0.202,
            0.188,
            0.181,
            0.179,
            0.175,
            0.173,
            0.171,
            0.173,
            0.198,
            0.264
        ],
        [
            0.249,
            0.207,
            0.186,
            0.18,
            0.18,
            0.182,
            0.174,
            0.17,
            0.173,
            0.184,
            0.215,
            0.28
        ],
        [
            0.233,
            0.195,
            0.18,
            0.174,
            0.175,
            0.178,
            0.175,
            0.169,
            0.177,
            0.192,
            0.224,
            0.279
        ],
        [
            0.231,
            0.192,
            0.175,
            0.173,
            0.173,
            0.18,
            0.168,
            0.172,
            0.173,
            0.195,
            0.231,
            0.28
        ],
        [
            0.235,
            0.197,
            0.177,
            0.175,
            0.176,
            0.178,
            0.164,
            0.17,
            0.176,
            0.189,
            0.227,
            0.284
        ],
        [
            0.235,
            0.211,
            0.185,
            0.183,
            0.174,
            0.178,
            0.166,
            0.167,
            0.174,
            0.181,
            0.217,
            0.279
        ],
        [
            0.244,
            0.217,
            0.194,
            0.189,
            0.173,
            0.177,
            0.169,
