{
    "event_type": "flower_visit",
    "event_id": "flower_1_20260410195622212600",
    "flower_id": "flower_1",
    "background_dist": 0.19,
    "start_time": 1775868979.745847,
    "end_time": 1775868982.2124648,
    "num_scans": 37,
    "angles": [
        105,
        106,
        107,
        108,
        109,
        110,
        111,
        112,
        113,
        114,
        115,
        116
    ],
    "distance_series": [
        [
            0.157,
            0.167,
            0.167,
            0.157,
            0.155,
            0.154,
            0.148,
            0.163,
            0.15,
            0.149,
            0.157,
            0.148
        ],
        [
            0.155,
            0.167,
            0.163,
            0.158,
            0.156,
            0.159,
            0.145,
            0.158,
            0.148,
            0.155,
            0.154,
            0.147
        ],
        [
            0.154,
            0.169,
            0.166,
            0.159,
            0.151,
            0.158,
            0.147,
            0.158,
            0.151,
            0.152,
            0.154,
            0.147
        ],
        [
            0.158,
            0.17,
            0.178,
            0.159,
            0.153,
            0.149,
            0.148,
            0.156,
            0.149,
            0.153,
            0.154,
            0.149
        ],
        [
            0.17,
            0.173,
            0.18,
            0.164,
            0.153,
            0.143,
            0.149,
            0.153,
            0.148,
            0.151,
            0.163,
            0.158
        ],
        [
            0.179,
            0.18,
            0.19,
            0.174,
            0.151,
            0.147,
            0.146,
            0.155,
            0.153,
            0.159,
            0.165,
            0.167
        ],
        [
            0.186,
            0.182,
            0.188,
            0.179,
            0.154,
            0.147,
            0.144,
            0.157,
            0.155,
            0.157,
            0.163,
            0.172
        ],
        [
            0.186,
            0.185,
            0.182,
            0.179,
            0.157,
            0.146,
            0.146,
            0.156,
            0.153,
            0.157,
            0.167,
            0.173
        ],
        [
            0.184,
            0.186,
            0.179,
            0.177,
            0.152,
            0.147,
            0.149,
            0.156,
            0.154,
            0.153,
            0.168,
            0.169
        ],
        [
            0.179,
            0.182,
            0.178,
            0.167,
            0.15,
            0.141,
            0.145,
            0.152,
            0.152,
            0.15,
            0.17,
            0.164
        ],
        [
            0.17,
            0.188,
            0.179,
            0.169,
            0.149,
            0.145,
            0.142,
            0.153,
            0.15,
            0.15,
            0.172,
            0.163
        ],
        [
            0.168,
            0.189,
            0.181,
            0.171,
            0.151,
            0.147,
            0.138,
            0.152,
            0.151,
            0.149,
            0.169,
            0.163
        ],
        [
            0.163,
            0.185,
            0.183,
            0.169,
            0.152,
            0.148,
            0.137,
            0.151,
            0.149,
            0.149,
            0.163,
            0.161
        ],
        [
            0.165,
            0.184,
            0.18,
            0.168,
            0.154,
            0.147,
            0.144,
            0.152,
            0.15,
            0.148,
            0.164,
            0.161
        ],
        [
            0.163,
            0.182,
            0.183,
            0.161,
            0.153,
            0.148,
            0.142,
            0.149,
            0.15,
            0.147,
            0.163,
            0.159
        ],
        [
            0.163,
            0.183,
            0.182,
            0.156,
            0.153,
            0.146,
            0.137,
            0.149,
            0.152,
            0.15,
            0.159,
            0.162
        ],
        [
            0.166,
            0.182,
            0.179,
            0.156,
            0.152,
            0.146,
            0.142,
            0.146,
            0.153,
            0.152,
            0.156,
            0.16
        ],
        [
            0.17,
            0.188,
            0.185,
            0.164,
            0.153,
            0.148,
            0.143,
            0.149,
            0.155,
            0.147,
            0.163,
            0.164
        ],
        [
            0.187,
            0.193,
            0.179,
            0.166,
            0.152,
            0.145,
            0.143,
            0.149,
            0.154,
            0.148,
            0.173,
            0.161
        ],
        [
            0.185,
            0.189,
            0.178,
            0.174,
            0.153,
            0.146,
            0.144,
            0.153,
            0.149,
            0.15,
            0.17,
            0.169
        ],
        [
            0.183,
            0.19,
            0.177,
            0.179,
            0.153,
            0.137,
            0.139,
            0.154,
            0.148,
            0.152,
            0.167,
            0.175
        ],
        [
            0.183,
            0.192,
            0.176,
            0.175,
            0.154,
            0.139,
            0.145,
            0.157,
            0.15,
            0.154,
            0.169,
            0.177
        ],
        [
            0.18,
            0.188,
            0.181,
            0.171,
            0.156,
            0.145,
            0.148,
            0.159,
            0.154,
            0.149,
            0.165,
            0.173
        ],
        [
            0.181,
            0.183,
            0.174,
            0.162,
            0.154,
            0.139,
            0.143,
            0.159,
            0.156,
            0.146,
            0.164,
            0.164
        ],
        [
            0.171,
            0.17,
            0.163,
            0.155,
            0.156,
            0.145,
            0.141,
            0.16,
            0.153,
            0.143,
            0.159,
            0.152
        ],
        [
            0.164,
            0.161,
            0.161,
            0.154,
            0.152,
            0.145,
            0.143,
            0.157,
            0.149,
            0.143,
            0.151,
            0.148
        ],
        [
            0.152,
            0.152,
            0.15,
            0.145,
            0.149,
            0.143,
            0.14,
            0.158,
            0.152,
            0.148,
            0.15,
            0.162
        ],
        [
            0.15,
            0.147,
            0.152,
            0.15,
            0.154,
            0.153,
            0.148,
            0.162,
            0.16,
            0.159,
            0.162,
            0.175
        ],
        [
            0.147,
            0.155,
            0.158,
            0.156,
            0.159,
            0.16,
            0.156,
            0.168,
            0.171,
            0.175,
            0.174,
            0.192
        ],
        [
            0.166,
            0.169,
            0.161,
            0.164,
            0.168,
            0.167,
            0.165,
            0.179,
            0.188,
            0.183,
            0.188,
            0.199
        ],
        [
            0.173,
            0.181,
            0.169,
            0.179,
            0.182,
            0.176,
            0.175,
