{
    "event_type": "flower_visit",
    "event_id": "flower_1_20260412180709964990",
    "flower_id": "flower_1",
    "background_dist": 0.35,
    "start_time": 1776035227.898738,
    "end_time": 1776035229.964845,
    "num_scans": 31,
    "angles": [
        88,
        89,
        90,
        91,
        92,
        93,
        94
    ],
    "distance_series": [
        [
            0.301,
            0.334,
            0.339,
            0.343,
            0.346,
            0.358,
            0.36
        ],
        [
            0.301,
            0.335,
            0.345,
            0.347,
            0.341,
            0.36,
            0.358
        ],
        [
            0.304,
            0.336,
            0.341,
            0.345,
            0.341,
            0.358,
            0.356
        ],
        [
            0.302,
            0.338,
            0.344,
            0.344,
            0.343,
            0.356,
            0.355
        ],
        [
            0.302,
            0.334,
            0.342,
            0.339,
            0.349,
            0.353,
            0.351
        ],
        [
            0.305,
            0.336,
            0.344,
            0.343,
            0.349,
            0.348,
            0.353
        ],
        [
            0.306,
            0.339,
            0.341,
            0.347,
            0.352,
            0.344,
            0.356
        ],
        [
            0.306,
            0.339,
            0.344,
            0.343,
            0.35,
            0.35,
            0.359
        ],
        [
            0.306,
            0.342,
            0.346,
            0.345,
            0.345,
            0.35,
            0.365
        ],
        [
            0.303,
            0.343,
            0.338,
            0.342,
            0.343,
            0.354,
            0.362
        ],
        [
            0.304,
            0.341,
            0.344,
            0.348,
            0.34,
            0.354,
            0.365
        ],
        [
            0.307,
            0.341,
            0.343,
            0.35,
            0.344,
            0.353,
            0.362
        ],
        [
            0.308,
            0.336,
            0.345,
            0.352,
            0.348,
            0.362,
            0.36
        ],
        [
            0.306,
            0.331,
            0.347,
            0.353,
            0.35,
            0.362,
            0.365
        ],
        [
            0.308,
            0.327,
            0.345,
            0.353,
            0.353,
            0.363,
            0.358
        ],
        [
            0.303,
            0.326,
            0.347,
            0.352,
            0.347,
            0.361,
            0.36
        ],
        [
            0.301,
            0.33,
            0.35,
            0.353,
            0.348,
            0.355,
            0.362
        ],
        [
            0.303,
            0.331,
            0.348,
            0.349,
            0.351,
            0.356,
            0.36
        ],
        [
            0.304,
            0.336,
            0.352,
            0.347,
            0.348,
            0.355,
            0.364
        ],
        [
            0.304,
            0.338,
            0.349,
            0.346,
            0.35,
            0.355,
            0.365
        ],
        [
            0.307,
            0.34,
            0.35,
            0.348,
            0.353,
            0.354,
            0.362
        ],
        [
            0.312,
            0.346,
            0.354,
            0.352,
            0.353,
            0.351,
            0.362
        ],
        [
            0.307,
            0.341,
            0.354,
            0.359,
            0.353,
            0.35,
            0.362
        ],
        [
            0.322,
            0.351,
            0.351,
            0.357,
            0.35,
            0.351,
            0.36
        ],
        [
            0.333,
            0.349,
            0.349,
            0.352,
            0.349,
            0.351,
            0.364
        ],
        [
            0.342,
            0.35,
            0.348,
            0.353,
            0.35,
            0.355,
            0.363
        ],
        [
            0.358,
            0.354,
            0.352,
            0.356,
            0.353,
            0.356,
            0.361
        ],
        [
            0.361,
            0.355,
            0.357,
            0.357,
            0.359,
            0.357,
            0.361
        ],
        [
            0.356,
            0.357,
            0.359,
            0.357,
            0.359,
            0.355,
            0.359
        ],
        [
            0.357,
            0.355,
            0.36,
            0.357,
            0.357,
            0.353,
            0.357
        ],
        [
            0.352,
            0.352,
            0.357,
            0.354,
            0.351,
            0.352,
            0.36
        ]
    ],
    "timestamp": "2026-04-12T18:07:09.965132",
    "label": "not_bee"
}