{
    "event_type": "flower_visit",
    "event_id": "flower_1_20260410205015852500",
    "flower_id": "flower_1",
    "background_dist": 0.34,
    "start_time": 1775872211.651859,
    "end_time": 1775872215.8523579,
    "num_scans": 63,
    "angles": [
        124,
        125,
        126,
        127,
        128,
        129,
        130,
        131,
        132
    ],
    "distance_series": [
        [
            0.295,
            0.288,
            0.294,
            0.282,
            0.28,
            0.284,
            0.28,
            0.282,
            0.284
        ],
        [
            0.299,
            0.291,
            0.292,
            0.28,
            0.28,
            0.287,
            0.286,
            0.285,
            0.273
        ],
        [
            0.296,
            0.291,
            0.296,
            0.294,
            0.292,
            0.292,
            0.291,
            0.29,
            0.278
        ],
        [
            0.293,
            0.3,
            0.308,
            0.296,
            0.303,
            0.305,
            0.304,
            0.301,
            0.287
        ],
        [
            0.29,
            0.302,
            0.314,
            0.298,
            0.318,
            0.308,
            0.318,
            0.313,
            0.295
        ],
        [
            0.288,
            0.308,
            0.33,
            0.306,
            0.329,
            0.314,
            0.328,
            0.32,
            0.298
        ],
        [
            0.287,
            0.314,
            0.329,
            0.313,
            0.33,
            0.326,
            0.325,
            0.322,
            0.297
        ],
        [
            0.288,
            0.317,
            0.33,
            0.313,
            0.33,
            0.32,
            0.325,
            0.33,
            0.3
        ],
        [
            0.286,
            0.325,
            0.333,
            0.313,
            0.331,
            0.324,
            0.329,
            0.335,
            0.303
        ],
        [
            0.288,
            0.325,
            0.327,
            0.314,
            0.326,
            0.321,
            0.325,
            0.33,
            0.307
        ],
        [
            0.288,
            0.326,
            0.332,
            0.317,
            0.333,
            0.316,
            0.331,
            0.325,
            0.304
        ],
        [
            0.289,
            0.32,
            0.329,
            0.312,
            0.331,
            0.321,
            0.332,
            0.32,
            0.299
        ],
        [
            0.289,
            0.321,
            0.331,
            0.314,
            0.331,
            0.322,
            0.33,
            0.32,
            0.297
        ],
        [
            0.287,
            0.322,
            0.332,
            0.313,
            0.329,
            0.321,
            0.331,
            0.326,
            0.295
        ],
        [
            0.286,
            0.322,
            0.326,
            0.31,
            0.331,
            0.322,
            0.333,
            0.324,
            0.293
        ],
        [
            0.287,
            0.32,
            0.322,
            0.315,
            0.334,
            0.319,
            0.335,
            0.316,
            0.297
        ],
        [
            0.287,
            0.315,
            0.32,
            0.311,
            0.332,
            0.321,
            0.329,
            0.309,
            0.298
        ],
        [
            0.286,
            0.312,
            0.316,
            0.307,
            0.33,
            0.318,
            0.334,
            0.306,
            0.298
        ],
        [
            0.286,
            0.294,
            0.315,
            0.311,
            0.327,
            0.322,
            0.333,
            0.304,
            0.301
        ],
        [
            0.287,
            0.296,
            0.316,
            0.308,
            0.326,
            0.323,
            0.333,
            0.314,
            0.302
        ],
        [
            0.287,
            0.296,
            0.313,
            0.304,
            0.327,
            0.319,
            0.332,
            0.31,
            0.302
        ],
        [
            0.287,
            0.293,
            0.318,
            0.299,
            0.322,
            0.321,
            0.332,
            0.31,
            0.304
        ],
        [
            0.289,
            0.304,
            0.313,
            0.296,
            0.322,
            0.325,
            0.33,
            0.319,
            0.303
        ],
        [
            0.288,
            0.303,
            0.313,
            0.301,
            0.321,
            0.316,
            0.332,
            0.319,
            0.302
        ],
        [
            0.288,
            0.306,
            0.31,
            0.302,
            0.326,
            0.314,
            0.333,
            0.315,
            0.3
        ],
        [
            0.288,
            0.304,
            0.303,
            0.302,
            0.321,
            0.314,
            0.333,
            0.316,
            0.305
        ],
        [
            0.285,
            0.303,
            0.306,
            0.299,
            0.322,
            0.315,
            0.332,
            0.316,
            0.302
        ],
        [
            0.283,
            0.299,
            0.304,
            0.297,
            0.326,
            0.317,
            0.325,
            0.314,
            0.303
        ],
        [
            0.285,
            0.295,
            0.304,
            0.293,
            0.32,
            0.318,
            0.321,
            0.309,
            0.307
        ],
        [
            0.284,
            0.294,
            0.303,
            0.292,
            0.32,
            0.315,
            0.318,
            0.311,
            0.304
        ],
        [
            0.285,
            0.296,
            0.304,
            0.296,
            0.321,
            0.317,
            0.32,
            0.314,
            0.303
        ],
        [
            0.283,
            0.295,
            0.306,
            0.303,
            0.319,
            0.315,
            0.319,
            0.312,
            0.305
        ],
        [
            0.284,
            0.296,
            0.303,
            0.302,
            0.317,
            0.312,
            0.321,
            0.317,
            0.305
        ],
        [
            0.289,
            0.297,
            0.302,
            0.3,
            0.315,
            0.312,
            0.324,
            0.317,
            0.3
        ],
        [
            0.289,
            0.297,
            0.305,
            0.299,
            0.312,
            0.309,
            0.322,
            0.312,
            0.299
        ],
        [
            0.29,
            0.298,
            0.303,
            0.296,
            0.308,
            0.305,
            0.323,
            0.306,
            0.295
        ],
        [
            0.287,
            0.297,
            0.301,
            0.3,
            0.3,
            0.307,
            0.321,
            0.304,
            0.296
        ],
        [
            0.286,
            0.295,
            0.304,
            0.302,
            0.309,
            0.312,
            0.321,
            0.308,
            0.296
        ],
        [
            0.285,
            0.295,
            0.298,
            0.301,
            0.307,
            0.316,
            0.323,
            0.312,
            0.3
        ],
        [
            0.284,
            0.297,
            0.302,
            0.304,
            0.311,
            0.314,
            0.326,
            0.315,
            0.305
        ],
