{
    "event_type": "flower_visit",
    "event_id": "flower_2_20260409152429990923",
    "flower_id": "flower_2",
    "background_dist": 0.23,
    "start_time": 1775766267.9908779,
    "end_time": 1775766269.990752,
    "num_scans": 30,
    "angles": [
        162,
        163,
        164,
        165,
        166,
        167,
        168,
        169,
        170,
        171,
        172,
        173
    ],
    "distance_series": [
        [
            0.25,
            0.23,
            0.221,
            0.208,
            0.19,
            0.187,
            0.181,
            0.184,
            0.178,
            0.172,
            0.194,
            0.262
        ],
        [
            0.251,
            0.228,
            0.216,
            0.198,
            0.183,
            0.186,
            0.186,
            0.182,
            0.177,
            0.177,
            0.201,
            0.272
        ],
        [
            0.257,
            0.227,
            0.21,
            0.191,
            0.182,
            0.193,
            0.184,
            0.173,
            0.173,
            0.177,
            0.21,
            0.281
        ],
        [
            0.26,
            0.223,
            0.201,
            0.185,
            0.183,
            0.193,
            0.18,
            0.174,
            0.174,
            0.182,
            0.222,
            0.285
        ],
        [
            0.257,
            0.22,
            0.201,
            0.189,
            0.183,
            0.198,
            0.181,
            0.177,
            0.175,
            0.185,
            0.23,
            0.282
        ],
        [
            0.263,
            0.218,
            0.205,
            0.191,
            0.181,
            0.195,
            0.183,
            0.176,
            0.171,
            0.187,
            0.228,
            0.278
        ],
        [
            0.257,
            0.216,
            0.209,
            0.194,
            0.181,
            0.188,
            0.183,
            0.175,
            0.177,
            0.197,
            0.226,
            0.281
        ],
        [
            0.253,
            0.214,
            0.211,
            0.195,
            0.184,
            0.183,
            0.183,
            0.175,
            0.178,
            0.203,
            0.219,
            0.284
        ],
        [
            0.26,
            0.222,
            0.21,
            0.19,
            0.186,
            0.182,
            0.181,
            0.173,
            0.182,
            0.207,
            0.221,
            0.289
        ],
        [
            0.255,
            0.225,
            0.204,
            0.188,
            0.192,
            0.185,
            0.183,
            0.175,
            0.191,
            0.221,
            0.224,
            0.291
        ],
        [
            0.26,
            0.22,
            0.197,
            0.186,
            0.19,
            0.187,
            0.182,
            0.176,
            0.189,
            0.214,
            0.228,
            0.288
        ],
        [
            0.258,
            0.214,
            0.19,
            0.183,
            0.189,
            0.19,
            0.183,
            0.179,
            0.195,
            0.215,
            0.234,
            0.287
        ],
        [
            0.255,
            0.208,
            0.185,
            0.186,
            0.19,
            0.19,
            0.185,
            0.178,
            0.2,
            0.222,
            0.233,
            0.286
        ],
        [
            0.253,
            0.197,
            0.186,
            0.19,
            0.188,
            0.19,
            0.184,
            0.182,
            0.211,
            0.221,
            0.231,
            0.284
        ],
        [
            0.25,
            0.191,
            0.185,
            0.191,
            0.192,
            0.192,
            0.185,
            0.192,
            0.214,
            0.228,
            0.229,
            0.288
        ],
        [
            0.254,
            0.187,
            0.184,
            0.192,
            0.193,
            0.188,
            0.183,
            0.196,
            0.218,
            0.229,
            0.227,
            0.289
        ],
        [
            0.257,
            0.199,
            0.187,
            0.189,
            0.191,
            0.186,
            0.183,
            0.197,
            0.209,
            0.226,
            0.226,
            0.291
        ],
        [
            0.255,
            0.207,
            0.194,
            0.197,
            0.184,
            0.182,
            0.181,
            0.195,
            0.198,
            0.221,
            0.227,
            0.298
        ],
        [
            0.257,
            0.219,
            0.202,
            0.202,
            0.176,
            0.183,
            0.177,
            0.186,
            0.192,
            0.213,
            0.227,
            0.297
        ],
        [
            0.255,
            0.226,
            0.215,
            0.211,
            0.175,
            0.181,
            0.181,
            0.176,
            0.182,
            0.206,
            0.229,
            0.301
        ],
        [
            0.256,
            0.225,
            0.211,
            0.212,
            0.179,
            0.176,
            0.184,
            0.191,
            0.181,
            0.208,
            0.233,
            0.299
        ],
        [
            0.261,
            0.23,
            0.209,
            0.213,
            0.185,
            0.188,
            0.196,
            0.201,
            0.193,
            0.211,
            0.234,
            0.292
        ],
        [
            0.258,
            0.227,
            0.21,
            0.212,
            0.197,
            0.199,
            0.206,
            0.213,
            0.205,
            0.215,
            0.234,
            0.29
        ],
        [
            0.263,
            0.225,
            0.214,
            0.212,
            0.205,
            0.213,
            0.214,
            0.219,
            0.215,
            0.222,
            0.235,
            0.291
        ],
        [
            0.261,
            0.226,
            0.227,
            0.22,
            0.215,
            0.219,
            0.221,
            0.219,
            0.222,
            0.22,
            0.234,
            0.292
        ],
        [
            0.26,
            0.223,
            0.223,
            0.22,
            0.213,
            0.217,
            0.218,
            0.218,
            0.224,
            0.221,
            0.23,
            0.293
        ],
        [
            0.259,
            0.221,
            0.228,
            0.223,
            0.216,
            0.221,
            0.217,
            0.217,
            0.223,
            0.217,
            0.229,
            0.292
        ],
        [
            0.257,
            0.226,
            0.229,
            0.223,
            0.216,
            0.221,
            0.217,
            0.217,
            0.223,
            0.224,
            0.226,
            0.287
        ],
        [
            0.254,
            0.226,
            0.228,
            0.224,
            0.219,
            0.22,
            0.218,
            0.217,
            0.218,
            0.228,
            0.226,
            0.283
        ],
        [
            0.252,
            0.226,
            0.217,
            0.218,
            0.219,
            0.219,
            0.22,
            0.219,
            0.219,
            0.231,
            0.226,
            0.278
        ]
    ],
    "timestamp": "2026-04-09T15:24:29.991004",
    "label": "bee"
}