{
    "event_type": "flower_visit",
    "event_id": "flower_1_20260412164717146762",
    "flower_id": "flower_1",
    "background_dist": 0.32,
    "start_time": 1776030431.613056,
    "end_time": 1776030437.146604,
    "num_scans": 83,
    "angles": [
        81,
        82,
        83,
        84,
        85,
        86
    ],
    "distance_series": [
        [
            0.268,
            0.288,
            0.288,
            0.269,
            0.272,
            0.277
        ],
        [
            0.263,
            0.285,
            0.285,
            0.267,
            0.271,
            0.276
        ],
        [
            0.265,
            0.286,
            0.288,
            0.269,
            0.273,
            0.279
        ],
        [
            0.27,
            0.287,
            0.288,
            0.27,
            0.274,
            0.278
        ],
        [
            0.27,
            0.291,
            0.287,
            0.271,
            0.275,
            0.277
        ],
        [
            0.273,
            0.292,
            0.291,
            0.27,
            0.277,
            0.277
        ],
        [
            0.272,
            0.289,
            0.29,
            0.276,
            0.276,
            0.279
        ],
        [
            0.271,
            0.288,
            0.291,
            0.276,
            0.275,
            0.277
        ],
        [
            0.269,
            0.287,
            0.288,
            0.273,
            0.272,
            0.278
        ],
        [
            0.272,
            0.281,
            0.289,
            0.274,
            0.271,
            0.273
        ],
        [
            0.272,
            0.283,
            0.286,
            0.275,
            0.272,
            0.273
        ],
        [
            0.271,
            0.282,
            0.285,
            0.271,
            0.27,
            0.275
        ],
        [
            0.274,
            0.284,
            0.283,
            0.271,
            0.273,
            0.277
        ],
        [
            0.274,
            0.289,
            0.283,
            0.272,
            0.273,
            0.279
        ],
        [
            0.273,
            0.289,
            0.283,
            0.271,
            0.274,
            0.282
        ],
        [
            0.272,
            0.287,
            0.284,
            0.274,
            0.276,
            0.279
        ],
        [
            0.268,
            0.286,
            0.282,
            0.27,
            0.274,
            0.28
        ],
        [
            0.265,
            0.285,
            0.282,
            0.268,
            0.273,
            0.278
        ],
        [
            0.266,
            0.284,
            0.282,
            0.269,
            0.274,
            0.274
        ],
        [
            0.261,
            0.282,
            0.28,
            0.268,
            0.269,
            0.275
        ],
        [
            0.263,
            0.28,
            0.281,
            0.262,
            0.268,
            0.277
        ],
        [
            0.265,
            0.274,
            0.282,
            0.261,
            0.268,
            0.276
        ],
        [
            0.263,
            0.275,
            0.279,
            0.266,
            0.267,
            0.276
        ],
        [
            0.265,
            0.276,
            0.281,
            0.264,
            0.267,
            0.273
        ],
        [
            0.262,
            0.278,
            0.282,
            0.267,
            0.268,
            0.274
        ],
        [
            0.261,
            0.281,
            0.283,
            0.27,
            0.269,
            0.274
        ],
        [
            0.263,
            0.281,
            0.28,
            0.268,
            0.268,
            0.279
        ],
        [
            0.263,
            0.284,
            0.283,
            0.269,
            0.269,
            0.278
        ],
        [
            0.265,
            0.284,
            0.278,
            0.271,
            0.27,
            0.274
        ],
        [
            0.265,
            0.283,
            0.277,
            0.268,
            0.269,
            0.275
        ],
        [
            0.265,
            0.284,
            0.278,
            0.27,
            0.267,
            0.273
        ],
        [
            0.26,
            0.281,
            0.275,
            0.265,
            0.264,
            0.272
        ],
        [
            0.258,
            0.272,
            0.275,
            0.265,
            0.265,
            0.274
        ],
        [
            0.258,
            0.271,
            0.273,
            0.263,
            0.265,
            0.276
        ],
        [
            0.257,
            0.271,
            0.271,
            0.259,
            0.267,
            0.278
        ],
        [
            0.258,
            0.273,
            0.272,
            0.265,
            0.263,
            0.278
        ],
        [
            0.259,
            0.272,
            0.27,
            0.266,
            0.263,
            0.276
        ],
        [
            0.259,
            0.274,
            0.275,
            0.266,
            0.263,
            0.275
        ],
        [
            0.256,
            0.274,
            0.276,
            0.267,
            0.265,
            0.273
        ],
        [
            0.256,
            0.275,
            0.278,
            0.265,
            0.265,
            0.273
        ],
        [
            0.257,
            0.274,
            0.276,
            0.267,
            0.264,
            0.273
        ],
        [
            0.256,
            0.274,
            0.273,
            0.266,
            0.262,
            0.271
        ],
        [
            0.258,
            0.274,
            0.27,
            0.269,
            0.262,
            0.273
        ],
        [
            0.262,
            0.275,
            0.271,
            0.268,
            0.262,
            0.274
        ],
        [
            0.263,
            0.274,
            0.275,
            0.268,
            0.262,
            0.273
        ],
        [
            0.264,
            0.276,
            0.279,
            0.266,
            0.265,
            0.273
        ],
        [
            0.266,
            0.275,
            0.279,
            0.266,
            0.264,
            0.273
        ],
        [
            0.264,
            0.276,
            0.282,
            0.268,
            0.263,
            0.274
        ],
        [
            0.263,
            0.278,
            0.278,
            0.263,
            0.261,
            0.273
        ],
        [
            0.262,
            0.277,
            0.275,
            0.262,
            0.259,
            0.275
        ],
        [
            0.259,
            0.277,
            0.276,
            0.263,
            0.262,
            0.273
        ],
        [
            0.258,
            0.277,
            0.273,
            0.262,
            0.261,
            0.271
        ],
        [
            0.259,
            0.277,
            0.274,
            0.264,
            0.262,
            0.271
        ],
        [
            0.259,
            0.277,
            0.27,
            0.265,
            0.265,
            0.272
        ],
        [
            0.259,
            0.277,
            0.27,
            0.264,
            0.264,
            0.275
        ],
        [
            0.259,
            0.275,
            0.271,
            0.264,
            0.264,
            0.276
        ],
        [
            0.26,
            0.277,
            0.274,
            0.264,
            0.266,
            0.272
        ],
        [
