{
    "event_type": "flower_visit",
    "event_id": "flower_1_20260409164117939389",
    "flower_id": "flower_1",
    "background_dist": 0.2,
    "start_time": 1775770874.0725179,
    "end_time": 1775770877.939244,
    "num_scans": 58,
    "angles": [
        76,
        77,
        78,
        79,
        80,
        81,
        82,
        83,
        84,
        85,
        86,
        87,
        88
    ],
    "distance_series": [
        [
            0.198,
            0.167,
            0.16,
            0.161,
            0.163,
            0.165,
            0.181,
            0.184,
            0.2,
            0.195,
            0.211,
            0.198,
            0.144
        ],
        [
            0.201,
            0.174,
            0.164,
            0.162,
            0.161,
            0.166,
            0.181,
            0.185,
            0.2,
            0.194,
            0.209,
            0.2,
            0.164
        ],
        [
            0.211,
            0.174,
            0.166,
            0.154,
            0.163,
            0.166,
            0.18,
            0.185,
            0.201,
            0.2,
            0.205,
            0.197,
            0.188
        ],
        [
            0.205,
            0.176,
            0.164,
            0.154,
            0.164,
            0.169,
            0.183,
            0.188,
            0.208,
            0.199,
            0.204,
            0.198,
            0.188
        ],
        [
            0.2,
            0.179,
            0.161,
            0.152,
            0.165,
            0.171,
            0.181,
            0.191,
            0.198,
            0.205,
            0.203,
            0.2,
            0.188
        ],
        [
            0.202,
            0.179,
            0.164,
            0.152,
            0.166,
            0.177,
            0.185,
            0.195,
            0.195,
            0.205,
            0.203,
            0.201,
            0.0
        ],
        [
            0.205,
            0.186,
            0.173,
            0.157,
            0.16,
            0.171,
            0.186,
            0.197,
            0.196,
            0.203,
            0.199,
            0.201,
            0.0
        ],
        [
            0.21,
            0.187,
            0.175,
            0.156,
            0.156,
            0.166,
            0.186,
            0.193,
            0.195,
            0.2,
            0.204,
            0.199,
            0.0
        ],
        [
            0.214,
            0.185,
            0.176,
            0.155,
            0.155,
            0.164,
            0.185,
            0.188,
            0.199,
            0.204,
            0.206,
            0.201,
            0.0
        ],
        [
            0.217,
            0.176,
            0.174,
            0.159,
            0.153,
            0.155,
            0.183,
            0.185,
            0.197,
            0.203,
            0.209,
            0.202,
            0.0
        ],
        [
            0.202,
            0.167,
            0.163,
            0.157,
            0.16,
            0.158,
            0.173,
            0.185,
            0.199,
            0.206,
            0.203,
            0.204,
            0.133
        ],
        [
            0.187,
            0.167,
            0.161,
            0.156,
            0.156,
            0.16,
            0.177,
            0.187,
            0.202,
            0.203,
            0.204,
            0.208,
            0.141
        ],
        [
            0.178,
            0.164,
            0.16,
            0.16,
            0.161,
            0.167,
            0.179,
            0.194,
            0.203,
            0.206,
            0.195,
            0.209,
            0.148
        ],
        [
            0.168,
            0.162,
            0.164,
            0.163,
            0.17,
            0.171,
            0.181,
            0.195,
            0.206,
            0.204,
            0.203,
            0.205,
            0.156
        ],
        [
            0.174,
            0.163,
            0.162,
            0.164,
            0.178,
            0.174,
            0.19,
            0.198,
            0.205,
            0.205,
            0.207,
            0.204,
            0.164
        ],
        [
            0.185,
            0.167,
            0.159,
            0.165,
            0.178,
            0.178,
            0.189,
            0.199,
            0.204,
            0.203,
            0.203,
            0.206,
            0.17
        ],
        [
            0.188,
            0.167,
            0.161,
            0.168,
            0.172,
            0.176,
            0.183,
            0.194,
            0.206,
            0.204,
            0.209,
            0.203,
            0.174
        ],
        [
            0.198,
            0.171,
            0.163,
            0.162,
            0.169,
            0.171,
            0.18,
            0.194,
            0.203,
            0.201,
            0.206,
            0.2,
            0.167
        ],
        [
            0.207,
            0.17,
            0.163,
            0.163,
            0.166,
            0.167,
            0.179,
            0.193,
            0.2,
            0.206,
            0.201,
            0.194,
            0.0
        ],
        [
            0.197,
            0.172,
            0.168,
            0.163,
            0.162,
            0.163,
            0.179,
            0.191,
            0.196,
            0.203,
            0.203,
            0.196,
            0.0
        ],
        [
            0.196,
            0.168,
            0.168,
            0.161,
            0.161,
            0.159,
            0.181,
            0.196,
            0.198,
            0.203,
            0.208,
            0.201,
            0.0
        ],
        [
            0.191,
            0.164,
            0.162,
            0.161,
            0.164,
            0.165,
            0.186,
            0.2,
            0.2,
            0.201,
            0.204,
            0.202,
            0.147
        ],
        [
            0.179,
            0.164,
            0.16,
            0.163,
            0.169,
            0.166,
            0.185,
            0.203,
            0.203,
            0.2,
            0.209,
            0.203,
            0.16
        ],
        [
            0.184,
            0.169,
            0.16,
            0.169,
            0.176,
            0.168,
            0.191,
            0.199,
            0.203,
            0.201,
            0.204,
            0.201,
            0.186
        ],
        [
            0.183,
            0.167,
            0.16,
            0.171,
            0.178,
            0.17,
            0.188,
            0.196,
            0.2,
            0.202,
            0.203,
            0.2,
            0.186
        ],
        [
            0.177,
            0.171,
            0.167,
            0.172,
            0.176,
            0.174,
            0.185,
            0.192,
            0.206,
            0.204,
            0.207,
            0.2,
            0.182
        ],
        [
            0.19,
            0.171,
            0.168,
            0.171,
            0.17,
            0.172,
            0.185,
            0.187,
            0.201,
            0.205,
            0.205,
            0.201,
            0.183
        ],
        [
            0.194,
            0.173,
            0.17,
            0.172,
            0.162,
            0.17,
            0.182,
            0.19,
            0.203,
            0.203,
            0.209,
            0.201,
            0.165
        ],
        [
            0.199,
            0.178,
            0.177,
            0.174,
            0.161,
            0.17,
            0.186,
