{
    "event_type": "flower_visit",
    "event_id": "flower_2_20260410195709947793",
    "flower_id": "flower_2",
    "background_dist": 0.28,
    "start_time": 1775869026.681588,
    "end_time": 1775869029.947628,
    "num_scans": 49,
    "angles": [
        144,
        145,
        146,
        147,
        148,
        149,
        150,
        151,
        152,
        153
    ],
    "distance_series": [
        [
            0.239,
            0.242,
            0.242,
            0.239,
            0.241,
            0.261,
            0.263,
            0.275,
            0.274,
            0.288
        ],
        [
            0.239,
            0.238,
            0.244,
            0.245,
            0.248,
            0.26,
            0.264,
            0.277,
            0.271,
            0.284
        ],
        [
            0.238,
            0.242,
            0.242,
            0.244,
            0.245,
            0.259,
            0.269,
            0.279,
            0.272,
            0.285
        ],
        [
            0.238,
            0.241,
            0.238,
            0.246,
            0.247,
            0.257,
            0.27,
            0.281,
            0.269,
            0.288
        ],
        [
            0.237,
            0.237,
            0.241,
            0.248,
            0.239,
            0.257,
            0.273,
            0.277,
            0.272,
            0.289
        ],
        [
            0.236,
            0.239,
            0.238,
            0.244,
            0.238,
            0.255,
            0.272,
            0.272,
            0.269,
            0.294
        ],
        [
            0.238,
            0.246,
            0.239,
            0.251,
            0.241,
            0.254,
            0.272,
            0.27,
            0.273,
            0.289
        ],
        [
            0.238,
            0.245,
            0.244,
            0.248,
            0.242,
            0.252,
            0.275,
            0.273,
            0.276,
            0.287
        ],
        [
            0.24,
            0.244,
            0.243,
            0.24,
            0.247,
            0.245,
            0.276,
            0.274,
            0.276,
            0.288
        ],
        [
            0.241,
            0.245,
            0.245,
            0.241,
            0.246,
            0.246,
            0.269,
            0.277,
            0.282,
            0.288
        ],
        [
            0.241,
            0.242,
            0.248,
            0.243,
            0.251,
            0.252,
            0.266,
            0.276,
            0.278,
            0.289
        ],
        [
            0.241,
            0.241,
            0.251,
            0.257,
            0.249,
            0.254,
            0.265,
            0.279,
            0.278,
            0.285
        ],
        [
            0.24,
            0.242,
            0.258,
            0.261,
            0.253,
            0.249,
            0.264,
            0.276,
            0.275,
            0.292
        ],
        [
            0.238,
            0.244,
            0.252,
            0.265,
            0.26,
            0.244,
            0.268,
            0.273,
            0.272,
            0.295
        ],
        [
            0.233,
            0.244,
            0.248,
            0.265,
            0.261,
            0.247,
            0.264,
            0.272,
            0.27,
            0.295
        ],
        [
            0.233,
            0.239,
            0.25,
            0.259,
            0.261,
            0.24,
            0.263,
            0.273,
            0.274,
            0.292
        ],
        [
            0.234,
            0.243,
            0.246,
            0.257,
            0.26,
            0.243,
            0.266,
            0.272,
            0.271,
            0.287
        ],
        [
            0.234,
            0.241,
            0.246,
            0.257,
            0.261,
            0.236,
            0.262,
            0.269,
            0.275,
            0.282
        ],
        [
            0.234,
            0.24,
            0.255,
            0.254,
            0.255,
            0.238,
            0.262,
            0.272,
            0.272,
            0.281
        ],
        [
            0.234,
            0.244,
            0.253,
            0.258,
            0.256,
            0.242,
            0.264,
            0.272,
            0.271,
            0.282
        ],
        [
            0.233,
            0.238,
            0.257,
            0.258,
            0.255,
            0.245,
            0.261,
            0.271,
            0.273,
            0.289
        ],
        [
            0.234,
            0.235,
            0.255,
            0.258,
            0.259,
            0.24,
            0.261,
            0.27,
            0.273,
            0.292
        ],
        [
            0.233,
            0.233,
            0.26,
            0.26,
            0.257,
            0.24,
            0.261,
            0.272,
            0.276,
            0.29
        ],
        [
            0.235,
            0.236,
            0.258,
            0.263,
            0.255,
            0.243,
            0.263,
            0.277,
            0.276,
            0.295
        ],
        [
            0.235,
            0.237,
            0.264,
            0.263,
            0.259,
            0.246,
            0.259,
            0.279,
            0.277,
            0.296
        ],
        [
            0.234,
            0.239,
            0.26,
            0.268,
            0.261,
            0.249,
            0.265,
            0.281,
            0.274,
            0.297
        ],
        [
            0.233,
            0.24,
            0.26,
            0.269,
            0.259,
            0.249,
            0.272,
            0.281,
            0.273,
            0.294
        ],
        [
            0.236,
            0.238,
            0.256,
            0.267,
            0.255,
            0.248,
            0.272,
            0.273,
            0.277,
            0.282
        ],
        [
            0.232,
            0.236,
            0.26,
            0.264,
            0.252,
            0.244,
            0.273,
            0.272,
            0.272,
            0.287
        ],
        [
            0.234,
            0.238,
            0.26,
            0.256,
            0.251,
            0.245,
            0.271,
            0.272,
            0.271,
            0.285
        ],
        [
            0.235,
            0.238,
            0.257,
            0.257,
            0.245,
            0.248,
            0.269,
            0.27,
            0.273,
            0.284
        ],
        [
            0.232,
            0.238,
            0.258,
            0.264,
            0.251,
            0.249,
            0.271,
            0.27,
            0.273,
            0.286
        ],
        [
            0.237,
            0.24,
            0.259,
            0.261,
            0.25,
            0.244,
            0.27,
            0.27,
            0.275,
            0.284
        ],
        [
            0.237,
            0.244,
            0.259,
            0.259,
            0.252,
            0.242,
            0.272,
            0.269,
            0.274,
            0.283
        ],
        [
            0.236,
            0.245,
            0.262,
            0.261,
            0.253,
            0.245,
            0.27,
            0.271,
            0.271,
            0.285
        ],
        [
            0.234,
            0.244,
            0.27,
            0.258,
            0.255,
            0.245,
            0.271,
            0.268,
            0.272,
            0.285
        ],
        [
            0.229,
            0.243,
