{
    "event_type": "flower_visit",
    "event_id": "flower_1_20260410192310699280",
    "flower_id": "flower_1",
    "background_dist": 0.38,
    "start_time": 1775866989.364803,
    "end_time": 1775866990.6991239,
    "num_scans": 20,
    "angles": [
        128,
        129,
        130,
        131,
        132,
        133,
        134
    ],
    "distance_series": [
        [
            0.347,
            0.329,
            0.335,
            0.362,
            0.374,
            0.368,
            0.382
        ],
        [
            0.359,
            0.335,
            0.337,
            0.362,
            0.373,
            0.371,
            0.376
        ],
        [
            0.352,
            0.333,
            0.343,
            0.366,
            0.373,
            0.369,
            0.379
        ],
        [
            0.349,
            0.341,
            0.35,
            0.368,
            0.373,
            0.371,
            0.381
        ],
        [
            0.341,
            0.335,
            0.356,
            0.364,
            0.367,
            0.375,
            0.38
        ],
        [
            0.33,
            0.33,
            0.354,
            0.368,
            0.373,
            0.378,
            0.377
        ],
        [
            0.331,
            0.331,
            0.344,
            0.36,
            0.373,
            0.378,
            0.379
        ],
        [
            0.342,
            0.337,
            0.34,
            0.362,
            0.373,
            0.375,
            0.379
        ],
        [
            0.351,
            0.343,
            0.336,
            0.368,
            0.371,
            0.373,
            0.381
        ],
        [
            0.354,
            0.34,
            0.337,
            0.361,
            0.365,
            0.367,
            0.38
        ],
        [
            0.358,
            0.344,
            0.344,
            0.364,
            0.365,
            0.368,
            0.379
        ],
        [
            0.389,
            0.357,
            0.341,
            0.366,
            0.365,
            0.371,
            0.378
        ],
        [
            0.388,
            0.351,
            0.347,
            0.362,
            0.373,
            0.374,
            0.377
        ],
        [
            0.387,
            0.353,
            0.353,
            0.366,
            0.374,
            0.372,
            0.373
        ],
        [
            0.383,
            0.352,
            0.36,
            0.37,
            0.373,
            0.371,
            0.377
        ],
        [
            0.362,
            0.351,
            0.36,
            0.369,
            0.375,
            0.372,
            0.378
        ],
        [
            0.357,
            0.356,
            0.366,
            0.374,
            0.373,
            0.37,
            0.38
        ],
        [
            0.359,
            0.373,
            0.368,
            0.372,
            0.372,
            0.374,
            0.385
        ],
        [
            0.355,
            0.37,
            0.366,
            0.366,
            0.377,
            0.373,
            0.386
        ],
        [
            0.354,
            0.363,
            0.366,
            0.369,
            0.376,
            0.375,
            0.385
        ]
    ],
    "timestamp": "2026-04-10T19:23:10.699371",
    "label": "bee"
}