{
    "event_type": "flower_visit",
    "event_id": "flower_1_20260410195012682448",
    "flower_id": "flower_1",
    "background_dist": 0.19,
    "start_time": 1775868608.94924,
    "end_time": 1775868612.6823099,
    "num_scans": 56,
    "angles": [
        105,
        106,
        107,
        108,
        109,
        110,
        111,
        112,
        113,
        114,
        115,
        116
    ],
    "distance_series": [
        [
            0.279,
            0.192,
            0.173,
            0.164,
            0.155,
            0.148,
            0.149,
            0.145,
            0.153,
            0.155,
            0.161,
            0.165
        ],
        [
            0.277,
            0.189,
            0.175,
            0.158,
            0.156,
            0.143,
            0.15,
            0.145,
            0.154,
            0.153,
            0.159,
            0.163
        ],
        [
            0.278,
            0.187,
            0.178,
            0.161,
            0.155,
            0.145,
            0.149,
            0.144,
            0.15,
            0.155,
            0.159,
            0.157
        ],
        [
            0.287,
            0.186,
            0.175,
            0.163,
            0.152,
            0.146,
            0.151,
            0.141,
            0.146,
            0.155,
            0.158,
            0.16
        ],
        [
            0.29,
            0.186,
            0.173,
            0.161,
            0.157,
            0.145,
            0.147,
            0.139,
            0.149,
            0.155,
            0.16,
            0.162
        ],
        [
            0.286,
            0.186,
            0.174,
            0.164,
            0.156,
            0.142,
            0.146,
            0.141,
            0.148,
            0.153,
            0.159,
            0.16
        ],
        [
            0.283,
            0.189,
            0.173,
            0.166,
            0.157,
            0.14,
            0.142,
            0.139,
            0.149,
            0.153,
            0.159,
            0.166
        ],
        [
            0.283,
            0.194,
            0.173,
            0.163,
            0.156,
            0.145,
            0.143,
            0.143,
            0.152,
            0.15,
            0.158,
            0.17
        ],
        [
            0.285,
            0.194,
            0.174,
            0.166,
            0.155,
            0.146,
            0.144,
            0.146,
            0.149,
            0.15,
            0.159,
            0.171
        ],
        [
            0.282,
            0.199,
            0.174,
            0.173,
            0.156,
            0.149,
            0.147,
            0.142,
            0.148,
            0.149,
            0.16,
            0.169
        ],
        [
            0.279,
            0.195,
            0.177,
            0.172,
            0.153,
            0.149,
            0.148,
            0.14,
            0.145,
            0.148,
            0.157,
            0.16
        ],
        [
            0.272,
            0.191,
            0.178,
            0.17,
            0.157,
            0.149,
            0.145,
            0.14,
            0.145,
            0.149,
            0.153,
            0.161
        ],
        [
            0.273,
            0.191,
            0.18,
            0.168,
            0.159,
            0.147,
            0.144,
            0.143,
            0.141,
            0.151,
            0.15,
            0.159
        ],
        [
            0.281,
            0.192,
            0.176,
            0.168,
            0.153,
            0.145,
            0.146,
            0.142,
            0.145,
            0.149,
            0.153,
            0.161
        ],
        [
            0.283,
            0.188,
            0.173,
            0.17,
            0.155,
            0.147,
            0.146,
            0.143,
            0.147,
            0.149,
            0.152,
            0.162
        ],
        [
            0.288,
            0.193,
            0.177,
            0.168,
            0.152,
            0.148,
            0.147,
            0.141,
            0.149,
            0.147,
            0.154,
            0.161
        ],
        [
            0.282,
            0.189,
            0.178,
            0.177,
            0.156,
            0.15,
            0.151,
            0.14,
            0.148,
            0.144,
            0.154,
            0.163
        ],
        [
            0.277,
            0.188,
            0.181,
            0.177,
            0.163,
            0.147,
            0.152,
            0.141,
            0.145,
            0.144,
            0.151,
            0.16
        ],
        [
            0.276,
            0.185,
            0.185,
            0.179,
            0.167,
            0.15,
            0.152,
            0.142,
            0.14,
            0.146,
            0.151,
            0.16
        ],
        [
            0.273,
            0.187,
            0.181,
            0.178,
            0.163,
            0.154,
            0.15,
            0.141,
            0.142,
            0.145,
            0.152,
            0.157
        ],
        [
            0.274,
            0.192,
            0.175,
            0.173,
            0.165,
            0.154,
            0.154,
            0.14,
            0.143,
            0.147,
            0.149,
            0.159
        ],
        [
            0.273,
            0.197,
            0.175,
            0.175,
            0.165,
            0.163,
            0.152,
            0.14,
            0.141,
            0.149,
            0.152,
            0.156
        ],
        [
            0.275,
            0.205,
            0.177,
            0.173,
            0.168,
            0.163,
            0.15,
            0.144,
            0.14,
            0.148,
            0.151,
            0.159
        ],
        [
            0.276,
            0.202,
            0.179,
            0.173,
            0.171,
            0.161,
            0.15,
            0.145,
            0.139,
            0.152,
            0.154,
            0.157
        ],
        [
            0.279,
            0.199,
            0.181,
            0.175,
            0.17,
            0.163,
            0.149,
            0.143,
            0.144,
            0.152,
            0.156,
            0.154
        ],
        [
            0.28,
            0.196,
            0.182,
            0.174,
            0.17,
            0.16,
            0.154,
            0.146,
            0.141,
            0.15,
            0.153,
            0.156
        ],
        [
            0.283,
            0.189,
            0.182,
            0.177,
            0.168,
            0.157,
            0.155,
            0.146,
            0.144,
            0.149,
            0.15,
            0.158
        ],
        [
            0.286,
            0.19,
            0.181,
            0.179,
            0.166,
            0.159,
            0.156,
            0.148,
            0.141,
            0.148,
            0.149,
            0.16
        ],
        [
            0.285,
            0.192,
            0.179,
            0.179,
            0.172,
            0.157,
            0.155,
            0.145,
            0.144,
            0.145,
            0.147,
            0.158
        ],
        [
            0.286,
            0.186,
            0.178,
            0.175,
            0.171,
            0.155,
            0.156,
            0.144,
            0.144,
            0.146,
            0.15,
            0.156
        ],
        [
            0.278,
            0.185,
            0.18,
            0.184,
            0.172,
            0.156,
            0.16,
            0.148,
