{
    "event_type": "flower_visit",
    "event_id": "flower_1_20260410191411100909",
    "flower_id": "flower_1",
    "background_dist": 0.38,
    "start_time": 1775866446.768002,
    "end_time": 1775866451.100765,
    "num_scans": 65,
    "angles": [
        128,
        129,
        130,
        131,
        132,
        133,
        134
    ],
    "distance_series": [
        [
            0.428,
            0.336,
            0.335,
            0.334,
            0.339,
            0.373,
            0.383
        ],
        [
            0.426,
            0.337,
            0.334,
            0.337,
            0.341,
            0.376,
            0.382
        ],
        [
            0.484,
            0.353,
            0.337,
            0.336,
            0.349,
            0.377,
            0.376
        ],
        [
            0.42,
            0.338,
            0.333,
            0.338,
            0.353,
            0.37,
            0.374
        ],
        [
            0.383,
            0.338,
            0.335,
            0.341,
            0.367,
            0.375,
            0.374
        ],
        [
            0.434,
            0.344,
            0.338,
            0.347,
            0.376,
            0.375,
            0.379
        ],
        [
            0.422,
            0.333,
            0.338,
            0.363,
            0.372,
            0.377,
            0.381
        ],
        [
            0.44,
            0.352,
            0.346,
            0.363,
            0.367,
            0.381,
            0.379
        ],
        [
            0.438,
            0.348,
            0.342,
            0.369,
            0.368,
            0.374,
            0.38
        ],
        [
            0.401,
            0.356,
            0.353,
            0.366,
            0.374,
            0.374,
            0.384
        ],
        [
            0.363,
            0.357,
            0.354,
            0.357,
            0.37,
            0.373,
            0.385
        ],
        [
            0.342,
            0.341,
            0.351,
            0.364,
            0.371,
            0.373,
            0.387
        ],
        [
            0.351,
            0.349,
            0.357,
            0.355,
            0.375,
            0.376,
            0.386
        ],
        [
            0.339,
            0.341,
            0.355,
            0.353,
            0.37,
            0.369,
            0.38
        ],
        [
            0.333,
            0.341,
            0.352,
            0.355,
            0.37,
            0.372,
            0.379
        ],
        [
            0.383,
            0.348,
            0.351,
            0.353,
            0.376,
            0.374,
            0.381
        ],
        [
            0.372,
            0.335,
            0.343,
            0.354,
            0.375,
            0.373,
            0.38
        ],
        [
            0.373,
            0.338,
            0.331,
            0.355,
            0.376,
            0.375,
            0.378
        ],
        [
            0.39,
            0.352,
            0.341,
            0.364,
            0.369,
            0.375,
            0.378
        ],
        [
            0.392,
            0.35,
            0.342,
            0.36,
            0.365,
            0.376,
            0.38
        ],
        [
            0.447,
            0.36,
            0.348,
            0.355,
            0.367,
            0.378,
            0.377
        ],
        [
            0.485,
            0.36,
            0.339,
            0.352,
            0.367,
            0.373,
            0.384
        ],
        [
            0.481,
            0.362,
            0.332,
            0.349,
            0.366,
            0.372,
            0.388
        ],
        [
            0.486,
            0.361,
            0.338,
            0.349,
            0.368,
            0.372,
            0.386
        ],
        [
            0.438,
            0.358,
            0.329,
            0.347,
            0.358,
            0.367,
            0.384
        ],
        [
            0.451,
            0.369,
            0.335,
            0.353,
            0.358,
            0.368,
            0.378
        ],
        [
            0.443,
            0.359,
            0.34,
            0.353,
            0.356,
            0.37,
            0.379
        ],
        [
            0.398,
            0.36,
            0.347,
            0.357,
            0.354,
            0.372,
            0.375
        ],
        [
            0.443,
            0.363,
            0.345,
            0.365,
            0.366,
            0.375,
            0.38
        ],
        [
            0.405,
            0.356,
            0.354,
            0.363,
            0.364,
            0.381,
            0.382
        ],
        [
            0.404,
            0.363,
            0.35,
            0.359,
            0.368,
            0.381,
            0.383
        ],
        [
            0.395,
            0.352,
            0.339,
            0.349,
            0.361,
            0.378,
            0.382
        ],
        [
            0.361,
            0.354,
            0.341,
            0.345,
            0.362,
            0.374,
            0.382
        ],
        [
            0.363,
            0.351,
            0.336,
            0.345,
            0.361,
            0.372,
            0.377
        ],
        [
            0.411,
            0.356,
            0.327,
            0.344,
            0.356,
            0.37,
            0.373
        ],
        [
            0.423,
            0.375,
            0.342,
            0.352,
            0.36,
            0.37,
            0.371
        ],
        [
            0.464,
            0.378,
            0.351,
            0.352,
            0.364,
            0.369,
            0.37
        ],
        [
            0.503,
            0.378,
            0.355,
            0.355,
            0.367,
            0.371,
            0.377
        ],
        [
            0.491,
            0.372,
            0.357,
            0.356,
            0.375,
            0.37,
            0.38
        ],
        [
            0.49,
            0.37,
            0.356,
            0.356,
            0.377,
            0.371,
            0.385
        ],
        [
            0.484,
            0.372,
            0.352,
            0.364,
            0.373,
            0.368,
            0.388
        ],
        [
            0.441,
            0.359,
            0.34,
            0.359,
            0.372,
            0.37,
            0.384
        ],
        [
            0.408,
            0.37,
            0.344,
            0.36,
            0.371,
            0.377,
            0.385
        ],
        [
            0.394,
            0.35,
            0.336,
            0.359,
            0.359,
            0.375,
            0.381
        ],
        [
            0.36,
            0.352,
            0.346,
            0.355,
            0.356,
            0.375,
            0.379
        ],
        [
            0.368,
            0.361,
            0.348,
            0.358,
            0.357,
            0.377,
            0.38
        ],
        [
            0.409,
            0.36,
            0.356,
            0.36,
            0.355,
            0.376,
            0.382
        ],
        [
            0.418,
            0.366,
            0.362,
            0.361,
            0.363,
            0.376,
            0.383
        ],
        [
            0.408,
            0.357,
            0.356,
            0.357,
            0.361,
            0.375,
            0.385
        ],
        [
            0.412,
            0.362,
            0.357,
            0.358,
            0.371,
            0.376,
            0.387
        ],
        [
