{
    "event_type": "flower_visit",
    "event_id": "flower_1_20260410191738501738",
    "flower_id": "flower_1",
    "background_dist": 0.38,
    "start_time": 1775866657.2341928,
    "end_time": 1775866658.501607,
    "num_scans": 19,
    "angles": [
        128,
        129,
        130,
        131,
        132,
        133,
        134
    ],
    "distance_series": [
        [
            0.389,
            0.34,
            0.353,
            0.369,
            0.371,
            0.372,
            0.382
        ],
        [
            0.427,
            0.345,
            0.342,
            0.371,
            0.373,
            0.373,
            0.381
        ],
        [
            0.471,
            0.345,
            0.342,
            0.367,
            0.368,
            0.371,
            0.378
        ],
        [
            0.474,
            0.344,
            0.343,
            0.365,
            0.371,
            0.374,
            0.381
        ],
        [
            0.443,
            0.343,
            0.351,
            0.363,
            0.371,
            0.377,
            0.381
        ],
        [
            0.4,
            0.343,
            0.35,
            0.362,
            0.371,
            0.38,
            0.38
        ],
        [
            0.35,
            0.339,
            0.361,
            0.361,
            0.376,
            0.379,
            0.382
        ],
        [
            0.344,
            0.339,
            0.364,
            0.368,
            0.372,
            0.377,
            0.379
        ],
        [
            0.34,
            0.342,
            0.365,
            0.364,
            0.374,
            0.378,
            0.378
        ],
        [
            0.344,
            0.346,
            0.366,
            0.365,
            0.372,
            0.377,
            0.378
        ],
        [
            0.348,
            0.342,
            0.362,
            0.362,
            0.373,
            0.378,
            0.374
        ],
        [
            0.357,
            0.349,
            0.359,
            0.366,
            0.378,
            0.377,
            0.372
        ],
        [
            0.364,
            0.357,
            0.356,
            0.363,
            0.372,
            0.377,
            0.369
        ],
        [
            0.374,
            0.359,
            0.356,
            0.365,
            0.372,
            0.379,
            0.37
        ],
        [
            0.401,
            0.366,
            0.356,
            0.369,
            0.373,
            0.374,
            0.375
        ],
        [
            0.443,
            0.37,
            0.352,
            0.366,
            0.371,
            0.374,
            0.375
        ],
        [
            0.483,
            0.367,
            0.357,
            0.369,
            0.368,
            0.369,
            0.38
        ],
        [
            0.476,
            0.367,
            0.363,
            0.367,
            0.374,
            0.366,
            0.386
        ],
        [
            0.487,
            0.37,
            0.367,
            0.367,
            0.379,
            0.37,
            0.383
        ]
    ],
    "timestamp": "2026-04-10T19:17:38.501827",
    "label": "bee"
}