{
    "event_type": "flower_visit",
    "event_id": "flower_1_20260410195628413862",
    "flower_id": "flower_1",
    "background_dist": 0.19,
    "start_time": 1775868986.4132428,
    "end_time": 1775868988.413714,
    "num_scans": 30,
    "angles": [
        105,
        106,
        107,
        108,
        109,
        110,
        111,
        112,
        113,
        114,
        115,
        116
    ],
    "distance_series": [
        [
            0.291,
            0.158,
            0.158,
            0.161,
            0.158,
            0.143,
            0.161,
            0.163,
            0.163,
            0.152,
            0.152,
            0.149
        ],
        [
            0.298,
            0.154,
            0.161,
            0.16,
            0.157,
            0.148,
            0.16,
            0.166,
            0.163,
            0.158,
            0.148,
            0.146
        ],
        [
            0.34,
            0.153,
            0.162,
            0.159,
            0.148,
            0.149,
            0.157,
            0.164,
            0.164,
            0.156,
            0.153,
            0.145
        ],
        [
            0.349,
            0.152,
            0.16,
            0.159,
            0.152,
            0.149,
            0.156,
            0.165,
            0.164,
            0.154,
            0.155,
            0.147
        ],
        [
            0.356,
            0.151,
            0.158,
            0.158,
            0.151,
            0.149,
            0.153,
            0.161,
            0.161,
            0.154,
            0.153,
            0.146
        ],
        [
            0.354,
            0.152,
            0.158,
            0.157,
            0.15,
            0.15,
            0.154,
            0.161,
            0.163,
            0.152,
            0.149,
            0.15
        ],
        [
            0.354,
            0.151,
            0.156,
            0.161,
            0.151,
            0.153,
            0.153,
            0.161,
            0.166,
            0.151,
            0.151,
            0.151
        ],
        [
            0.351,
            0.155,
            0.156,
            0.161,
            0.154,
            0.15,
            0.152,
            0.163,
            0.166,
            0.151,
            0.152,
            0.149
        ],
        [
            0.353,
            0.152,
            0.159,
            0.164,
            0.155,
            0.152,
            0.154,
            0.163,
            0.166,
            0.147,
            0.157,
            0.15
        ],
        [
            0.36,
            0.152,
            0.161,
            0.167,
            0.155,
            0.153,
            0.153,
            0.162,
            0.167,
            0.152,
            0.162,
            0.153
        ],
        [
            0.317,
            0.153,
            0.169,
            0.171,
            0.155,
            0.151,
            0.157,
            0.162,
            0.169,
            0.16,
            0.167,
            0.152
        ],
        [
            0.271,
            0.156,
            0.172,
            0.174,
            0.16,
            0.152,
            0.159,
            0.167,
            0.17,
            0.17,
            0.178,
            0.158
        ],
        [
            0.22,
            0.161,
            0.177,
            0.175,
            0.164,
            0.154,
            0.165,
            0.166,
            0.172,
            0.18,
            0.181,
            0.159
        ],
        [
            0.168,
            0.164,
            0.177,
            0.172,
            0.168,
            0.154,
            0.167,
            0.167,
            0.175,
            0.183,
            0.179,
            0.171
        ],
        [
            0.161,
            0.169,
            0.176,
            0.17,
            0.172,
            0.152,
            0.169,
            0.165,
            0.171,
            0.19,
            0.187,
            0.177
        ],
        [
            0.161,
            0.17,
            0.178,
            0.165,
            0.17,
            0.151,
            0.165,
            0.168,
            0.173,
            0.196,
            0.186,
            0.181
        ],
        [
            0.159,
            0.171,
            0.176,
            0.168,
            0.172,
            0.159,
            0.164,
            0.165,
            0.178,
            0.193,
            0.193,
            0.18
        ],
        [
            0.161,
            0.165,
            0.18,
            0.166,
            0.174,
            0.161,
            0.156,
            0.165,
            0.171,
            0.194,
            0.197,
            0.18
        ],
        [
            0.164,
            0.169,
            0.185,
            0.172,
            0.177,
            0.16,
            0.154,
            0.171,
            0.179,
            0.199,
            0.195,
            0.184
        ],
        [
            0.166,
            0.17,
            0.186,
            0.174,
            0.172,
            0.162,
            0.162,
            0.178,
            0.186,
            0.2,
            0.194,
            0.183
        ],
        [
            0.163,
            0.176,
            0.171,
            0.17,
            0.167,
            0.161,
            0.164,
            0.183,
            0.184,
            0.194,
            0.194,
            0.186
        ],
        [
            0.154,
            0.18,
            0.166,
            0.18,
            0.169,
            0.163,
            0.169,
            0.185,
            0.186,
            0.187,
            0.196,
            0.193
        ],
        [
            0.165,
            0.18,
            0.166,
            0.177,
            0.173,
            0.173,
            0.177,
            0.185,
            0.186,
            0.183,
            0.197,
            0.194
        ],
        [
            0.174,
            0.181,
            0.168,
            0.178,
            0.183,
            0.178,
            0.179,
            0.186,
            0.19,
            0.186,
            0.19,
            0.195
        ],
        [
            0.181,
            0.18,
            0.179,
            0.181,
            0.187,
            0.178,
            0.181,
            0.182,
            0.19,
            0.189,
            0.188,
            0.199
        ],
        [
            0.198,
            0.191,
            0.184,
            0.177,
            0.186,
            0.181,
            0.186,
            0.181,
            0.191,
            0.193,
            0.188,
            0.202
        ],
        [
            0.198,
            0.193,
            0.177,
            0.179,
            0.18,
            0.182,
            0.185,
            0.18,
            0.186,
            0.189,
            0.191,
            0.202
        ],
        [
            0.198,
            0.194,
            0.183,
            0.182,
            0.178,
            0.183,
            0.18,
            0.177,
            0.184,
            0.19,
            0.19,
            0.199
        ],
        [
            0.196,
            0.192,
            0.178,
            0.183,
            0.181,
            0.191,
            0.177,
            0.182,
            0.186,
            0.188,
            0.192,
            0.2
        ],
        [
            0.193,
            0.192,
            0.175,
            0.185,
            0.183,
            0.192,
            0.178,
            0.178,
            0.188,
            0.185,
            0.193,
            0.197
        ]
    ],
    "timestamp": "2026-04-10T19:56:28.413953",
    "label": "not_bee"
}