{
    "event_type": "flower_visit",
    "event_id": "flower_1_20260412164823678328",
    "flower_id": "flower_1",
    "background_dist": 0.32,
    "start_time": 1776030501.011677,
    "end_time": 1776030503.6781938,
    "num_scans": 40,
    "angles": [
        81,
        82,
        83,
        84,
        85,
        86
    ],
    "distance_series": [
        [
            0.267,
            0.274,
            0.305,
            0.306,
            0.294,
            0.28
        ],
        [
            0.268,
            0.275,
            0.301,
            0.305,
            0.293,
            0.279
        ],
        [
            0.267,
            0.273,
            0.301,
            0.307,
            0.296,
            0.282
        ],
        [
            0.265,
            0.274,
            0.3,
            0.306,
            0.297,
            0.281
        ],
        [
            0.263,
            0.272,
            0.296,
            0.303,
            0.294,
            0.279
        ],
        [
            0.263,
            0.269,
            0.292,
            0.302,
            0.291,
            0.279
        ],
        [
            0.261,
            0.27,
            0.293,
            0.3,
            0.288,
            0.277
        ],
        [
            0.264,
            0.269,
            0.289,
            0.3,
            0.288,
            0.278
        ],
        [
            0.263,
            0.27,
            0.285,
            0.302,
            0.29,
            0.279
        ],
        [
            0.262,
            0.27,
            0.284,
            0.304,
            0.295,
            0.28
        ],
        [
            0.267,
            0.272,
            0.284,
            0.302,
            0.294,
            0.28
        ],
        [
            0.266,
            0.275,
            0.285,
            0.304,
            0.295,
            0.283
        ],
        [
            0.268,
            0.271,
            0.287,
            0.301,
            0.302,
            0.282
        ],
        [
            0.267,
            0.272,
            0.286,
            0.299,
            0.299,
            0.281
        ],
        [
            0.264,
            0.27,
            0.279,
            0.295,
            0.3,
            0.285
        ],
        [
            0.266,
            0.265,
            0.275,
            0.294,
            0.302,
            0.285
        ],
        [
            0.269,
            0.268,
            0.276,
            0.295,
            0.301,
            0.286
        ],
        [
            0.268,
            0.266,
            0.269,
            0.296,
            0.3,
            0.289
        ],
        [
            0.27,
            0.265,
            0.272,
            0.298,
            0.303,
            0.288
        ],
        [
            0.27,
            0.267,
            0.272,
            0.298,
            0.304,
            0.287
        ],
        [
            0.269,
            0.266,
            0.276,
            0.298,
            0.305,
            0.286
        ],
        [
            0.272,
            0.269,
            0.275,
            0.294,
            0.301,
            0.282
        ],
        [
            0.272,
            0.27,
            0.276,
            0.291,
            0.296,
            0.282
        ],
        [
            0.269,
            0.271,
            0.277,
            0.286,
            0.294,
            0.284
        ],
        [
            0.27,
            0.269,
            0.275,
            0.282,
            0.292,
            0.285
        ],
        [
            0.271,
            0.268,
            0.272,
            0.283,
            0.293,
            0.284
        ],
        [
            0.275,
            0.267,
            0.27,
            0.277,
            0.294,
            0.288
        ],
        [
            0.276,
            0.268,
            0.27,
            0.277,
            0.293,
            0.286
        ],
        [
            0.275,
            0.271,
            0.271,
            0.276,
            0.291,
            0.284
        ],
        [
            0.274,
            0.272,
            0.275,
            0.274,
            0.285,
            0.286
        ],
        [
            0.277,
            0.275,
            0.277,
            0.282,
            0.284,
            0.286
        ],
        [
            0.284,
            0.283,
            0.284,
            0.283,
            0.286,
            0.286
        ],
        [
            0.295,
            0.292,
            0.294,
            0.288,
            0.286,
            0.286
        ],
        [
            0.304,
            0.301,
            0.307,
            0.302,
            0.294,
            0.286
        ],
        [
            0.309,
            0.309,
            0.316,
            0.311,
            0.305,
            0.299
        ],
        [
            0.312,
            0.313,
            0.329,
            0.318,
            0.309,
            0.309
        ],
        [
            0.315,
            0.315,
            0.333,
            0.32,
            0.312,
            0.322
        ],
        [
            0.32,
            0.318,
            0.331,
            0.319,
            0.312,
            0.331
        ],
        [
            0.318,
            0.321,
            0.331,
            0.319,
            0.31,
            0.328
        ],
        [
            0.319,
            0.322,
            0.328,
            0.319,
            0.309,
            0.326
        ]
    ],
    "timestamp": "2026-04-12T16:48:23.678419",
    "label": "not_bee"
}