{
    "event_type": "flower_visit",
    "event_id": "flower_1_20260410191056903516",
    "flower_id": "flower_1",
    "background_dist": 0.38,
    "start_time": 1775866255.169674,
    "end_time": 1775866256.903308,
    "num_scans": 26,
    "angles": [
        128,
        129,
        130,
        131,
        132,
        133,
        134
    ],
    "distance_series": [
        [
            0.427,
            0.33,
            0.344,
            0.361,
            0.369,
            0.379,
            0.388
        ],
        [
            0.378,
            0.341,
            0.346,
            0.351,
            0.364,
            0.376,
            0.387
        ],
        [
            0.39,
            0.349,
            0.341,
            0.344,
            0.361,
            0.381,
            0.385
        ],
        [
            0.441,
            0.362,
            0.348,
            0.335,
            0.356,
            0.379,
            0.385
        ],
        [
            0.448,
            0.371,
            0.354,
            0.338,
            0.356,
            0.373,
            0.382
        ],
        [
            0.447,
            0.36,
            0.347,
            0.34,
            0.349,
            0.375,
            0.38
        ],
        [
            0.444,
            0.363,
            0.346,
            0.349,
            0.363,
            0.371,
            0.383
        ],
        [
            0.414,
            0.364,
            0.336,
            0.353,
            0.363,
            0.373,
            0.385
        ],
        [
            0.453,
            0.359,
            0.332,
            0.349,
            0.367,
            0.379,
            0.381
        ],
        [
            0.503,
            0.371,
            0.331,
            0.341,
            0.372,
            0.372,
            0.383
        ],
        [
            0.503,
            0.373,
            0.334,
            0.338,
            0.365,
            0.374,
            0.383
        ],
        [
            0.485,
            0.36,
            0.336,
            0.33,
            0.355,
            0.374,
            0.381
        ],
        [
            0.474,
            0.359,
            0.342,
            0.347,
            0.355,
            0.381,
            0.385
        ],
        [
            0.423,
            0.345,
            0.336,
            0.36,
            0.359,
            0.38,
            0.385
        ],
        [
            0.373,
            0.334,
            0.336,
            0.353,
            0.36,
            0.376,
            0.38
        ],
        [
            0.425,
            0.342,
            0.335,
            0.359,
            0.371,
            0.376,
            0.385
        ],
        [
            0.438,
            0.35,
            0.335,
            0.343,
            0.357,
            0.372,
            0.383
        ],
        [
            0.448,
            0.361,
            0.34,
            0.342,
            0.352,
            0.375,
            0.38
        ],
        [
            0.495,
            0.375,
            0.349,
            0.345,
            0.349,
            0.369,
            0.377
        ],
        [
            0.444,
            0.363,
            0.35,
            0.35,
            0.35,
            0.364,
            0.379
        ],
        [
            0.395,
            0.358,
            0.354,
            0.361,
            0.362,
            0.362,
            0.378
        ],
        [
            0.38,
            0.348,
            0.353,
            0.352,
            0.36,
            0.362,
            0.38
        ],
        [
            0.349,
            0.346,
            0.348,
            0.348,
            0.366,
            0.369,
            0.383
        ],
        [
            0.361,
            0.355,
            0.357,
            0.35,
            0.352,
            0.364,
            0.367
        ],
        [
            0.404,
            0.368,
            0.365,
            0.346,
            0.353,
            0.363,
            0.369
        ],
        [
            0.414,
            0.383,
            0.374,
            0.355,
            0.362,
            0.362,
            0.372
        ]
    ],
    "timestamp": "2026-04-10T19:10:56.903609",
    "label": "bee"
}