{
    "event_type": "flower_visit",
    "event_id": "flower_1_20260410191107036723",
    "flower_id": "flower_1",
    "background_dist": 0.38,
    "start_time": 1775866265.369712,
    "end_time": 1775866267.0365791,
    "num_scans": 25,
    "angles": [
        128,
        129,
        130,
        131,
        132,
        133,
        134
    ],
    "distance_series": [
        [
            0.412,
            0.365,
            0.351,
            0.337,
            0.349,
            0.363,
            0.381
        ],
        [
            0.409,
            0.356,
            0.344,
            0.323,
            0.348,
            0.368,
            0.384
        ],
        [
            0.417,
            0.375,
            0.362,
            0.335,
            0.356,
            0.371,
            0.381
        ],
        [
            0.397,
            0.357,
            0.356,
            0.344,
            0.355,
            0.372,
            0.377
        ],
        [
            0.378,
            0.342,
            0.357,
            0.356,
            0.364,
            0.378,
            0.381
        ],
        [
            0.367,
            0.344,
            0.371,
            0.369,
            0.37,
            0.376,
            0.381
        ],
        [
            0.328,
            0.333,
            0.375,
            0.371,
            0.368,
            0.376,
            0.38
        ],
        [
            0.352,
            0.34,
            0.368,
            0.369,
            0.373,
            0.376,
            0.382
        ],
        [
            0.357,
            0.342,
            0.354,
            0.361,
            0.368,
            0.372,
            0.376
        ],
        [
            0.358,
            0.328,
            0.342,
            0.354,
            0.361,
            0.372,
            0.375
        ],
        [
            0.374,
            0.34,
            0.343,
            0.342,
            0.353,
            0.367,
            0.375
        ],
        [
            0.396,
            0.354,
            0.348,
            0.345,
            0.352,
            0.37,
            0.373
        ],
        [
            0.412,
            0.365,
            0.356,
            0.34,
            0.348,
            0.367,
            0.372
        ],
        [
            0.43,
            0.378,
            0.361,
            0.335,
            0.341,
            0.358,
            0.367
        ],
        [
            0.472,
            0.382,
            0.362,
            0.334,
            0.333,
            0.359,
            0.374
        ],
        [
            0.471,
            0.375,
            0.355,
            0.327,
            0.331,
            0.36,
            0.37
        ],
        [
            0.504,
            0.374,
            0.342,
            0.335,
            0.342,
            0.36,
            0.377
        ],
        [
            0.497,
            0.37,
            0.348,
            0.35,
            0.361,
            0.373,
            0.378
        ],
        [
            0.454,
            0.367,
            0.351,
            0.358,
            0.372,
            0.381,
            0.38
        ],
        [
            0.453,
            0.371,
            0.365,
            0.368,
            0.374,
            0.375,
            0.38
        ],
        [
            0.457,
            0.381,
            0.383,
            0.373,
            0.372,
            0.375,
            0.378
        ],
        [
            0.495,
            0.378,
            0.385,
            0.375,
            0.375,
            0.376,
            0.38
        ],
        [
            0.497,
            0.381,
            0.381,
            0.373,
            0.376,
            0.377,
            0.384
        ],
        [
            0.5,
            0.382,
            0.375,
            0.372,
            0.377,
            0.379,
            0.385
        ],
        [
            0.464,
            0.381,
            0.37,
            0.373,
            0.376,
            0.375,
            0.385
        ]
    ],
    "timestamp": "2026-04-10T19:11:07.036827",
    "label": "bee"
}