{
    "event_type": "flower_visit",
    "event_id": "flower_2_20260412182040891336",
    "flower_id": "flower_2",
    "background_dist": 0.19,
    "start_time": 1776036038.424557,
    "end_time": 1776036040.891169,
    "num_scans": 37,
    "angles": [
        128,
        129,
        130,
        131,
        132,
        133,
        134,
        135,
        136,
        137,
        138,
        139,
        140,
        141,
        142
    ],
    "distance_series": [
        [
            0.195,
            0.199,
            0.201,
            0.186,
            0.184,
            0.177,
            0.161,
            0.153,
            0.146,
            0.147,
            0.146,
            0.148,
            0.144,
            0.144,
            0.143
        ],
        [
            0.196,
            0.199,
            0.194,
            0.181,
            0.188,
            0.183,
            0.167,
            0.158,
            0.153,
            0.151,
            0.145,
            0.149,
            0.145,
            0.147,
            0.144
        ],
        [
            0.197,
            0.197,
            0.186,
            0.182,
            0.185,
            0.18,
            0.168,
            0.159,
            0.158,
            0.159,
            0.152,
            0.154,
            0.154,
            0.156,
            0.155
        ],
        [
            0.196,
            0.196,
            0.187,
            0.187,
            0.179,
            0.174,
            0.168,
            0.162,
            0.161,
            0.163,
            0.159,
            0.156,
            0.159,
            0.159,
            0.162
        ],
        [
            0.197,
            0.197,
            0.191,
            0.195,
            0.176,
            0.165,
            0.166,
            0.163,
            0.161,
            0.163,
            0.158,
            0.162,
            0.167,
            0.17,
            0.167
        ],
        [
            0.196,
            0.195,
            0.192,
            0.194,
            0.176,
            0.165,
            0.168,
            0.16,
            0.157,
            0.158,
            0.151,
            0.153,
            0.164,
            0.16,
            0.163
        ],
        [
            0.199,
            0.196,
            0.193,
            0.195,
            0.179,
            0.173,
            0.178,
            0.157,
            0.155,
            0.152,
            0.146,
            0.145,
            0.153,
            0.151,
            0.154
        ],
        [
            0.203,
            0.195,
            0.191,
            0.189,
            0.179,
            0.181,
            0.18,
            0.162,
            0.153,
            0.154,
            0.143,
            0.141,
            0.151,
            0.148,
            0.146
        ],
        [
            0.205,
            0.194,
            0.201,
            0.191,
            0.177,
            0.184,
            0.19,
            0.166,
            0.157,
            0.153,
            0.147,
            0.144,
            0.154,
            0.152,
            0.153
        ],
        [
            0.203,
            0.197,
            0.201,
            0.19,
            0.18,
            0.18,
            0.188,
            0.168,
            0.162,
            0.164,
            0.156,
            0.156,
            0.168,
            0.166,
            0.169
        ],
        [
            0.201,
            0.197,
            0.2,
            0.185,
            0.176,
            0.171,
            0.175,
            0.168,
            0.167,
            0.167,
            0.164,
            0.168,
            0.18,
            0.18,
            0.179
        ],
        [
            0.199,
            0.197,
            0.204,
            0.189,
            0.176,
            0.168,
            0.18,
            0.173,
            0.169,
            0.163,
            0.162,
            0.17,
            0.178,
            0.184,
            0.179
        ],
        [
            0.198,
            0.196,
            0.199,
            0.187,
            0.18,
            0.168,
            0.177,
            0.176,
            0.168,
            0.158,
            0.154,
            0.159,
            0.163,
            0.172,
            0.172
        ],
        [
            0.203,
            0.198,
            0.196,
            0.19,
            0.182,
            0.174,
            0.182,
            0.177,
            0.169,
            0.156,
            0.152,
            0.153,
            0.158,
            0.16,
            0.158
        ],
        [
            0.204,
            0.197,
            0.189,
            0.192,
            0.19,
            0.182,
            0.188,
            0.184,
            0.175,
            0.163,
            0.152,
            0.143,
            0.156,
            0.164,
            0.161
        ],
        [
            0.201,
            0.197,
            0.193,
            0.194,
            0.19,
            0.182,
            0.181,
            0.18,
            0.173,
            0.164,
            0.156,
            0.163,
            0.165,
            0.171,
            0.168
        ],
        [
            0.202,
            0.199,
            0.197,
            0.192,
            0.189,
            0.179,
            0.174,
            0.173,
            0.171,
            0.166,
            0.164,
            0.178,
            0.177,
            0.173,
            0.181
        ],
        [
            0.199,
            0.2,
            0.2,
            0.191,
            0.182,
            0.177,
            0.174,
            0.173,
            0.175,
            0.162,
            0.175,
            0.185,
            0.18,
            0.193,
            0.195
        ],
        [
            0.198,
            0.2,
            0.202,
            0.19,
            0.183,
            0.18,
            0.174,
            0.175,
            0.177,
            0.153,
            0.17,
            0.184,
            0.184,
            0.187,
            0.192
        ],
        [
            0.198,
            0.199,
            0.199,
            0.19,
            0.191,
            0.18,
            0.173,
            0.177,
            0.177,
            0.161,
            0.165,
            0.169,
            0.175,
            0.18,
            0.179
        ],
        [
            0.197,
            0.199,
            0.197,
            0.185,
            0.183,
            0.187,
            0.179,
            0.185,
            0.189,
            0.162,
            0.163,
            0.166,
            0.171,
            0.183,
            0.178
        ],
        [
            0.196,
            0.198,
            0.198,
            0.184,
            0.18,
            0.184,
            0.181,
            0.183,
            0.193,
            0.168,
            0.162,
            0.169,
            0.18,
            0.181,
            0.176
        ],
        [
            0.198,
            0.2,
            0.194,
            0.184,
            0.179,
            0.181,
            0.183,
            0.186,
            0.189,
            0.168,
            0.171,
            0.175,
            0.183,
            0.181,
            0.178
        ],
        [
            0.195,
            0.201,
            0.19,
            0.186,
            0.178,
            0.182,
            0.186,
            0.188,
            0.186,
            0.169,
            0.177,
            0.183,
            0.189,
            0.189,
            0.193
        ],
        [
            0.196,
            0.201,
            0.192,
            0.187,
            0.18,
            0.178,
            0.187,
            0.187,
            0.186,
            0.175,
            0.174,
            0.177,
