{
    "event_type": "flower_visit",
    "event_id": "flower_1_20260410195537747021",
    "flower_id": "flower_1",
    "background_dist": 0.19,
    "start_time": 1775868936.4806678,
    "end_time": 1775868937.746876,
    "num_scans": 19,
    "angles": [
        105,
        106,
        107,
        108,
        109,
        110,
        111,
        112,
        113,
        114,
        115,
        116
    ],
    "distance_series": [
        [
            0.147,
            0.144,
            0.156,
            0.157,
            0.149,
            0.167,
            0.178,
            0.18,
            0.187,
            0.184,
            0.191,
            0.194
        ],
        [
            0.149,
            0.142,
            0.159,
            0.156,
            0.146,
            0.167,
            0.185,
            0.179,
            0.191,
            0.183,
            0.185,
            0.194
        ],
        [
            0.148,
            0.142,
            0.157,
            0.158,
            0.153,
            0.165,
            0.182,
            0.183,
            0.188,
            0.178,
            0.191,
            0.195
        ],
        [
            0.149,
            0.146,
            0.157,
            0.159,
            0.153,
            0.169,
            0.182,
            0.181,
            0.184,
            0.189,
            0.186,
            0.199
        ],
        [
            0.148,
            0.147,
            0.154,
            0.165,
            0.155,
            0.171,
            0.188,
            0.181,
            0.186,
            0.184,
            0.188,
            0.194
        ],
        [
            0.144,
            0.149,
            0.15,
            0.16,
            0.154,
            0.163,
            0.184,
            0.177,
            0.183,
            0.184,
            0.192,
            0.194
        ],
        [
            0.143,
            0.148,
            0.153,
            0.167,
            0.154,
            0.166,
            0.182,
            0.181,
            0.184,
            0.188,
            0.191,
            0.192
        ],
        [
            0.145,
            0.148,
            0.15,
            0.167,
            0.149,
            0.163,
            0.185,
            0.181,
            0.185,
            0.187,
            0.193,
            0.193
        ],
        [
            0.142,
            0.149,
            0.148,
            0.161,
            0.152,
            0.169,
            0.18,
            0.177,
            0.19,
            0.19,
            0.197,
            0.192
        ],
        [
            0.144,
            0.148,
            0.154,
            0.16,
            0.161,
            0.171,
            0.186,
            0.184,
            0.189,
            0.188,
            0.193,
            0.194
        ],
        [
            0.15,
            0.151,
            0.157,
            0.167,
            0.169,
            0.176,
            0.187,
            0.183,
            0.187,
            0.189,
            0.188,
            0.2
        ],
        [
            0.161,
            0.161,
            0.167,
            0.17,
            0.179,
            0.181,
            0.188,
            0.188,
            0.184,
            0.19,
            0.185,
            0.201
        ],
        [
            0.173,
            0.176,
            0.18,
            0.173,
            0.182,
            0.18,
            0.186,
            0.193,
            0.181,
            0.186,
            0.184,
            0.204
        ],
        [
            0.184,
            0.189,
            0.185,
            0.178,
            0.183,
            0.185,
            0.185,
            0.188,
            0.182,
            0.181,
            0.185,
            0.201
        ],
        [
            0.193,
            0.194,
            0.188,
            0.18,
            0.182,
            0.182,
            0.182,
            0.185,
            0.185,
            0.178,
            0.186,
            0.201
        ],
        [
            0.197,
            0.194,
            0.188,
            0.179,
            0.186,
            0.183,
            0.18,
            0.184,
            0.186,
            0.183,
            0.191,
            0.203
        ],
        [
            0.196,
            0.19,
            0.184,
            0.182,
            0.187,
            0.178,
            0.181,
            0.184,
            0.19,
            0.181,
            0.194,
            0.2
        ],
        [
            0.2,
            0.188,
            0.183,
            0.179,
            0.185,
            0.178,
            0.179,
            0.182,
            0.191,
            0.182,
            0.188,
            0.205
        ],
        [
            0.2,
            0.184,
            0.187,
            0.184,
            0.187,
            0.179,
            0.183,
            0.182,
            0.188,
            0.185,
            0.191,
            0.205
        ]
    ],
    "timestamp": "2026-04-10T19:55:37.747114",
    "label": "not_bee"
}