{
    "event_type": "flower_visit",
    "event_id": "flower_1_20260409161649024305",
    "flower_id": "flower_1",
    "background_dist": 0.41,
    "start_time": 1775769400.490805,
    "end_time": 1775769409.0241642,
    "num_scans": 128,
    "angles": [
        127,
        128,
        129,
        130,
        131,
        132
    ],
    "distance_series": [
        [
            0.433,
            0.399,
            0.379,
            0.373,
            0.396,
            0.425
        ],
        [
            0.43,
            0.399,
            0.382,
            0.382,
            0.386,
            0.421
        ],
        [
            0.436,
            0.41,
            0.376,
            0.381,
            0.382,
            0.412
        ],
        [
            0.443,
            0.413,
            0.378,
            0.376,
            0.379,
            0.408
        ],
        [
            0.446,
            0.409,
            0.376,
            0.375,
            0.38,
            0.408
        ],
        [
            0.452,
            0.41,
            0.369,
            0.371,
            0.379,
            0.41
        ],
        [
            0.453,
            0.409,
            0.376,
            0.376,
            0.383,
            0.412
        ],
        [
            0.453,
            0.402,
            0.381,
            0.373,
            0.38,
            0.408
        ],
        [
            0.457,
            0.405,
            0.38,
            0.373,
            0.38,
            0.408
        ],
        [
            0.456,
            0.409,
            0.381,
            0.371,
            0.379,
            0.398
        ],
        [
            0.458,
            0.399,
            0.378,
            0.374,
            0.368,
            0.392
        ],
        [
            0.458,
            0.404,
            0.377,
            0.374,
            0.369,
            0.395
        ],
        [
            0.46,
            0.409,
            0.38,
            0.376,
            0.375,
            0.392
        ],
        [
            0.459,
            0.408,
            0.385,
            0.372,
            0.377,
            0.402
        ],
        [
            0.454,
            0.407,
            0.389,
            0.366,
            0.376,
            0.41
        ],
        [
            0.451,
            0.406,
            0.394,
            0.366,
            0.379,
            0.407
        ],
        [
            0.445,
            0.406,
            0.394,
            0.37,
            0.381,
            0.405
        ],
        [
            0.447,
            0.409,
            0.396,
            0.371,
            0.383,
            0.405
        ],
        [
            0.449,
            0.409,
            0.4,
            0.38,
            0.384,
            0.401
        ],
        [
            0.452,
            0.409,
            0.396,
            0.374,
            0.382,
            0.399
        ],
        [
            0.455,
            0.407,
            0.398,
            0.373,
            0.385,
            0.405
        ],
        [
            0.455,
            0.41,
            0.393,
            0.372,
            0.377,
            0.404
        ],
        [
            0.455,
            0.409,
            0.384,
            0.375,
            0.375,
            0.399
        ],
        [
            0.452,
            0.406,
            0.388,
            0.377,
            0.369,
            0.396
        ],
        [
            0.454,
            0.407,
            0.389,
            0.381,
            0.367,
            0.394
        ],
        [
            0.449,
            0.409,
            0.394,
            0.381,
            0.376,
            0.39
        ],
        [
            0.451,
            0.414,
            0.396,
            0.38,
            0.377,
            0.4
        ],
        [
            0.454,
            0.418,
            0.396,
            0.376,
            0.385,
            0.402
        ],
        [
            0.453,
            0.415,
            0.394,
            0.366,
            0.39,
            0.399
        ],
        [
            0.456,
            0.415,
            0.391,
            0.374,
            0.379,
            0.4
        ],
        [
            0.453,
            0.414,
            0.392,
            0.369,
            0.387,
            0.395
        ],
        [
            0.452,
            0.413,
            0.392,
            0.376,
            0.384,
            0.394
        ],
        [
            0.452,
            0.413,
            0.393,
            0.371,
            0.38,
            0.392
        ],
        [
            0.453,
            0.419,
            0.392,
            0.37,
            0.381,
            0.386
        ],
        [
            0.456,
            0.42,
            0.394,
            0.368,
            0.385,
            0.383
        ],
        [
            0.458,
            0.413,
            0.4,
            0.363,
            0.389,
            0.389
        ],
        [
            0.46,
            0.414,
            0.402,
            0.37,
            0.387,
            0.387
        ],
        [
            0.457,
            0.411,
            0.401,
            0.38,
            0.384,
            0.398
        ],
        [
            0.455,
            0.411,
            0.404,
            0.381,
            0.381,
            0.407
        ],
        [
            0.456,
            0.413,
            0.401,
            0.379,
            0.375,
            0.402
        ],
        [
            0.452,
            0.411,
            0.398,
            0.375,
            0.375,
            0.394
        ],
        [
            0.456,
            0.411,
            0.393,
            0.371,
            0.375,
            0.388
        ],
        [
            0.462,
            0.405,
            0.397,
            0.375,
            0.382,
            0.383
        ],
        [
            0.46,
            0.406,
            0.392,
            0.375,
            0.375,
            0.379
        ],
        [
            0.463,
            0.402,
            0.387,
            0.373,
            0.372,
            0.383
        ],
        [
            0.462,
            0.403,
            0.391,
            0.376,
            0.37,
            0.393
        ],
        [
            0.458,
            0.404,
            0.395,
            0.379,
            0.372,
            0.394
        ],
        [
            0.454,
            0.403,
            0.401,
            0.382,
            0.372,
            0.39
        ],
        [
            0.452,
            0.407,
            0.4,
            0.38,
            0.365,
            0.388
        ],
        [
            0.452,
            0.404,
            0.388,
            0.379,
            0.365,
            0.39
        ],
        [
            0.45,
            0.402,
            0.39,
            0.374,
            0.361,
            0.392
        ],
        [
            0.454,
            0.4,
            0.383,
            0.375,
            0.362,
            0.389
        ],
        [
            0.453,
            0.398,
            0.377,
            0.369,
            0.368,
            0.391
        ],
        [
            0.453,
            0.397,
            0.38,
            0.362,
            0.372,
            0.384
        ],
        [
            0.455,
            0.392,
            0.38,
            0.36,
            0.367,
            0.387
        ],
        [
            0.455,
            0.393,
            0.381,
            0.364,
            0.363,
            0.391
        ],
        [
            0.455,
            0.397,
            0.378,
            0.368,
            0.361,
            0.381
        ],
        [
            0.456,
