{
    "event_type": "flower_visit",
    "event_id": "flower_2_20260412180921297840",
    "flower_id": "flower_2",
    "background_dist": 0.19,
    "start_time": 1776035358.364198,
    "end_time": 1776035361.29767,
    "num_scans": 44,
    "angles": [
        156,
        157,
        158,
        159,
        160,
        161,
        162,
        163,
        164,
        165,
        166,
        167,
        168,
        169,
        170,
        171
    ],
    "distance_series": [
        [
            0.15,
            0.14,
            0.144,
            0.137,
            0.139,
            0.136,
            0.156,
            0.175,
            0.166,
            0.154,
            0.173,
            0.178,
            0.159,
            0.174,
            0.201,
            0.184
        ],
        [
            0.149,
            0.141,
            0.14,
            0.141,
            0.137,
            0.138,
            0.155,
            0.175,
            0.169,
            0.157,
            0.18,
            0.176,
            0.16,
            0.171,
            0.2,
            0.186
        ],
        [
            0.151,
            0.148,
            0.142,
            0.139,
            0.137,
            0.142,
            0.156,
            0.17,
            0.17,
            0.153,
            0.174,
            0.178,
            0.158,
            0.174,
            0.199,
            0.186
        ],
        [
            0.158,
            0.15,
            0.146,
            0.141,
            0.133,
            0.142,
            0.149,
            0.167,
            0.174,
            0.157,
            0.173,
            0.18,
            0.17,
            0.176,
            0.193,
            0.196
        ],
        [
            0.154,
            0.153,
            0.145,
            0.142,
            0.13,
            0.135,
            0.145,
            0.165,
            0.176,
            0.159,
            0.164,
            0.185,
            0.172,
            0.179,
            0.183,
            0.195
        ],
        [
            0.152,
            0.154,
            0.147,
            0.142,
            0.135,
            0.135,
            0.142,
            0.16,
            0.176,
            0.157,
            0.159,
            0.181,
            0.175,
            0.174,
            0.183,
            0.184
        ],
        [
            0.154,
            0.153,
            0.148,
            0.148,
            0.14,
            0.137,
            0.14,
            0.16,
            0.171,
            0.16,
            0.157,
            0.177,
            0.174,
            0.171,
            0.185,
            0.175
        ],
        [
            0.155,
            0.153,
            0.145,
            0.144,
            0.133,
            0.133,
            0.138,
            0.166,
            0.166,
            0.153,
            0.162,
            0.175,
            0.163,
            0.173,
            0.19,
            0.171
        ],
        [
            0.15,
            0.155,
            0.143,
            0.142,
            0.135,
            0.139,
            0.141,
            0.17,
            0.165,
            0.153,
            0.169,
            0.168,
            0.156,
            0.178,
            0.196,
            0.176
        ],
        [
            0.152,
            0.146,
            0.146,
            0.142,
            0.132,
            0.14,
            0.147,
            0.17,
            0.162,
            0.152,
            0.171,
            0.168,
            0.158,
            0.172,
            0.2,
            0.178
        ],
        [
            0.153,
            0.142,
            0.144,
            0.139,
            0.134,
            0.14,
            0.153,
            0.169,
            0.166,
            0.154,
            0.167,
            0.169,
            0.161,
            0.172,
            0.199,
            0.183
        ],
        [
            0.148,
            0.14,
            0.147,
            0.139,
            0.135,
            0.142,
            0.151,
            0.168,
            0.166,
            0.157,
            0.173,
            0.165,
            0.163,
            0.181,
            0.196,
            0.175
        ],
        [
            0.143,
            0.144,
            0.146,
            0.137,
            0.14,
            0.134,
            0.149,
            0.166,
            0.166,
            0.158,
            0.167,
            0.16,
            0.167,
            0.182,
            0.197,
            0.173
        ],
        [
            0.145,
            0.148,
            0.144,
            0.136,
            0.139,
            0.134,
            0.141,
            0.163,
            0.172,
            0.159,
            0.163,
            0.16,
            0.163,
            0.184,
            0.191,
            0.17
        ],
        [
            0.141,
            0.149,
            0.14,
            0.139,
            0.14,
            0.127,
            0.139,
            0.164,
            0.167,
            0.154,
            0.159,
            0.158,
            0.159,
            0.178,
            0.186,
            0.173
        ],
        [
            0.142,
            0.149,
            0.144,
            0.138,
            0.136,
            0.125,
            0.136,
            0.161,
            0.169,
            0.153,
            0.153,
            0.167,
            0.155,
            0.169,
            0.181,
            0.18
        ],
        [
            0.148,
            0.15,
            0.14,
            0.141,
            0.137,
            0.13,
            0.136,
            0.156,
            0.17,
            0.152,
            0.156,
            0.162,
            0.154,
            0.166,
            0.181,
            0.181
        ],
        [
            0.152,
            0.148,
            0.144,
            0.143,
            0.137,
            0.135,
            0.135,
            0.158,
            0.168,
            0.151,
            0.158,
            0.165,
            0.156,
            0.173,
            0.187,
            0.187
        ],
        [
            0.155,
            0.15,
            0.146,
            0.141,
            0.137,
            0.138,
            0.139,
            0.145,
            0.169,
            0.151,
            0.159,
            0.16,
            0.153,
            0.173,
            0.192,
            0.185
        ],
        [
            0.149,
            0.152,
            0.144,
            0.145,
            0.139,
            0.132,
            0.136,
            0.141,
            0.163,
            0.152,
            0.157,
            0.16,
            0.152,
            0.165,
            0.189,
            0.185
        ],
        [
            0.148,
            0.151,
            0.143,
            0.141,
            0.142,
            0.134,
            0.134,
            0.137,
            0.165,
            0.155,
            0.156,
            0.172,
            0.147,
            0.158,
            0.184,
            0.18
        ],
        [
            0.149,
            0.147,
            0.144,
            0.14,
            0.14,
            0.132,
            0.134,
            0.131,
            0.164,
            0.158,
            0.155,
            0.173,
            0.144,
            0.158,
            0.175,
            0.176
        ],
        [
            0.151,
            0.148,
            0.141,
            0.141,
            0.136,
            0.131,
            0.134,
            0.143,
            0.161,
            0.166,
            0.15,
            0.174,
            0.147,
            0.157,
            0.174,
            0.175
        ],
        [
            0.151,
            0.15,
            0.139,
            0.134,
