{
    "event_type": "flower_visit",
    "event_id": "flower_1_20260410204339456322",
    "flower_id": "flower_1",
    "background_dist": 0.34,
    "start_time": 1775871815.988794,
    "end_time": 1775871819.456181,
    "num_scans": 52,
    "angles": [
        124,
        125,
        126,
        127,
        128,
        129,
        130,
        131,
        132
    ],
    "distance_series": [
        [
            0.421,
            0.335,
            0.313,
            0.298,
            0.303,
            0.306,
            0.297,
            0.313,
            0.366
        ],
        [
            0.456,
            0.331,
            0.31,
            0.298,
            0.301,
            0.3,
            0.298,
            0.318,
            0.364
        ],
        [
            0.456,
            0.323,
            0.304,
            0.298,
            0.297,
            0.301,
            0.3,
            0.32,
            0.331
        ],
        [
            0.489,
            0.315,
            0.301,
            0.301,
            0.294,
            0.298,
            0.309,
            0.327,
            0.337
        ],
        [
            0.49,
            0.309,
            0.295,
            0.3,
            0.296,
            0.298,
            0.321,
            0.331,
            0.343
        ],
        [
            0.486,
            0.305,
            0.295,
            0.299,
            0.298,
            0.297,
            0.328,
            0.331,
            0.345
        ],
        [
            0.487,
            0.307,
            0.293,
            0.296,
            0.297,
            0.296,
            0.335,
            0.332,
            0.339
        ],
        [
            0.492,
            0.31,
            0.296,
            0.298,
            0.3,
            0.299,
            0.329,
            0.336,
            0.339
        ],
        [
            0.491,
            0.316,
            0.303,
            0.294,
            0.298,
            0.299,
            0.318,
            0.337,
            0.345
        ],
        [
            0.497,
            0.323,
            0.316,
            0.295,
            0.296,
            0.301,
            0.31,
            0.332,
            0.339
        ],
        [
            0.457,
            0.332,
            0.324,
            0.301,
            0.301,
            0.303,
            0.308,
            0.326,
            0.33
        ],
        [
            0.421,
            0.338,
            0.333,
            0.306,
            0.301,
            0.3,
            0.303,
            0.311,
            0.319
        ],
        [
            0.383,
            0.34,
            0.337,
            0.311,
            0.302,
            0.299,
            0.305,
            0.306,
            0.313
        ],
        [
            0.344,
            0.342,
            0.336,
            0.313,
            0.304,
            0.297,
            0.303,
            0.303,
            0.348
        ],
        [
            0.346,
            0.339,
            0.336,
            0.311,
            0.301,
            0.296,
            0.302,
            0.305,
            0.353
        ],
        [
            0.382,
            0.337,
            0.326,
            0.309,
            0.299,
            0.296,
            0.301,
            0.309,
            0.36
        ],
        [
            0.421,
            0.332,
            0.318,
            0.305,
            0.297,
            0.296,
            0.301,
            0.321,
            0.362
        ],
        [
            0.457,
            0.316,
            0.304,
            0.302,
            0.296,
            0.299,
            0.308,
            0.329,
            0.337
        ],
        [
            0.483,
            0.309,
            0.296,
            0.301,
            0.298,
            0.299,
            0.319,
            0.336,
            0.342
        ],
        [
            0.479,
            0.304,
            0.293,
            0.303,
            0.303,
            0.299,
            0.327,
            0.341,
            0.346
        ],
        [
            0.48,
            0.304,
            0.295,
            0.302,
            0.303,
            0.3,
            0.329,
            0.338,
            0.345
        ],
        [
            0.445,
            0.312,
            0.295,
            0.301,
            0.306,
            0.301,
            0.324,
            0.332,
            0.344
        ],
        [
            0.415,
            0.32,
            0.301,
            0.302,
            0.305,
            0.302,
            0.313,
            0.33,
            0.347
        ],
        [
            0.381,
            0.328,
            0.312,
            0.306,
            0.304,
            0.307,
            0.313,
            0.323,
            0.339
        ],
        [
            0.375,
            0.337,
            0.317,
            0.315,
            0.305,
            0.303,
            0.305,
            0.313,
            0.327
        ],
        [
            0.373,
            0.342,
            0.329,
            0.325,
            0.303,
            0.308,
            0.306,
            0.307,
            0.316
        ],
        [
            0.372,
            0.343,
            0.335,
            0.329,
            0.302,
            0.31,
            0.305,
            0.3,
            0.304
        ],
        [
            0.414,
            0.342,
            0.334,
            0.328,
            0.298,
            0.312,
            0.299,
            0.295,
            0.3
        ],
        [
            0.376,
            0.343,
            0.339,
            0.318,
            0.298,
            0.304,
            0.298,
            0.291,
            0.303
        ],
        [
            0.379,
            0.343,
            0.335,
            0.309,
            0.299,
            0.301,
            0.296,
            0.294,
            0.349
        ],
        [
            0.416,
            0.338,
            0.324,
            0.302,
            0.299,
            0.304,
            0.296,
            0.302,
            0.357
        ],
        [
            0.408,
            0.331,
            0.315,
            0.295,
            0.303,
            0.3,
            0.298,
            0.315,
            0.369
        ],
        [
            0.448,
            0.315,
            0.303,
            0.299,
            0.307,
            0.303,
            0.304,
            0.324,
            0.373
        ],
        [
            0.479,
            0.307,
            0.295,
            0.3,
            0.309,
            0.303,
            0.313,
            0.329,
            0.34
        ],
        [
            0.478,
            0.304,
            0.293,
            0.302,
            0.305,
            0.301,
            0.326,
            0.335,
            0.337
        ],
        [
            0.481,
            0.3,
            0.292,
            0.304,
            0.304,
            0.301,
            0.33,
            0.335,
            0.338
        ],
        [
            0.481,
            0.303,
            0.293,
            0.299,
            0.306,
            0.298,
            0.328,
            0.334,
            0.338
        ],
        [
            0.445,
            0.308,
            0.295,
            0.295,
            0.306,
            0.302,
            0.32,
            0.332,
            0.338
        ],
        [
            0.446,
            0.314,
            0.297,
            0.293,
            0.306,
            0.302,
            0.312,
            0.327,
            0.344
        ],
        [
            0.406,
            0.324,
            0.298,
            0.294,
            0.302,
            0.309,
            0.305,
            0.318,
            0.371
