{
    "event_type": "flower_visit",
    "event_id": "flower_1_20260410195504680665",
    "flower_id": "flower_1",
    "background_dist": 0.19,
    "start_time": 1775868903.282562,
    "end_time": 1775868904.6805031,
    "num_scans": 21,
    "angles": [
        105,
        106,
        107,
        108,
        109,
        110,
        111,
        112,
        113,
        114,
        115,
        116
    ],
    "distance_series": [
        [
            0.151,
            0.16,
            0.172,
            0.177,
            0.183,
            0.187,
            0.176,
            0.188,
            0.188,
            0.187,
            0.187,
            0.199
        ],
        [
            0.15,
            0.164,
            0.167,
            0.182,
            0.182,
            0.181,
            0.176,
            0.184,
            0.188,
            0.183,
            0.185,
            0.199
        ],
        [
            0.151,
            0.164,
            0.167,
            0.182,
            0.186,
            0.184,
            0.174,
            0.185,
            0.192,
            0.186,
            0.184,
            0.197
        ],
        [
            0.152,
            0.162,
            0.166,
            0.178,
            0.183,
            0.182,
            0.178,
            0.184,
            0.191,
            0.186,
            0.194,
            0.192
        ],
        [
            0.157,
            0.159,
            0.166,
            0.178,
            0.183,
            0.184,
            0.188,
            0.186,
            0.192,
            0.184,
            0.195,
            0.194
        ],
        [
            0.16,
            0.158,
            0.164,
            0.18,
            0.183,
            0.189,
            0.185,
            0.186,
            0.188,
            0.189,
            0.197,
            0.199
        ],
        [
            0.154,
            0.155,
            0.164,
            0.181,
            0.185,
            0.185,
            0.181,
            0.187,
            0.19,
            0.183,
            0.19,
            0.201
        ],
        [
            0.153,
            0.156,
            0.167,
            0.18,
            0.191,
            0.189,
            0.185,
            0.188,
            0.188,
            0.182,
            0.189,
            0.201
        ],
        [
            0.147,
            0.159,
            0.166,
            0.18,
            0.187,
            0.181,
            0.186,
            0.185,
            0.19,
            0.183,
            0.19,
            0.202
        ],
        [
            0.148,
            0.161,
            0.167,
            0.182,
            0.182,
            0.179,
            0.184,
            0.181,
            0.187,
            0.184,
            0.188,
            0.199
        ],
        [
            0.149,
            0.161,
            0.162,
            0.179,
            0.181,
            0.181,
            0.185,
            0.183,
            0.186,
            0.184,
            0.192,
            0.197
        ],
        [
            0.147,
            0.161,
            0.163,
            0.177,
            0.179,
            0.178,
            0.182,
            0.183,
            0.186,
            0.185,
            0.192,
            0.197
        ],
        [
            0.152,
            0.159,
            0.161,
            0.175,
            0.177,
            0.181,
            0.176,
            0.183,
            0.181,
            0.184,
            0.189,
            0.196
        ],
        [
            0.159,
            0.17,
            0.169,
            0.174,
            0.18,
            0.178,
            0.177,
            0.183,
            0.185,
            0.183,
            0.188,
            0.199
        ],
        [
            0.168,
            0.179,
            0.177,
            0.172,
            0.182,
            0.179,
            0.171,
            0.181,
            0.181,
            0.183,
            0.19,
            0.205
        ],
        [
            0.178,
            0.189,
            0.178,
            0.175,
            0.18,
            0.181,
            0.178,
            0.181,
            0.187,
            0.181,
            0.196,
            0.2
        ],
        [
            0.186,
            0.193,
            0.182,
            0.177,
            0.183,
            0.171,
            0.179,
            0.183,
            0.183,
            0.183,
            0.197,
            0.2
        ],
        [
            0.194,
            0.193,
            0.187,
            0.18,
            0.179,
            0.173,
            0.181,
            0.18,
            0.181,
            0.187,
            0.192,
            0.199
        ],
        [
            0.197,
            0.188,
            0.179,
            0.178,
            0.178,
            0.174,
            0.178,
            0.181,
            0.18,
            0.182,
            0.191,
            0.198
        ],
        [
            0.197,
            0.184,
            0.182,
            0.179,
            0.178,
            0.179,
            0.177,
            0.177,
            0.184,
            0.186,
            0.194,
            0.202
        ],
        [
            0.191,
            0.19,
            0.184,
            0.184,
            0.176,
            0.178,
            0.177,
            0.178,
            0.188,
            0.184,
            0.19,
            0.206
        ]
    ],
    "timestamp": "2026-04-10T19:55:04.680755",
    "label": "not_bee"
}