{
    "event_type": "flower_visit",
    "event_id": "flower_2_20260410191514300137",
    "flower_id": "flower_2",
    "background_dist": 0.25,
    "start_time": 1775866511.8999538,
    "end_time": 1775866514.2999659,
    "num_scans": 36,
    "angles": [
        171,
        172,
        173,
        174,
        175,
        176,
        177,
        178,
        179,
        180,
        181,
        182,
        183
    ],
    "distance_series": [
        [
            0.204,
            0.216,
            0.218,
            0.217,
            0.226,
            0.219,
            0.217,
            0.226,
            0.23,
            0.238,
            0.251,
            0.26,
            0.287
        ],
        [
            0.212,
            0.22,
            0.227,
            0.225,
            0.228,
            0.232,
            0.223,
            0.225,
            0.227,
            0.238,
            0.247,
            0.258,
            0.286
        ],
        [
            0.214,
            0.228,
            0.236,
            0.232,
            0.235,
            0.238,
            0.231,
            0.236,
            0.235,
            0.237,
            0.25,
            0.255,
            0.255
        ],
        [
            0.209,
            0.228,
            0.243,
            0.236,
            0.237,
            0.237,
            0.235,
            0.236,
            0.232,
            0.234,
            0.249,
            0.256,
            0.258
        ],
        [
            0.202,
            0.221,
            0.228,
            0.226,
            0.233,
            0.232,
            0.236,
            0.232,
            0.235,
            0.238,
            0.248,
            0.258,
            0.257
        ],
        [
            0.308,
            0.222,
            0.221,
            0.22,
            0.226,
            0.228,
            0.238,
            0.232,
            0.236,
            0.237,
            0.249,
            0.256,
            0.261
        ],
        [
            0.326,
            0.223,
            0.217,
            0.216,
            0.214,
            0.219,
            0.226,
            0.229,
            0.236,
            0.238,
            0.251,
            0.259,
            0.289
        ],
        [
            0.403,
            0.232,
            0.225,
            0.21,
            0.205,
            0.209,
            0.217,
            0.216,
            0.233,
            0.235,
            0.248,
            0.255,
            0.289
        ],
        [
            0.403,
            0.236,
            0.232,
            0.21,
            0.194,
            0.207,
            0.216,
            0.221,
            0.236,
            0.235,
            0.246,
            0.257,
            0.327
        ],
        [
            0.333,
            0.223,
            0.222,
            0.204,
            0.192,
            0.198,
            0.206,
            0.221,
            0.24,
            0.238,
            0.244,
            0.254,
            0.328
        ],
        [
            0.271,
            0.211,
            0.214,
            0.197,
            0.19,
            0.195,
            0.216,
            0.224,
            0.237,
            0.238,
            0.245,
            0.255,
            0.328
        ],
        [
            0.193,
            0.201,
            0.203,
            0.203,
            0.202,
            0.205,
            0.226,
            0.236,
            0.242,
            0.241,
            0.241,
            0.251,
            0.328
        ],
        [
            0.198,
            0.2,
            0.206,
            0.21,
            0.207,
            0.202,
            0.218,
            0.23,
            0.242,
            0.24,
            0.243,
            0.252,
            0.33
        ],
        [
            0.635,
            0.213,
            0.209,
            0.21,
            0.213,
            0.209,
            0.215,
            0.224,
            0.236,
            0.241,
            0.245,
            0.26,
            0.326
        ],
        [
            0.729,
            0.227,
            0.221,
            0.222,
            0.226,
            0.22,
            0.208,
            0.227,
            0.236,
            0.243,
            0.246,
            0.26,
            0.287
        ],
        [
            0.791,
            0.236,
            0.226,
            0.225,
            0.223,
            0.215,
            0.201,
            0.219,
            0.227,
            0.244,
            0.246,
            0.26,
            0.323
        ],
        [
            0.905,
            0.246,
            0.238,
            0.23,
            0.228,
            0.214,
            0.2,
            0.214,
            0.224,
            0.24,
            0.247,
            0.256,
            0.286
        ],
        [
            0.439,
            0.236,
            0.234,
            0.238,
            0.234,
            0.221,
            0.213,
            0.223,
            0.234,
            0.238,
            0.246,
            0.258,
            0.286
        ],
        [
            0.371,
            0.225,
            0.227,
            0.237,
            0.235,
            0.221,
            0.223,
            0.223,
            0.23,
            0.239,
            0.246,
            0.262,
            0.286
        ],
        [
            0.31,
            0.222,
            0.23,
            0.236,
            0.232,
            0.23,
            0.231,
            0.23,
            0.239,
            0.241,
            0.245,
            0.263,
            0.294
        ],
        [
            0.252,
            0.222,
            0.23,
            0.235,
            0.235,
            0.237,
            0.243,
            0.233,
            0.242,
            0.245,
            0.249,
            0.266,
            0.289
        ],
        [
            0.261,
            0.235,
            0.242,
            0.234,
            0.235,
            0.235,
            0.24,
            0.237,
            0.238,
            0.244,
            0.251,
            0.264,
            0.329
        ],
        [
            0.264,
            0.242,
            0.247,
            0.238,
            0.239,
            0.237,
            0.238,
            0.236,
            0.246,
            0.242,
            0.253,
            0.258,
            0.328
        ],
        [
            0.265,
            0.233,
            0.232,
            0.238,
            0.245,
            0.237,
            0.24,
            0.238,
            0.242,
            0.243,
            0.252,
            0.259,
            0.322
        ],
        [
            0.261,
            0.23,
            0.235,
            0.24,
            0.242,
            0.235,
            0.235,
            0.231,
            0.244,
            0.244,
            0.253,
            0.256,
            0.321
        ],
        [
            0.379,
            0.232,
            0.234,
            0.236,
            0.233,
            0.224,
            0.228,
            0.214,
            0.232,
            0.245,
            0.255,
            0.254,
            0.32
        ],
        [
            0.436,
            0.235,
            0.235,
            0.235,
            0.229,
            0.225,
            0.226,
            0.208,
            0.225,
            0.245,
            0.25,
            0.248,
            0.311
        ],
        [
            0.859,
            0.244,
            0.231,
            0.223,
            0.223,
            0.217,
            0.219,
            0.209,
            0.229,
            0.242,
            0.251,
            0.244,
            0.274
        ],
        [
            0.871,
            0.245,
            0.235,
            0.227,
            0.221,
