{
    "event_type": "flower_visit",
    "event_id": "flower_1_20260409160739030975",
    "flower_id": "flower_1",
    "background_dist": 0.41,
    "start_time": 1775768850.163828,
    "end_time": 1775768859.030835,
    "num_scans": 133,
    "angles": [
        127,
        128,
        129,
        130,
        131,
        132
    ],
    "distance_series": [
        [
            0.374,
            0.376,
            0.392,
            0.389,
            0.399,
            0.406
        ],
        [
            0.374,
            0.377,
            0.389,
            0.399,
            0.4,
            0.41
        ],
        [
            0.373,
            0.377,
            0.384,
            0.396,
            0.404,
            0.414
        ],
        [
            0.372,
            0.376,
            0.383,
            0.402,
            0.399,
            0.413
        ],
        [
            0.372,
            0.374,
            0.378,
            0.394,
            0.407,
            0.416
        ],
        [
            0.376,
            0.367,
            0.379,
            0.392,
            0.405,
            0.414
        ],
        [
            0.371,
            0.371,
            0.383,
            0.388,
            0.408,
            0.41
        ],
        [
            0.372,
            0.369,
            0.373,
            0.389,
            0.408,
            0.41
        ],
        [
            0.373,
            0.367,
            0.374,
            0.391,
            0.402,
            0.406
        ],
        [
            0.368,
            0.372,
            0.378,
            0.393,
            0.401,
            0.41
        ],
        [
            0.367,
            0.367,
            0.378,
            0.398,
            0.398,
            0.406
        ],
        [
            0.364,
            0.371,
            0.384,
            0.396,
            0.4,
            0.405
        ],
        [
            0.361,
            0.373,
            0.391,
            0.39,
            0.397,
            0.402
        ],
        [
            0.358,
            0.367,
            0.386,
            0.386,
            0.396,
            0.406
        ],
        [
            0.359,
            0.366,
            0.385,
            0.391,
            0.396,
            0.406
        ],
        [
            0.362,
            0.365,
            0.381,
            0.396,
            0.397,
            0.412
        ],
        [
            0.362,
            0.368,
            0.382,
            0.397,
            0.402,
            0.407
        ],
        [
            0.363,
            0.363,
            0.379,
            0.397,
            0.403,
            0.408
        ],
        [
            0.363,
            0.369,
            0.377,
            0.399,
            0.403,
            0.411
        ],
        [
            0.373,
            0.373,
            0.375,
            0.402,
            0.404,
            0.407
        ],
        [
            0.364,
            0.361,
            0.377,
            0.402,
            0.405,
            0.416
        ],
        [
            0.371,
            0.367,
            0.378,
            0.406,
            0.406,
            0.418
        ],
        [
            0.372,
            0.367,
            0.378,
            0.404,
            0.407,
            0.42
        ],
        [
            0.366,
            0.359,
            0.379,
            0.409,
            0.405,
            0.419
        ],
        [
            0.365,
            0.366,
            0.376,
            0.406,
            0.406,
            0.418
        ],
        [
            0.364,
            0.368,
            0.381,
            0.403,
            0.4,
            0.41
        ],
        [
            0.365,
            0.368,
            0.385,
            0.402,
            0.401,
            0.41
        ],
        [
            0.369,
            0.375,
            0.387,
            0.397,
            0.399,
            0.404
        ],
        [
            0.37,
            0.373,
            0.387,
            0.401,
            0.398,
            0.408
        ],
        [
            0.366,
            0.377,
            0.383,
            0.402,
            0.401,
            0.41
        ],
        [
            0.37,
            0.374,
            0.374,
            0.407,
            0.403,
            0.41
        ],
        [
            0.365,
            0.369,
            0.377,
            0.405,
            0.405,
            0.42
        ],
        [
            0.361,
            0.365,
            0.374,
            0.403,
            0.406,
            0.416
        ],
        [
            0.363,
            0.367,
            0.379,
            0.404,
            0.408,
            0.416
        ],
        [
            0.364,
            0.37,
            0.383,
            0.404,
            0.411,
            0.416
        ],
        [
            0.366,
            0.369,
            0.382,
            0.406,
            0.409,
            0.415
        ],
        [
            0.368,
            0.37,
            0.384,
            0.411,
            0.405,
            0.415
        ],
        [
            0.365,
            0.374,
            0.382,
            0.409,
            0.407,
            0.416
        ],
        [
            0.368,
            0.375,
            0.377,
            0.403,
            0.404,
            0.415
        ],
        [
            0.37,
            0.367,
            0.382,
            0.4,
            0.403,
            0.419
        ],
        [
            0.371,
            0.371,
            0.383,
            0.402,
            0.406,
            0.414
        ],
        [
            0.366,
            0.367,
            0.38,
            0.404,
            0.4,
            0.414
        ],
        [
            0.366,
            0.366,
            0.391,
            0.401,
            0.399,
            0.418
        ],
        [
            0.369,
            0.377,
            0.388,
            0.404,
            0.407,
            0.417
        ],
        [
            0.366,
            0.371,
            0.388,
            0.405,
            0.411,
            0.417
        ],
        [
            0.357,
            0.367,
            0.388,
            0.402,
            0.407,
            0.407
        ],
        [
            0.359,
            0.361,
            0.378,
            0.395,
            0.403,
            0.399
        ],
        [
            0.36,
            0.366,
            0.369,
            0.392,
            0.395,
            0.392
        ],
        [
            0.363,
            0.364,
            0.368,
            0.393,
            0.389,
            0.395
        ],
        [
            0.364,
            0.362,
            0.372,
            0.392,
            0.391,
            0.398
        ],
        [
            0.364,
            0.365,
            0.373,
            0.398,
            0.392,
            0.404
        ],
        [
            0.361,
            0.363,
            0.378,
            0.399,
            0.404,
            0.408
        ],
        [
            0.359,
            0.364,
            0.381,
            0.403,
            0.403,
            0.413
        ],
        [
            0.361,
            0.371,
            0.377,
            0.4,
            0.405,
            0.417
        ],
        [
            0.356,
            0.374,
            0.38,
            0.404,
            0.404,
            0.41
        ],
        [
            0.365,
            0.377,
            0.388,
            0.405,
            0.398,
            0.413
        ],
        [
            0.366,
            0.383,
            0.392,
            0.404,
            0.399,
            0.412
        ],
        [
            0.369,
