{
    "event_type": "flower_visit",
    "event_id": "flower_1_20260410190835304662",
    "flower_id": "flower_1",
    "background_dist": 0.38,
    "start_time": 1775866111.706465,
    "end_time": 1775866115.304546,
    "num_scans": 54,
    "angles": [
        128,
        129,
        130,
        131,
        132,
        133,
        134
    ],
    "distance_series": [
        [
            0.498,
            0.382,
            0.366,
            0.346,
            0.331,
            0.331,
            0.332
        ],
        [
            0.461,
            0.38,
            0.358,
            0.343,
            0.329,
            0.336,
            0.332
        ],
        [
            0.462,
            0.377,
            0.354,
            0.337,
            0.332,
            0.333,
            0.33
        ],
        [
            0.463,
            0.38,
            0.358,
            0.339,
            0.328,
            0.331,
            0.327
        ],
        [
            0.461,
            0.381,
            0.356,
            0.338,
            0.331,
            0.333,
            0.328
        ],
        [
            0.496,
            0.384,
            0.365,
            0.351,
            0.333,
            0.33,
            0.326
        ],
        [
            0.457,
            0.386,
            0.366,
            0.35,
            0.335,
            0.326,
            0.322
        ],
        [
            0.496,
            0.386,
            0.366,
            0.351,
            0.338,
            0.338,
            0.336
        ],
        [
            0.458,
            0.377,
            0.357,
            0.349,
            0.336,
            0.34,
            0.353
        ],
        [
            0.41,
            0.362,
            0.347,
            0.345,
            0.34,
            0.347,
            0.368
        ],
        [
            0.451,
            0.355,
            0.343,
            0.339,
            0.336,
            0.349,
            0.366
        ],
        [
            0.448,
            0.36,
            0.348,
            0.345,
            0.339,
            0.337,
            0.352
        ],
        [
            0.448,
            0.368,
            0.35,
            0.35,
            0.349,
            0.335,
            0.342
        ],
        [
            0.498,
            0.372,
            0.349,
            0.349,
            0.347,
            0.338,
            0.348
        ],
        [
            0.446,
            0.365,
            0.353,
            0.358,
            0.355,
            0.35,
            0.361
        ],
        [
            0.393,
            0.349,
            0.342,
            0.348,
            0.346,
            0.357,
            0.372
        ],
        [
            0.399,
            0.349,
            0.344,
            0.336,
            0.345,
            0.354,
            0.366
        ],
        [
            0.401,
            0.36,
            0.352,
            0.346,
            0.359,
            0.359,
            0.364
        ],
        [
            0.412,
            0.375,
            0.365,
            0.353,
            0.356,
            0.349,
            0.345
        ],
        [
            0.465,
            0.391,
            0.372,
            0.356,
            0.362,
            0.348,
            0.345
        ],
        [
            0.497,
            0.387,
            0.368,
            0.369,
            0.371,
            0.359,
            0.363
        ],
        [
            0.486,
            0.373,
            0.355,
            0.36,
            0.357,
            0.357,
            0.371
        ],
        [
            0.521,
            0.366,
            0.348,
            0.348,
            0.351,
            0.356,
            0.372
        ],
        [
            0.489,
            0.365,
            0.354,
            0.357,
            0.358,
            0.352,
            0.363
        ],
        [
            0.496,
            0.371,
            0.361,
            0.356,
            0.347,
            0.343,
            0.345
        ],
        [
            0.51,
            0.374,
            0.36,
            0.356,
            0.34,
            0.337,
            0.34
        ],
        [
            0.459,
            0.364,
            0.356,
            0.355,
            0.348,
            0.347,
            0.358
        ],
        [
            0.439,
            0.35,
            0.346,
            0.343,
            0.348,
            0.352,
            0.368
        ],
        [
            0.391,
            0.338,
            0.337,
            0.34,
            0.349,
            0.365,
            0.378
        ],
        [
            0.357,
            0.349,
            0.343,
            0.345,
            0.351,
            0.359,
            0.367
        ],
        [
            0.372,
            0.363,
            0.356,
            0.354,
            0.342,
            0.349,
            0.352
        ],
        [
            0.423,
            0.369,
            0.356,
            0.353,
            0.338,
            0.343,
            0.345
        ],
        [
            0.419,
            0.37,
            0.354,
            0.353,
            0.34,
            0.348,
            0.354
        ],
        [
            0.408,
            0.356,
            0.35,
            0.347,
            0.346,
            0.355,
            0.368
        ],
        [
            0.396,
            0.344,
            0.341,
            0.342,
            0.36,
            0.367,
            0.376
        ],
        [
            0.393,
            0.342,
            0.343,
            0.345,
            0.361,
            0.366,
            0.371
        ],
        [
            0.408,
            0.351,
            0.356,
            0.35,
            0.358,
            0.352,
            0.364
        ],
        [
            0.418,
            0.36,
            0.36,
            0.359,
            0.357,
            0.344,
            0.343
        ],
        [
            0.462,
            0.364,
            0.356,
            0.355,
            0.351,
            0.334,
            0.336
        ],
        [
            0.413,
            0.363,
            0.359,
            0.358,
            0.359,
            0.344,
            0.348
        ],
        [
            0.4,
            0.353,
            0.351,
            0.363,
            0.364,
            0.356,
            0.361
        ],
        [
            0.391,
            0.345,
            0.339,
            0.356,
            0.363,
            0.37,
            0.379
        ],
        [
            0.393,
            0.347,
            0.342,
            0.362,
            0.361,
            0.371,
            0.378
        ],
        [
            0.409,
            0.359,
            0.352,
            0.352,
            0.353,
            0.361,
            0.367
        ],
        [
            0.423,
            0.368,
            0.357,
            0.352,
            0.345,
            0.36,
            0.37
        ],
        [
            0.42,
            0.367,
            0.352,
            0.341,
            0.341,
            0.355,
            0.367
        ],
        [
            0.37,
            0.356,
            0.363,
            0.35,
            0.348,
            0.364,
            0.37
        ],
        [
            0.367,
            0.361,
            0.361,
            0.351,
            0.358,
            0.377,
            0.374
        ],
        [
            0.364,
            0.363,
            0.365,
            0.358,
            0.361,
            0.38,
            0.375
        ],
        [
            0.414,
            0.373,
            0.371,
            0.368,
            0.371,
            0.383,
            0.378
        ],
        [
