{
    "event_type": "flower_visit",
    "event_id": "flower_1_20260409163021146852",
    "flower_id": "flower_1",
    "background_dist": 0.17,
    "start_time": 1775770218.280397,
    "end_time": 1775770221.146713,
    "num_scans": 43,
    "angles": [
        128,
        129,
        130,
        131,
        132,
        133,
        134,
        135,
        136,
        137,
        138,
        139,
        140,
        141,
        142,
        143,
        144,
        145,
        146
    ],
    "distance_series": [
        [
            0.19,
            0.149,
            0.144,
            0.138,
            0.132,
            0.114,
            0.113,
            0.121,
            0.133,
            0.14,
            0.145,
            0.139,
            0.147,
            0.151,
            0.156,
            0.229,
            0.262,
            0.281,
            0.34
        ],
        [
            0.174,
            0.142,
            0.136,
            0.127,
            0.117,
            0.106,
            0.11,
            0.121,
            0.137,
            0.14,
            0.142,
            0.139,
            0.15,
            0.151,
            0.151,
            0.231,
            0.26,
            0.279,
            0.342
        ],
        [
            0.159,
            0.131,
            0.133,
            0.12,
            0.117,
            0.11,
            0.113,
            0.121,
            0.138,
            0.143,
            0.139,
            0.138,
            0.149,
            0.154,
            0.155,
            0.232,
            0.255,
            0.278,
            0.343
        ],
        [
            0.134,
            0.128,
            0.124,
            0.115,
            0.11,
            0.107,
            0.11,
            0.122,
            0.135,
            0.136,
            0.134,
            0.137,
            0.149,
            0.152,
            0.156,
            0.229,
            0.254,
            0.277,
            0.34
        ],
        [
            0.128,
            0.119,
            0.115,
            0.113,
            0.106,
            0.108,
            0.111,
            0.117,
            0.125,
            0.131,
            0.127,
            0.124,
            0.14,
            0.15,
            0.155,
            0.227,
            0.256,
            0.281,
            0.34
        ],
        [
            0.124,
            0.118,
            0.112,
            0.112,
            0.107,
            0.118,
            0.108,
            0.11,
            0.122,
            0.128,
            0.125,
            0.117,
            0.129,
            0.144,
            0.152,
            0.23,
            0.257,
            0.286,
            0.343
        ],
        [
            0.124,
            0.124,
            0.113,
            0.109,
            0.107,
            0.119,
            0.11,
            0.115,
            0.119,
            0.124,
            0.121,
            0.116,
            0.124,
            0.136,
            0.142,
            0.231,
            0.256,
            0.286,
            0.343
        ],
        [
            0.144,
            0.135,
            0.115,
            0.114,
            0.113,
            0.119,
            0.11,
            0.112,
            0.111,
            0.129,
            0.123,
            0.114,
            0.111,
            0.126,
            0.134,
            0.235,
            0.255,
            0.287,
            0.345
        ],
        [
            0.164,
            0.14,
            0.117,
            0.118,
            0.115,
            0.119,
            0.114,
            0.111,
            0.116,
            0.125,
            0.12,
            0.114,
            0.109,
            0.119,
            0.137,
            0.235,
            0.258,
            0.287,
            0.344
        ],
        [
            0.168,
            0.141,
            0.126,
            0.124,
            0.115,
            0.116,
            0.117,
            0.119,
            0.117,
            0.126,
            0.121,
            0.115,
            0.112,
            0.126,
            0.139,
            0.232,
            0.26,
            0.286,
            0.341
        ],
        [
            0.167,
            0.143,
            0.127,
            0.125,
            0.116,
            0.114,
            0.123,
            0.126,
            0.122,
            0.131,
            0.126,
            0.119,
            0.124,
            0.126,
            0.147,
            0.233,
            0.259,
            0.287,
            0.338
        ],
        [
            0.163,
            0.144,
            0.126,
            0.12,
            0.11,
            0.114,
            0.127,
            0.13,
            0.13,
            0.134,
            0.13,
            0.129,
            0.134,
            0.133,
            0.156,
            0.233,
            0.259,
            0.289,
            0.336
        ],
        [
            0.157,
            0.146,
            0.131,
            0.118,
            0.11,
            0.112,
            0.132,
            0.137,
            0.138,
            0.139,
            0.139,
            0.136,
            0.144,
            0.145,
            0.157,
            0.232,
            0.257,
            0.284,
            0.337
        ],
        [
            0.158,
            0.149,
            0.128,
            0.116,
            0.112,
            0.116,
            0.127,
            0.134,
            0.131,
            0.14,
            0.144,
            0.139,
            0.145,
            0.144,
            0.153,
            0.232,
            0.257,
            0.285,
            0.337
        ],
        [
            0.166,
            0.15,
            0.137,
            0.121,
            0.113,
            0.115,
            0.118,
            0.133,
            0.142,
            0.138,
            0.146,
            0.143,
            0.141,
            0.143,
            0.149,
            0.23,
            0.26,
            0.285,
            0.336
        ],
        [
            0.175,
            0.156,
            0.148,
            0.131,
            0.112,
            0.117,
            0.116,
            0.13,
            0.138,
            0.138,
            0.146,
            0.148,
            0.138,
            0.142,
            0.153,
            0.232,
            0.258,
            0.286,
            0.338
        ],
        [
            0.187,
            0.156,
            0.151,
            0.139,
            0.122,
            0.116,
            0.117,
            0.135,
            0.14,
            0.139,
            0.149,
            0.147,
            0.137,
            0.143,
            0.152,
            0.234,
            0.261,
            0.29,
            0.337
        ],
        [
            0.194,
            0.16,
            0.152,
            0.148,
            0.124,
            0.116,
            0.127,
            0.139,
            0.142,
            0.139,
            0.152,
            0.148,
            0.14,
            0.146,
            0.151,
            0.234,
            0.26,
            0.286,
            0.338
        ],
        [
            0.196,
            0.161,
            0.151,
            0.145,
            0.125,
            0.119,
            0.133,
            0.136,
            0.137,
            0.147,
            0.15,
            0.145,
            0.146,
            0.149,
            0.153,
            0.234,
            0.256,
            0.286,
            0.341
        ],
        [
            0.197,
            0.161,
            0.151,
            0.134,
            0.126,
            0.125,
            0.141,
            0.14,
            0.144,
            0.143,
            0.152,
            0.143,
            0.15,
