{
    "event_type": "flower_visit",
    "event_id": "flower_1_20260410191724035495",
    "flower_id": "flower_1",
    "background_dist": 0.38,
    "start_time": 1775866639.5022469,
    "end_time": 1775866644.035349,
    "num_scans": 68,
    "angles": [
        128,
        129,
        130,
        131,
        132,
        133,
        134
    ],
    "distance_series": [
        [
            0.419,
            0.338,
            0.343,
            0.351,
            0.362,
            0.374,
            0.376
        ],
        [
            0.423,
            0.341,
            0.346,
            0.35,
            0.362,
            0.371,
            0.382
        ],
        [
            0.425,
            0.343,
            0.344,
            0.348,
            0.365,
            0.371,
            0.387
        ],
        [
            0.388,
            0.344,
            0.347,
            0.362,
            0.371,
            0.375,
            0.387
        ],
        [
            0.348,
            0.347,
            0.348,
            0.364,
            0.374,
            0.37,
            0.382
        ],
        [
            0.354,
            0.345,
            0.345,
            0.365,
            0.37,
            0.375,
            0.386
        ],
        [
            0.402,
            0.345,
            0.34,
            0.354,
            0.365,
            0.376,
            0.387
        ],
        [
            0.441,
            0.348,
            0.341,
            0.344,
            0.361,
            0.377,
            0.383
        ],
        [
            0.45,
            0.354,
            0.34,
            0.354,
            0.358,
            0.376,
            0.388
        ],
        [
            0.445,
            0.354,
            0.344,
            0.35,
            0.367,
            0.377,
            0.385
        ],
        [
            0.399,
            0.359,
            0.344,
            0.352,
            0.366,
            0.376,
            0.383
        ],
        [
            0.356,
            0.351,
            0.348,
            0.364,
            0.369,
            0.375,
            0.383
        ],
        [
            0.385,
            0.345,
            0.351,
            0.359,
            0.377,
            0.38,
            0.384
        ],
        [
            0.382,
            0.347,
            0.35,
            0.351,
            0.374,
            0.383,
            0.381
        ],
        [
            0.382,
            0.344,
            0.351,
            0.355,
            0.373,
            0.379,
            0.385
        ],
        [
            0.435,
            0.348,
            0.348,
            0.347,
            0.373,
            0.372,
            0.383
        ],
        [
            0.451,
            0.354,
            0.341,
            0.337,
            0.363,
            0.37,
            0.386
        ],
        [
            0.504,
            0.355,
            0.341,
            0.338,
            0.348,
            0.37,
            0.387
        ],
        [
            0.544,
            0.36,
            0.336,
            0.345,
            0.355,
            0.372,
            0.382
        ],
        [
            0.494,
            0.352,
            0.333,
            0.343,
            0.355,
            0.376,
            0.378
        ],
        [
            0.439,
            0.341,
            0.331,
            0.333,
            0.361,
            0.386,
            0.375
        ],
        [
            0.385,
            0.335,
            0.34,
            0.341,
            0.366,
            0.388,
            0.375
        ],
        [
            0.34,
            0.335,
            0.34,
            0.338,
            0.364,
            0.388,
            0.376
        ],
        [
            0.383,
            0.348,
            0.347,
            0.349,
            0.368,
            0.384,
            0.376
        ],
        [
            0.389,
            0.353,
            0.349,
            0.355,
            0.368,
            0.379,
            0.38
        ],
        [
            0.43,
            0.355,
            0.346,
            0.35,
            0.364,
            0.371,
            0.383
        ],
        [
            0.482,
            0.363,
            0.347,
            0.355,
            0.366,
            0.373,
            0.382
        ],
        [
            0.485,
            0.363,
            0.346,
            0.343,
            0.359,
            0.373,
            0.379
        ],
        [
            0.52,
            0.359,
            0.345,
            0.349,
            0.366,
            0.378,
            0.378
        ],
        [
            0.477,
            0.355,
            0.341,
            0.351,
            0.365,
            0.373,
            0.373
        ],
        [
            0.468,
            0.348,
            0.342,
            0.353,
            0.367,
            0.373,
            0.377
        ],
        [
            0.419,
            0.338,
            0.336,
            0.358,
            0.372,
            0.374,
            0.383
        ],
        [
            0.38,
            0.338,
            0.336,
            0.358,
            0.371,
            0.371,
            0.379
        ],
        [
            0.389,
            0.342,
            0.342,
            0.358,
            0.359,
            0.372,
            0.383
        ],
        [
            0.39,
            0.34,
            0.341,
            0.354,
            0.352,
            0.369,
            0.385
        ],
        [
            0.442,
            0.345,
            0.344,
            0.346,
            0.349,
            0.365,
            0.376
        ],
        [
            0.496,
            0.352,
            0.34,
            0.339,
            0.347,
            0.364,
            0.38
        ],
        [
            0.532,
            0.35,
            0.336,
            0.342,
            0.357,
            0.365,
            0.379
        ],
        [
            0.493,
            0.346,
            0.336,
            0.349,
            0.362,
            0.37,
            0.383
        ],
        [
            0.443,
            0.34,
            0.329,
            0.361,
            0.366,
            0.369,
            0.384
        ],
        [
            0.386,
            0.338,
            0.336,
            0.371,
            0.367,
            0.368,
            0.382
        ],
        [
            0.346,
            0.339,
            0.345,
            0.374,
            0.37,
            0.37,
            0.38
        ],
        [
            0.347,
            0.342,
            0.348,
            0.371,
            0.367,
            0.369,
            0.378
        ],
        [
            0.351,
            0.344,
            0.356,
            0.365,
            0.369,
            0.371,
            0.378
        ],
        [
            0.4,
            0.35,
            0.355,
            0.36,
            0.365,
            0.368,
            0.375
        ],
        [
            0.411,
            0.356,
            0.349,
            0.354,
            0.369,
            0.37,
            0.375
        ],
        [
            0.418,
            0.36,
            0.348,
            0.347,
            0.369,
            0.378,
            0.375
        ],
        [
            0.422,
            0.36,
            0.351,
            0.354,
            0.368,
            0.379,
            0.381
        ],
        [
            0.418,
            0.353,
            0.352,
            0.356,
            0.371,
            0.376,
            0.388
        ],
        [
            0.406,
            0.35,
            0.355,
            0.361,
            0.372,
            0.381,
            0.388
        ],
        [
