{
    "event_type": "flower_visit",
    "event_id": "flower_1_20260412174234774719",
    "flower_id": "flower_1",
    "background_dist": 0.26,
    "start_time": 1776033750.441663,
    "end_time": 1776033754.774548,
    "num_scans": 65,
    "angles": [
        83,
        84,
        85,
        86,
        87,
        88,
        89,
        90,
        91
    ],
    "distance_series": [
        [
            0.264,
            0.252,
            0.217,
            0.21,
            0.211,
            0.216,
            0.218,
            0.218,
            0.219
        ],
        [
            0.262,
            0.244,
            0.213,
            0.211,
            0.208,
            0.215,
            0.22,
            0.219,
            0.223
        ],
        [
            0.256,
            0.23,
            0.21,
            0.209,
            0.205,
            0.216,
            0.217,
            0.221,
            0.233
        ],
        [
            0.245,
            0.213,
            0.205,
            0.208,
            0.209,
            0.215,
            0.217,
            0.227,
            0.237
        ],
        [
            0.238,
            0.207,
            0.203,
            0.211,
            0.21,
            0.216,
            0.214,
            0.229,
            0.24
        ],
        [
            0.241,
            0.205,
            0.201,
            0.207,
            0.21,
            0.217,
            0.217,
            0.233,
            0.243
        ],
        [
            0.245,
            0.21,
            0.201,
            0.213,
            0.212,
            0.215,
            0.215,
            0.231,
            0.243
        ],
        [
            0.253,
            0.224,
            0.201,
            0.213,
            0.21,
            0.215,
            0.217,
            0.226,
            0.237
        ],
        [
            0.259,
            0.232,
            0.203,
            0.209,
            0.211,
            0.216,
            0.219,
            0.223,
            0.235
        ],
        [
            0.259,
            0.243,
            0.21,
            0.206,
            0.214,
            0.209,
            0.219,
            0.218,
            0.223
        ],
        [
            0.26,
            0.252,
            0.215,
            0.201,
            0.212,
            0.212,
            0.219,
            0.212,
            0.218
        ],
        [
            0.26,
            0.249,
            0.218,
            0.2,
            0.212,
            0.208,
            0.216,
            0.209,
            0.214
        ],
        [
            0.257,
            0.246,
            0.218,
            0.203,
            0.215,
            0.21,
            0.214,
            0.212,
            0.213
        ],
        [
            0.258,
            0.24,
            0.214,
            0.209,
            0.216,
            0.213,
            0.213,
            0.213,
            0.217
        ],
        [
            0.255,
            0.229,
            0.214,
            0.215,
            0.216,
            0.213,
            0.215,
            0.219,
            0.225
        ],
        [
            0.247,
            0.22,
            0.209,
            0.217,
            0.215,
            0.209,
            0.213,
            0.225,
            0.232
        ],
        [
            0.239,
            0.218,
            0.21,
            0.217,
            0.215,
            0.204,
            0.216,
            0.229,
            0.236
        ],
        [
            0.236,
            0.214,
            0.209,
            0.212,
            0.213,
            0.208,
            0.215,
            0.229,
            0.24
        ],
        [
            0.24,
            0.215,
            0.21,
            0.21,
            0.216,
            0.212,
            0.219,
            0.229,
            0.238
        ],
        [
            0.248,
            0.226,
            0.206,
            0.208,
            0.21,
            0.214,
            0.219,
            0.226,
            0.237
        ],
        [
            0.255,
            0.235,
            0.208,
            0.206,
            0.213,
            0.216,
            0.218,
            0.22,
            0.232
        ],
        [
            0.259,
            0.242,
            0.213,
            0.208,
            0.214,
            0.215,
            0.222,
            0.215,
            0.23
        ],
        [
            0.258,
            0.247,
            0.217,
            0.207,
            0.214,
            0.215,
            0.217,
            0.213,
            0.226
        ],
        [
            0.259,
            0.247,
            0.22,
            0.21,
            0.22,
            0.213,
            0.214,
            0.222,
            0.229
        ],
        [
            0.26,
            0.24,
            0.218,
            0.212,
            0.22,
            0.214,
            0.211,
            0.223,
            0.235
        ],
        [
            0.255,
            0.234,
            0.218,
            0.209,
            0.224,
            0.216,
            0.212,
            0.231,
            0.239
        ],
        [
            0.247,
            0.225,
            0.21,
            0.215,
            0.223,
            0.215,
            0.219,
            0.235,
            0.247
        ],
        [
            0.236,
            0.215,
            0.207,
            0.219,
            0.221,
            0.217,
            0.227,
            0.24,
            0.251
        ],
        [
            0.229,
            0.21,
            0.21,
            0.219,
            0.219,
            0.219,
            0.233,
            0.241,
            0.254
        ],
        [
            0.236,
            0.212,
            0.209,
            0.222,
            0.217,
            0.22,
            0.225,
            0.242,
            0.257
        ],
        [
            0.242,
            0.217,
            0.208,
            0.214,
            0.216,
            0.215,
            0.221,
            0.238,
            0.253
        ],
        [
            0.254,
            0.228,
            0.209,
            0.212,
            0.218,
            0.215,
            0.219,
            0.234,
            0.247
        ],
        [
            0.261,
            0.243,
            0.212,
            0.218,
            0.217,
            0.22,
            0.211,
            0.229,
            0.24
        ],
        [
            0.26,
            0.251,
            0.216,
            0.22,
            0.225,
            0.222,
            0.215,
            0.221,
            0.24
        ],
        [
            0.262,
            0.255,
            0.219,
            0.221,
            0.23,
            0.226,
            0.211,
            0.225,
            0.244
        ],
        [
            0.263,
            0.248,
            0.219,
            0.223,
            0.23,
            0.231,
            0.211,
            0.229,
            0.248
        ],
        [
            0.256,
            0.235,
            0.218,
            0.221,
            0.225,
            0.226,
            0.219,
            0.235,
            0.255
        ],
        [
            0.247,
            0.222,
            0.217,
            0.221,
            0.221,
            0.219,
            0.223,
            0.239,
            0.259
        ],
        [
            0.272,
            0.215,
            0.216,
            0.22,
            0.214,
            0.215,
            0.233,
            0.243,
            0.258
        ],
        [
            0.257,
            0.208,
            0.213,
            0.22,
            0.214,
            0.209,
            0.234,
            0.241,
            0.259
        ],
        [
