{
    "event_type": "flower_visit",
    "event_id": "flower_1_20260412165150609167",
    "flower_id": "flower_1",
    "background_dist": 0.27,
    "start_time": 1776030706.209538,
    "end_time": 1776030710.6090298,
    "num_scans": 66,
    "angles": [
        126,
        127,
        128,
        129,
        130,
        131,
        132,
        133,
        134,
        135
    ],
    "distance_series": [
        [
            0.236,
            0.225,
            0.221,
            0.233,
            0.257,
            0.265,
            0.264,
            0.262,
            0.272,
            0.278
        ],
        [
            0.233,
            0.23,
            0.221,
            0.227,
            0.256,
            0.263,
            0.262,
            0.263,
            0.27,
            0.279
        ],
        [
            0.237,
            0.233,
            0.225,
            0.226,
            0.253,
            0.266,
            0.266,
            0.263,
            0.268,
            0.28
        ],
        [
            0.231,
            0.233,
            0.223,
            0.223,
            0.248,
            0.265,
            0.266,
            0.266,
            0.266,
            0.282
        ],
        [
            0.237,
            0.229,
            0.227,
            0.223,
            0.245,
            0.264,
            0.266,
            0.267,
            0.264,
            0.279
        ],
        [
            0.241,
            0.228,
            0.228,
            0.227,
            0.242,
            0.267,
            0.268,
            0.265,
            0.268,
            0.278
        ],
        [
            0.242,
            0.228,
            0.227,
            0.227,
            0.244,
            0.272,
            0.27,
            0.27,
            0.269,
            0.279
        ],
        [
            0.243,
            0.23,
            0.233,
            0.23,
            0.247,
            0.267,
            0.272,
            0.268,
            0.274,
            0.281
        ],
        [
            0.236,
            0.23,
            0.229,
            0.232,
            0.249,
            0.268,
            0.272,
            0.266,
            0.273,
            0.287
        ],
        [
            0.232,
            0.228,
            0.226,
            0.238,
            0.256,
            0.262,
            0.268,
            0.268,
            0.275,
            0.286
        ],
        [
            0.235,
            0.23,
            0.226,
            0.242,
            0.263,
            0.255,
            0.265,
            0.265,
            0.27,
            0.285
        ],
        [
            0.232,
            0.228,
            0.23,
            0.247,
            0.268,
            0.257,
            0.257,
            0.263,
            0.268,
            0.284
        ],
        [
            0.232,
            0.224,
            0.232,
            0.25,
            0.271,
            0.258,
            0.256,
            0.265,
            0.271,
            0.282
        ],
        [
            0.233,
            0.225,
            0.23,
            0.252,
            0.271,
            0.258,
            0.251,
            0.264,
            0.269,
            0.28
        ],
        [
            0.233,
            0.224,
            0.227,
            0.252,
            0.27,
            0.262,
            0.251,
            0.263,
            0.27,
            0.282
        ],
        [
            0.236,
            0.221,
            0.225,
            0.252,
            0.272,
            0.261,
            0.246,
            0.265,
            0.272,
            0.283
        ],
        [
            0.235,
            0.225,
            0.226,
            0.251,
            0.269,
            0.258,
            0.25,
            0.265,
            0.271,
            0.288
        ],
        [
            0.231,
            0.231,
            0.224,
            0.25,
            0.263,
            0.259,
            0.257,
            0.265,
            0.272,
            0.282
        ],
        [
            0.232,
            0.233,
            0.228,
            0.248,
            0.261,
            0.255,
            0.253,
            0.265,
            0.275,
            0.279
        ],
        [
            0.232,
            0.233,
            0.224,
            0.249,
            0.264,
            0.251,
            0.251,
            0.265,
            0.271,
            0.282
        ],
        [
            0.228,
            0.23,
            0.229,
            0.255,
            0.263,
            0.253,
            0.247,
            0.264,
            0.271,
            0.282
        ],
        [
            0.229,
            0.228,
            0.233,
            0.254,
            0.26,
            0.244,
            0.251,
            0.264,
            0.269,
            0.287
        ],
        [
            0.228,
            0.226,
            0.235,
            0.26,
            0.262,
            0.246,
            0.255,
            0.266,
            0.269,
            0.288
        ],
        [
            0.227,
            0.23,
            0.237,
            0.258,
            0.263,
            0.243,
            0.259,
            0.267,
            0.268,
            0.285
        ],
        [
            0.23,
            0.228,
            0.229,
            0.252,
            0.262,
            0.242,
            0.256,
            0.263,
            0.269,
            0.283
        ],
        [
            0.225,
            0.22,
            0.224,
            0.253,
            0.265,
            0.248,
            0.253,
            0.261,
            0.271,
            0.281
        ],
        [
            0.23,
            0.225,
            0.228,
            0.245,
            0.266,
            0.252,
            0.25,
            0.261,
            0.269,
            0.282
        ],
        [
            0.229,
            0.223,
            0.224,
            0.247,
            0.265,
            0.256,
            0.248,
            0.261,
            0.271,
            0.282
        ],
        [
            0.228,
            0.226,
            0.228,
            0.251,
            0.264,
            0.254,
            0.251,
            0.263,
            0.276,
            0.285
        ],
        [
            0.232,
            0.228,
            0.226,
            0.252,
            0.262,
            0.25,
            0.254,
            0.26,
            0.272,
            0.285
        ],
        [
            0.234,
            0.222,
            0.226,
            0.256,
            0.258,
            0.248,
            0.254,
            0.266,
            0.271,
            0.284
        ],
        [
            0.234,
            0.216,
            0.231,
            0.255,
            0.257,
            0.254,
            0.259,
            0.271,
            0.269,
            0.283
        ],
        [
            0.231,
            0.219,
            0.234,
            0.255,
            0.255,
            0.254,
            0.259,
            0.272,
            0.269,
            0.284
        ],
        [
            0.23,
            0.224,
            0.237,
            0.256,
            0.251,
            0.247,
            0.262,
            0.272,
            0.27,
            0.286
        ],
        [
            0.227,
            0.221,
            0.239,
            0.257,
            0.249,
            0.253,
            0.263,
            0.272,
            0.272,
            0.284
        ],
        [
            0.228,
            0.227,
            0.233,
            0.258,
            0.245,
            0.25,
            0.266,
            0.269,
            0.272,
            0.284
        ],
        [
            0.227,
            0.227,
