{
    "event_type": "flower_visit",
    "event_id": "flower_2_20260412182121758121",
    "flower_id": "flower_2",
    "background_dist": 0.19,
    "start_time": 1776036078.7574348,
    "end_time": 1776036081.757972,
    "num_scans": 45,
    "angles": [
        128,
        129,
        130,
        131,
        132,
        133,
        134,
        135,
        136,
        137,
        138,
        139,
        140,
        141,
        142
    ],
    "distance_series": [
        [
            0.199,
            0.195,
            0.199,
            0.191,
            0.179,
            0.178,
            0.182,
            0.184,
            0.177,
            0.162,
            0.162,
            0.157,
            0.157,
            0.152,
            0.15
        ],
        [
            0.198,
            0.199,
            0.2,
            0.187,
            0.181,
            0.183,
            0.187,
            0.185,
            0.185,
            0.168,
            0.17,
            0.169,
            0.166,
            0.163,
            0.151
        ],
        [
            0.198,
            0.201,
            0.195,
            0.187,
            0.184,
            0.182,
            0.184,
            0.183,
            0.183,
            0.178,
            0.179,
            0.176,
            0.169,
            0.168,
            0.153
        ],
        [
            0.197,
            0.202,
            0.194,
            0.186,
            0.184,
            0.183,
            0.185,
            0.187,
            0.188,
            0.179,
            0.174,
            0.17,
            0.165,
            0.17,
            0.156
        ],
        [
            0.2,
            0.2,
            0.193,
            0.185,
            0.187,
            0.184,
            0.182,
            0.181,
            0.177,
            0.176,
            0.173,
            0.174,
            0.167,
            0.168,
            0.155
        ],
        [
            0.2,
            0.2,
            0.19,
            0.186,
            0.182,
            0.182,
            0.178,
            0.176,
            0.171,
            0.171,
            0.169,
            0.162,
            0.157,
            0.156,
            0.151
        ],
        [
            0.199,
            0.198,
            0.191,
            0.188,
            0.181,
            0.181,
            0.181,
            0.177,
            0.166,
            0.162,
            0.16,
            0.163,
            0.156,
            0.16,
            0.152
        ],
        [
            0.198,
            0.198,
            0.192,
            0.192,
            0.182,
            0.179,
            0.181,
            0.18,
            0.166,
            0.168,
            0.169,
            0.164,
            0.155,
            0.156,
            0.157
        ],
        [
            0.196,
            0.198,
            0.192,
            0.192,
            0.189,
            0.183,
            0.183,
            0.182,
            0.178,
            0.176,
            0.178,
            0.169,
            0.155,
            0.154,
            0.153
        ],
        [
            0.195,
            0.198,
            0.191,
            0.184,
            0.188,
            0.188,
            0.185,
            0.188,
            0.181,
            0.177,
            0.178,
            0.179,
            0.155,
            0.156,
            0.15
        ],
        [
            0.197,
            0.201,
            0.191,
            0.186,
            0.187,
            0.185,
            0.184,
            0.187,
            0.179,
            0.18,
            0.17,
            0.171,
            0.153,
            0.148,
            0.149
        ],
        [
            0.201,
            0.2,
            0.189,
            0.184,
            0.183,
            0.183,
            0.18,
            0.178,
            0.172,
            0.171,
            0.162,
            0.164,
            0.156,
            0.149,
            0.146
        ],
        [
            0.201,
            0.2,
            0.186,
            0.189,
            0.181,
            0.183,
            0.171,
            0.172,
            0.165,
            0.161,
            0.154,
            0.15,
            0.154,
            0.156,
            0.155
        ],
        [
            0.199,
            0.2,
            0.192,
            0.192,
            0.185,
            0.182,
            0.169,
            0.165,
            0.159,
            0.153,
            0.15,
            0.145,
            0.154,
            0.159,
            0.159
        ],
        [
            0.2,
            0.201,
            0.192,
            0.189,
            0.182,
            0.187,
            0.172,
            0.164,
            0.167,
            0.155,
            0.155,
            0.15,
            0.157,
            0.162,
            0.163
        ],
        [
            0.201,
            0.201,
            0.195,
            0.194,
            0.185,
            0.187,
            0.177,
            0.169,
            0.17,
            0.162,
            0.16,
            0.151,
            0.156,
            0.159,
            0.161
        ],
        [
            0.206,
            0.202,
            0.195,
            0.19,
            0.187,
            0.19,
            0.187,
            0.174,
            0.169,
            0.164,
            0.159,
            0.152,
            0.154,
            0.152,
            0.152
        ],
        [
            0.206,
            0.2,
            0.19,
            0.189,
            0.185,
            0.188,
            0.185,
            0.173,
            0.17,
            0.167,
            0.156,
            0.149,
            0.153,
            0.152,
            0.157
        ],
        [
            0.205,
            0.2,
            0.191,
            0.185,
            0.182,
            0.189,
            0.181,
            0.164,
            0.166,
            0.161,
            0.155,
            0.153,
            0.151,
            0.159,
            0.157
        ],
        [
            0.2,
            0.198,
            0.188,
            0.185,
            0.18,
            0.184,
            0.174,
            0.159,
            0.154,
            0.155,
            0.155,
            0.152,
            0.155,
            0.159,
            0.157
        ],
        [
            0.197,
            0.198,
            0.192,
            0.181,
            0.181,
            0.184,
            0.176,
            0.166,
            0.16,
            0.153,
            0.157,
            0.157,
            0.156,
            0.161,
            0.162
        ],
        [
            0.198,
            0.198,
            0.196,
            0.18,
            0.184,
            0.182,
            0.181,
            0.174,
            0.166,
            0.161,
            0.161,
            0.16,
            0.159,
            0.16,
            0.164
        ],
        [
            0.198,
            0.195,
            0.197,
            0.179,
            0.183,
            0.182,
            0.182,
            0.18,
            0.174,
            0.17,
            0.16,
            0.162,
            0.157,
            0.156,
            0.16
        ],
        [
            0.2,
            0.197,
            0.2,
            0.184,
            0.184,
            0.187,
            0.185,
            0.18,
            0.176,
            0.17,
            0.161,
            0.161,
            0.157,
            0.157,
            0.156
        ],
        [
            0.205,
            0.196,
            0.199,
            0.188,
            0.182,
            0.189,
            0.179,
            0.168,
            0.174,
            0.166,
            0.16,
            0.164,
            0.163,
