{
    "event_type": "flower_visit",
    "event_id": "flower_1_20260412165059477140",
    "flower_id": "flower_1",
    "background_dist": 0.27,
    "start_time": 1776030656.0766988,
    "end_time": 1776030659.477002,
    "num_scans": 51,
    "angles": [
        126,
        127,
        128,
        129,
        130,
        131,
        132,
        133,
        134,
        135
    ],
    "distance_series": [
        [
            0.277,
            0.267,
            0.254,
            0.241,
            0.222,
            0.225,
            0.263,
            0.266,
            0.27,
            0.275
        ],
        [
            0.279,
            0.26,
            0.255,
            0.242,
            0.222,
            0.225,
            0.259,
            0.271,
            0.274,
            0.274
        ],
        [
            0.276,
            0.265,
            0.251,
            0.242,
            0.226,
            0.227,
            0.258,
            0.269,
            0.27,
            0.271
        ],
        [
            0.279,
            0.269,
            0.254,
            0.242,
            0.229,
            0.228,
            0.256,
            0.269,
            0.268,
            0.273
        ],
        [
            0.277,
            0.269,
            0.254,
            0.243,
            0.23,
            0.226,
            0.257,
            0.262,
            0.27,
            0.275
        ],
        [
            0.278,
            0.27,
            0.249,
            0.24,
            0.225,
            0.222,
            0.259,
            0.262,
            0.272,
            0.276
        ],
        [
            0.282,
            0.267,
            0.255,
            0.237,
            0.226,
            0.222,
            0.259,
            0.259,
            0.268,
            0.276
        ],
        [
            0.281,
            0.269,
            0.254,
            0.234,
            0.228,
            0.224,
            0.259,
            0.263,
            0.265,
            0.277
        ],
        [
            0.285,
            0.27,
            0.251,
            0.232,
            0.222,
            0.228,
            0.26,
            0.265,
            0.273,
            0.276
        ],
        [
            0.282,
            0.276,
            0.247,
            0.235,
            0.222,
            0.23,
            0.258,
            0.265,
            0.274,
            0.276
        ],
        [
            0.282,
            0.274,
            0.246,
            0.235,
            0.223,
            0.229,
            0.251,
            0.267,
            0.273,
            0.274
        ],
        [
            0.281,
            0.272,
            0.246,
            0.234,
            0.221,
            0.229,
            0.253,
            0.264,
            0.267,
            0.273
        ],
        [
            0.277,
            0.265,
            0.247,
            0.237,
            0.224,
            0.226,
            0.259,
            0.263,
            0.271,
            0.273
        ],
        [
            0.276,
            0.261,
            0.25,
            0.237,
            0.225,
            0.228,
            0.253,
            0.263,
            0.268,
            0.273
        ],
        [
            0.277,
            0.262,
            0.254,
            0.244,
            0.23,
            0.223,
            0.25,
            0.264,
            0.266,
            0.28
        ],
        [
            0.282,
            0.263,
            0.257,
            0.248,
            0.231,
            0.222,
            0.239,
            0.262,
            0.263,
            0.28
        ],
        [
            0.28,
            0.263,
            0.258,
            0.251,
            0.234,
            0.22,
            0.23,
            0.262,
            0.264,
            0.278
        ],
        [
            0.281,
            0.263,
            0.255,
            0.254,
            0.234,
            0.215,
            0.228,
            0.262,
            0.263,
            0.279
        ],
        [
            0.282,
            0.271,
            0.256,
            0.25,
            0.236,
            0.22,
            0.228,
            0.262,
            0.269,
            0.278
        ],
        [
            0.28,
            0.273,
            0.258,
            0.253,
            0.237,
            0.22,
            0.23,
            0.26,
            0.268,
            0.281
        ],
        [
            0.282,
            0.276,
            0.262,
            0.256,
            0.238,
            0.223,
            0.229,
            0.262,
            0.268,
            0.284
        ],
        [
            0.281,
            0.279,
            0.268,
            0.254,
            0.241,
            0.226,
            0.229,
            0.264,
            0.266,
            0.279
        ],
        [
            0.282,
            0.278,
            0.267,
            0.259,
            0.238,
            0.229,
            0.234,
            0.263,
            0.262,
            0.282
        ],
        [
            0.282,
            0.272,
            0.269,
            0.256,
            0.238,
            0.231,
            0.236,
            0.262,
            0.267,
            0.277
        ],
        [
            0.282,
            0.272,
            0.264,
            0.255,
            0.236,
            0.228,
            0.24,
            0.26,
            0.265,
            0.273
        ],
        [
            0.283,
            0.271,
            0.262,
            0.249,
            0.233,
            0.23,
            0.239,
            0.264,
            0.267,
            0.27
        ],
        [
            0.283,
            0.267,
            0.265,
            0.247,
            0.241,
            0.223,
            0.241,
            0.262,
            0.271,
            0.267
        ],
        [
            0.283,
            0.271,
            0.263,
            0.244,
            0.238,
            0.22,
            0.235,
            0.26,
            0.271,
            0.274
        ],
        [
            0.28,
            0.267,
            0.266,
            0.246,
            0.239,
            0.222,
            0.234,
            0.26,
            0.272,
            0.27
        ],
        [
            0.282,
            0.271,
            0.26,
            0.242,
            0.241,
            0.221,
            0.236,
            0.258,
            0.272,
            0.269
        ],
        [
            0.282,
            0.265,
            0.253,
            0.242,
            0.236,
            0.222,
            0.233,
            0.26,
            0.273,
            0.266
        ],
        [
            0.281,
            0.262,
            0.253,
            0.24,
            0.232,
            0.223,
            0.237,
            0.261,
            0.271,
            0.26
        ],
        [
            0.281,
            0.268,
            0.251,
            0.236,
            0.225,
            0.22,
            0.241,
            0.26,
            0.27,
            0.259
        ],
        [
            0.284,
            0.269,
            0.247,
            0.237,
            0.224,
            0.224,
            0.242,
            0.259,
            0.273,
            0.255
        ],
        [
            0.281,
            0.268,
            0.25,
            0.239,
            0.224,
            0.227,
            0.25,
            0.261,
            0.272,
            0.257
        ],
        [
            0.284,
            0.267,
            0.243,
            0.237,
            0.225,
            0.226,
            0.26,
            0.263,
            0.265,
            0.259
        ],
        [
            0.282,
            0.264,
            0.244,
