{
    "event_type": "flower_visit",
    "event_id": "flower_2_20260409164212472290",
    "flower_id": "flower_2",
    "background_dist": 0.31,
    "start_time": 1775770928.139355,
    "end_time": 1775770932.4720461,
    "num_scans": 65,
    "angles": [
        163,
        164,
        165,
        166,
        167,
        168,
        169,
        170
    ],
    "distance_series": [
        [
            0.269,
            0.274,
            0.264,
            0.271,
            0.299,
            0.305,
            0.305,
            0.318
        ],
        [
            0.273,
            0.27,
            0.263,
            0.265,
            0.298,
            0.304,
            0.304,
            0.321
        ],
        [
            0.276,
            0.271,
            0.261,
            0.265,
            0.298,
            0.3,
            0.302,
            0.321
        ],
        [
            0.272,
            0.269,
            0.261,
            0.269,
            0.301,
            0.302,
            0.298,
            0.322
        ],
        [
            0.266,
            0.272,
            0.266,
            0.273,
            0.296,
            0.302,
            0.304,
            0.322
        ],
        [
            0.267,
            0.272,
            0.268,
            0.277,
            0.298,
            0.3,
            0.305,
            0.318
        ],
        [
            0.269,
            0.27,
            0.272,
            0.279,
            0.298,
            0.296,
            0.305,
            0.319
        ],
        [
            0.269,
            0.272,
            0.273,
            0.284,
            0.298,
            0.296,
            0.307,
            0.32
        ],
        [
            0.267,
            0.269,
            0.274,
            0.283,
            0.303,
            0.297,
            0.313,
            0.321
        ],
        [
            0.265,
            0.266,
            0.272,
            0.283,
            0.298,
            0.296,
            0.308,
            0.322
        ],
        [
            0.267,
            0.268,
            0.267,
            0.287,
            0.299,
            0.289,
            0.305,
            0.322
        ],
        [
            0.269,
            0.269,
            0.267,
            0.291,
            0.3,
            0.293,
            0.304,
            0.323
        ],
        [
            0.268,
            0.271,
            0.27,
            0.297,
            0.298,
            0.295,
            0.301,
            0.322
        ],
        [
            0.268,
            0.269,
            0.273,
            0.3,
            0.301,
            0.302,
            0.305,
            0.32
        ],
        [
            0.27,
            0.269,
            0.278,
            0.297,
            0.303,
            0.297,
            0.304,
            0.318
        ],
        [
            0.273,
            0.265,
            0.28,
            0.296,
            0.303,
            0.302,
            0.301,
            0.318
        ],
        [
            0.271,
            0.268,
            0.283,
            0.297,
            0.307,
            0.3,
            0.298,
            0.32
        ],
        [
            0.269,
            0.272,
            0.286,
            0.294,
            0.303,
            0.296,
            0.298,
            0.328
        ],
        [
            0.273,
            0.271,
            0.288,
            0.293,
            0.302,
            0.301,
            0.295,
            0.332
        ],
        [
            0.274,
            0.272,
            0.29,
            0.294,
            0.303,
            0.297,
            0.293,
            0.327
        ],
        [
            0.273,
            0.271,
            0.282,
            0.296,
            0.299,
            0.299,
            0.298,
            0.322
        ],
        [
            0.281,
            0.27,
            0.284,
            0.298,
            0.302,
            0.303,
            0.302,
            0.318
        ],
        [
            0.277,
            0.269,
            0.284,
            0.295,
            0.305,
            0.3,
            0.303,
            0.32
        ],
        [
            0.276,
            0.272,
            0.284,
            0.293,
            0.304,
            0.3,
            0.308,
            0.329
        ],
        [
            0.274,
            0.273,
            0.289,
            0.3,
            0.296,
            0.302,
            0.309,
            0.33
        ],
        [
            0.272,
            0.272,
            0.286,
            0.296,
            0.304,
            0.305,
            0.305,
            0.33
        ],
        [
            0.274,
            0.27,
            0.282,
            0.295,
            0.306,
            0.307,
            0.305,
            0.322
        ],
        [
            0.278,
            0.269,
            0.276,
            0.294,
            0.302,
            0.305,
            0.303,
            0.319
        ],
        [
            0.288,
            0.273,
            0.273,
            0.297,
            0.305,
            0.302,
            0.302,
            0.319
        ],
        [
            0.292,
            0.277,
            0.278,
            0.293,
            0.304,
            0.3,
            0.305,
            0.309
        ],
        [
            0.297,
            0.282,
            0.286,
            0.298,
            0.301,
            0.301,
            0.307,
            0.308
        ],
        [
            0.297,
            0.28,
            0.294,
            0.299,
            0.298,
            0.297,
            0.31,
            0.307
        ],
        [
            0.295,
            0.283,
            0.301,
            0.301,
            0.3,
            0.298,
            0.308,
            0.312
        ],
        [
            0.302,
            0.278,
            0.299,
            0.305,
            0.299,
            0.301,
            0.31,
            0.314
        ],
        [
            0.31,
            0.28,
            0.293,
            0.303,
            0.301,
            0.298,
            0.304,
            0.315
        ],
        [
            0.317,
            0.279,
            0.289,
            0.307,
            0.298,
            0.3,
            0.304,
            0.313
        ],
        [
            0.321,
            0.271,
            0.285,
            0.305,
            0.302,
            0.301,
            0.301,
            0.313
        ],
        [
            0.309,
            0.271,
            0.286,
            0.305,
            0.301,
            0.3,
            0.302,
            0.319
        ],
        [
            0.296,
            0.272,
            0.29,
            0.304,
            0.304,
            0.302,
            0.305,
            0.324
        ],
        [
            0.285,
            0.275,
            0.291,
            0.304,
            0.301,
            0.305,
            0.304,
            0.33
        ],
        [
            0.277,
            0.273,
            0.291,
            0.3,
            0.3,
            0.309,
            0.304,
            0.335
        ],
        [
            0.275,
            0.271,
            0.285,
            0.293,
            0.304,
            0.308,
            0.306,
            0.333
        ],
        [
            0.275,
            0.268,
            0.281,
            0.293,
            0.306,
            0.304,
            0.304,
            0.333
        ],
        [
            0.277,
            0.273,
            0.28,
            0.284,
            0.309,
            0.307,
            0.306,
            0.324
        ],
        [
            0.279,
            0.273,
            0.279,
            0.283,
