{
    "event_type": "flower_visit",
    "event_id": "flower_2_20260409164154071653",
    "flower_id": "flower_2",
    "background_dist": 0.31,
    "start_time": 1775770911.272253,
    "end_time": 1775770914.071483,
    "num_scans": 42,
    "angles": [
        163,
        164,
        165,
        166,
        167,
        168,
        169,
        170
    ],
    "distance_series": [
        [
            0.27,
            0.271,
            0.262,
            0.279,
            0.299,
            0.308,
            0.312,
            0.323
        ],
        [
            0.263,
            0.273,
            0.265,
            0.289,
            0.299,
            0.304,
            0.308,
            0.319
        ],
        [
            0.268,
            0.276,
            0.268,
            0.292,
            0.3,
            0.301,
            0.31,
            0.321
        ],
        [
            0.27,
            0.27,
            0.266,
            0.293,
            0.303,
            0.296,
            0.305,
            0.323
        ],
        [
            0.272,
            0.272,
            0.272,
            0.297,
            0.307,
            0.301,
            0.305,
            0.318
        ],
        [
            0.276,
            0.271,
            0.274,
            0.295,
            0.301,
            0.301,
            0.305,
            0.321
        ],
        [
            0.273,
            0.269,
            0.274,
            0.287,
            0.304,
            0.309,
            0.305,
            0.322
        ],
        [
            0.269,
            0.275,
            0.277,
            0.29,
            0.302,
            0.31,
            0.312,
            0.32
        ],
        [
            0.273,
            0.276,
            0.286,
            0.292,
            0.304,
            0.311,
            0.31,
            0.323
        ],
        [
            0.274,
            0.276,
            0.292,
            0.296,
            0.304,
            0.311,
            0.304,
            0.323
        ],
        [
            0.278,
            0.282,
            0.292,
            0.309,
            0.304,
            0.305,
            0.303,
            0.321
        ],
        [
            0.281,
            0.284,
            0.297,
            0.306,
            0.304,
            0.306,
            0.305,
            0.318
        ],
        [
            0.278,
            0.287,
            0.288,
            0.301,
            0.309,
            0.306,
            0.31,
            0.317
        ],
        [
            0.277,
            0.283,
            0.285,
            0.299,
            0.304,
            0.306,
            0.314,
            0.314
        ],
        [
            0.272,
            0.28,
            0.286,
            0.293,
            0.301,
            0.307,
            0.309,
            0.317
        ],
        [
            0.272,
            0.277,
            0.28,
            0.292,
            0.292,
            0.308,
            0.308,
            0.319
        ],
        [
            0.269,
            0.277,
            0.286,
            0.295,
            0.3,
            0.308,
            0.308,
            0.323
        ],
        [
            0.27,
            0.284,
            0.283,
            0.299,
            0.298,
            0.302,
            0.304,
            0.331
        ],
        [
            0.275,
            0.286,
            0.283,
            0.293,
            0.3,
            0.303,
            0.299,
            0.333
        ],
        [
            0.279,
            0.288,
            0.291,
            0.297,
            0.3,
            0.3,
            0.3,
            0.33
        ],
        [
            0.283,
            0.292,
            0.291,
            0.299,
            0.303,
            0.3,
            0.302,
            0.331
        ],
        [
            0.277,
            0.294,
            0.3,
            0.304,
            0.305,
            0.308,
            0.308,
            0.326
        ],
        [
            0.276,
            0.297,
            0.3,
            0.305,
            0.299,
            0.304,
            0.309,
            0.324
        ],
        [
            0.266,
            0.294,
            0.301,
            0.301,
            0.3,
            0.3,
            0.316,
            0.322
        ],
        [
            0.264,
            0.295,
            0.303,
            0.301,
            0.296,
            0.304,
            0.315,
            0.322
        ],
        [
            0.273,
            0.299,
            0.306,
            0.303,
            0.296,
            0.306,
            0.31,
            0.323
        ],
        [
            0.267,
            0.3,
            0.303,
            0.306,
            0.302,
            0.304,
            0.305,
            0.317
        ],
        [
            0.276,
            0.307,
            0.302,
            0.309,
            0.3,
            0.307,
            0.301,
            0.319
        ],
        [
            0.278,
            0.303,
            0.302,
            0.306,
            0.298,
            0.306,
            0.302,
            0.317
        ],
        [
            0.268,
            0.306,
            0.302,
            0.305,
            0.301,
            0.308,
            0.305,
            0.316
        ],
        [
            0.263,
            0.307,
            0.303,
            0.299,
            0.3,
            0.313,
            0.305,
            0.325
        ],
        [
            0.268,
            0.303,
            0.301,
            0.299,
            0.3,
            0.317,
            0.302,
            0.327
        ],
        [
            0.27,
            0.305,
            0.3,
            0.304,
            0.298,
            0.315,
            0.304,
            0.332
        ],
        [
            0.269,
            0.299,
            0.299,
            0.304,
            0.296,
            0.31,
            0.299,
            0.33
        ],
        [
            0.282,
            0.298,
            0.302,
            0.305,
            0.298,
            0.306,
            0.299,
            0.328
        ],
        [
            0.279,
            0.297,
            0.305,
            0.305,
            0.303,
            0.302,
            0.307,
            0.328
        ],
        [
            0.277,
            0.292,
            0.302,
            0.299,
            0.307,
            0.299,
            0.306,
            0.32
        ],
        [
            0.278,
            0.288,
            0.303,
            0.298,
            0.307,
            0.304,
            0.305,
            0.325
        ],
        [
            0.278,
            0.29,
            0.299,
            0.305,
            0.308,
            0.305,
            0.306,
            0.32
        ],
        [
            0.277,
            0.302,
            0.298,
            0.303,
            0.303,
            0.304,
            0.303,
            0.323
        ],
        [
            0.277,
            0.305,
            0.299,
            0.305,
            0.305,
            0.303,
            0.304,
            0.322
        ],
        [
            0.28,
            0.306,
            0.298,
            0.303,
            0.306,
            0.295,
            0.307,
            0.32
        ]
    ],
    "timestamp": "2026-04-09T16:41:54.071740",
    "label": "bee"
}