{
    "event_type": "flower_visit",
    "event_id": "flower_1_20260412180728565381",
    "flower_id": "flower_1",
    "background_dist": 0.35,
    "start_time": 1776035246.8316329,
    "end_time": 1776035248.565254,
    "num_scans": 26,
    "angles": [
        88,
        89,
        90,
        91,
        92,
        93,
        94
    ],
    "distance_series": [
        [
            0.313,
            0.311,
            0.303,
            0.311,
            0.343,
            0.349,
            0.357
        ],
        [
            0.315,
            0.309,
            0.304,
            0.308,
            0.343,
            0.348,
            0.357
        ],
        [
            0.32,
            0.31,
            0.304,
            0.305,
            0.343,
            0.351,
            0.359
        ],
        [
            0.32,
            0.312,
            0.307,
            0.309,
            0.338,
            0.351,
            0.359
        ],
        [
            0.322,
            0.312,
            0.309,
            0.315,
            0.34,
            0.352,
            0.356
        ],
        [
            0.32,
            0.315,
            0.309,
            0.312,
            0.341,
            0.351,
            0.358
        ],
        [
            0.319,
            0.311,
            0.309,
            0.313,
            0.342,
            0.35,
            0.359
        ],
        [
            0.318,
            0.311,
            0.308,
            0.311,
            0.342,
            0.346,
            0.359
        ],
        [
            0.321,
            0.312,
            0.309,
            0.308,
            0.343,
            0.346,
            0.361
        ],
        [
            0.325,
            0.314,
            0.311,
            0.311,
            0.345,
            0.345,
            0.358
        ],
        [
            0.333,
            0.323,
            0.312,
            0.309,
            0.344,
            0.346,
            0.355
        ],
        [
            0.341,
            0.333,
            0.312,
            0.312,
            0.337,
            0.345,
            0.357
        ],
        [
            0.347,
            0.339,
            0.309,
            0.312,
            0.335,
            0.342,
            0.356
        ],
        [
            0.352,
            0.347,
            0.313,
            0.308,
            0.329,
            0.339,
            0.357
        ],
        [
            0.357,
            0.353,
            0.32,
            0.308,
            0.322,
            0.335,
            0.357
        ],
        [
            0.355,
            0.347,
            0.328,
            0.311,
            0.318,
            0.33,
            0.348
        ],
        [
            0.356,
            0.348,
            0.338,
            0.315,
            0.31,
            0.329,
            0.34
        ],
        [
            0.356,
            0.35,
            0.344,
            0.327,
            0.311,
            0.324,
            0.33
        ],
        [
            0.357,
            0.351,
            0.349,
            0.34,
            0.325,
            0.324,
            0.322
        ],
        [
            0.357,
            0.355,
            0.348,
            0.346,
            0.334,
            0.328,
            0.323
        ],
        [
            0.359,
            0.357,
            0.347,
            0.35,
            0.341,
            0.337,
            0.331
        ],
        [
            0.362,
            0.357,
            0.348,
            0.353,
            0.343,
            0.343,
            0.339
        ],
        [
            0.36,
            0.356,
            0.347,
            0.351,
            0.344,
            0.346,
            0.345
        ],
        [
            0.359,
            0.351,
            0.348,
            0.355,
            0.342,
            0.346,
            0.351
        ],
        [
            0.357,
            0.35,
            0.351,
            0.355,
            0.339,
            0.346,
            0.354
        ],
        [
            0.352,
            0.346,
            0.354,
            0.357,
            0.346,
            0.349,
            0.359
        ]
    ],
    "timestamp": "2026-04-12T18:07:28.565488",
    "label": "not_bee"
}