{
    "event_type": "flower_visit",
    "event_id": "flower_1_20260409163023546788",
    "flower_id": "flower_1",
    "background_dist": 0.17,
    "start_time": 1775770221.9471629,
    "end_time": 1775770223.546721,
    "num_scans": 24,
    "angles": [
        128,
        129,
        130,
        131,
        132,
        133,
        134,
        135,
        136,
        137,
        138,
        139,
        140,
        141,
        142,
        143,
        144,
        145,
        146
    ],
    "distance_series": [
        [
            0.201,
            0.167,
            0.148,
            0.149,
            0.151,
            0.136,
            0.122,
            0.133,
            0.14,
            0.142,
            0.144,
            0.143,
            0.154,
            0.15,
            0.148,
            0.23,
            0.257,
            0.286,
            0.334
        ],
        [
            0.203,
            0.165,
            0.148,
            0.149,
            0.151,
            0.138,
            0.121,
            0.132,
            0.143,
            0.144,
            0.141,
            0.149,
            0.152,
            0.148,
            0.147,
            0.228,
            0.257,
            0.288,
            0.337
        ],
        [
            0.206,
            0.165,
            0.148,
            0.151,
            0.149,
            0.137,
            0.123,
            0.132,
            0.147,
            0.144,
            0.141,
            0.145,
            0.146,
            0.153,
            0.144,
            0.23,
            0.263,
            0.283,
            0.338
        ],
        [
            0.202,
            0.159,
            0.147,
            0.15,
            0.146,
            0.134,
            0.121,
            0.131,
            0.143,
            0.141,
            0.145,
            0.143,
            0.143,
            0.147,
            0.146,
            0.237,
            0.262,
            0.285,
            0.341
        ],
        [
            0.187,
            0.152,
            0.138,
            0.147,
            0.142,
            0.123,
            0.119,
            0.127,
            0.136,
            0.136,
            0.139,
            0.134,
            0.13,
            0.139,
            0.138,
            0.238,
            0.259,
            0.287,
            0.342
        ],
        [
            0.186,
            0.155,
            0.142,
            0.141,
            0.143,
            0.117,
            0.117,
            0.13,
            0.135,
            0.138,
            0.145,
            0.132,
            0.131,
            0.139,
            0.138,
            0.237,
            0.261,
            0.29,
            0.343
        ],
        [
            0.183,
            0.151,
            0.142,
            0.136,
            0.138,
            0.117,
            0.113,
            0.124,
            0.128,
            0.137,
            0.138,
            0.128,
            0.13,
            0.13,
            0.135,
            0.236,
            0.26,
            0.293,
            0.342
        ],
        [
            0.178,
            0.151,
            0.142,
            0.132,
            0.129,
            0.113,
            0.115,
            0.123,
            0.128,
            0.129,
            0.131,
            0.125,
            0.121,
            0.123,
            0.131,
            0.236,
            0.26,
            0.289,
            0.337
        ],
        [
            0.19,
            0.157,
            0.148,
            0.139,
            0.136,
            0.115,
            0.119,
            0.121,
            0.131,
            0.132,
            0.139,
            0.133,
            0.131,
            0.129,
            0.142,
            0.232,
            0.267,
            0.287,
            0.335
        ],
        [
            0.189,
            0.154,
            0.144,
            0.143,
            0.13,
            0.115,
            0.119,
            0.118,
            0.13,
            0.127,
            0.133,
            0.126,
            0.124,
            0.124,
            0.136,
            0.234,
            0.266,
            0.284,
            0.336
        ],
        [
            0.189,
            0.154,
            0.147,
            0.145,
            0.132,
            0.119,
            0.119,
            0.117,
            0.131,
            0.124,
            0.135,
            0.134,
            0.125,
            0.133,
            0.142,
            0.229,
            0.265,
            0.284,
            0.337
        ],
        [
            0.193,
            0.158,
            0.151,
            0.148,
            0.134,
            0.126,
            0.12,
            0.117,
            0.127,
            0.129,
            0.136,
            0.134,
            0.129,
            0.141,
            0.147,
            0.221,
            0.267,
            0.285,
            0.339
        ],
        [
            0.193,
            0.158,
            0.151,
            0.146,
            0.135,
            0.127,
            0.12,
            0.114,
            0.122,
            0.122,
            0.126,
            0.129,
            0.132,
            0.138,
            0.147,
            0.223,
            0.259,
            0.285,
            0.343
        ],
        [
            0.193,
            0.159,
            0.15,
            0.143,
            0.141,
            0.135,
            0.126,
            0.12,
            0.126,
            0.128,
            0.13,
            0.133,
            0.14,
            0.147,
            0.152,
            0.225,
            0.257,
            0.284,
            0.338
        ],
        [
            0.197,
            0.163,
            0.152,
            0.147,
            0.145,
            0.142,
            0.132,
            0.126,
            0.126,
            0.133,
            0.139,
            0.139,
            0.143,
            0.142,
            0.149,
            0.225,
            0.258,
            0.283,
            0.336
        ],
        [
            0.199,
            0.169,
            0.149,
            0.147,
            0.148,
            0.145,
            0.136,
            0.135,
            0.131,
            0.136,
            0.14,
            0.14,
            0.149,
            0.145,
            0.151,
            0.233,
            0.254,
            0.289,
            0.333
        ],
        [
            0.204,
            0.172,
            0.15,
            0.15,
            0.15,
            0.151,
            0.146,
            0.143,
            0.141,
            0.146,
            0.147,
            0.147,
            0.151,
            0.151,
            0.152,
            0.235,
            0.257,
            0.287,
            0.33
        ],
        [
            0.208,
            0.173,
            0.15,
            0.149,
            0.152,
            0.152,
            0.149,
            0.145,
            0.143,
            0.148,
            0.149,
            0.145,
            0.155,
            0.152,
            0.157,
            0.233,
            0.256,
            0.29,
            0.332
        ],
        [
            0.207,
            0.175,
            0.15,
            0.152,
            0.153,
            0.153,
            0.149,
            0.146,
            0.149,
            0.149,
            0.145,
            0.145,
            0.157,
            0.157,
            0.161,
            0.237,
            0.256,
            0.289,
            0.327
        ],
        [
            0.209,
            0.171,
            0.153,
            0.147,
            0.154,
            0.151,
            0.148,
            0.148,
            0.149,
            0.148,
            0.149,
            0.147,
            0.152,
