{
    "event_type": "flower_visit",
    "event_id": "flower_2_20260412174354908278",
    "flower_id": "flower_2",
    "background_dist": 0.28,
    "start_time": 1776033832.908224,
    "end_time": 1776033834.908142,
    "num_scans": 30,
    "angles": [
        126,
        127,
        128,
        129,
        130,
        131,
        132,
        133,
        134,
        135,
        136
    ],
    "distance_series": [
        [
            0.284,
            0.274,
            0.262,
            0.253,
            0.24,
            0.24,
            0.243,
            0.248,
            0.255,
            0.257,
            0.292
        ],
        [
            0.28,
            0.269,
            0.257,
            0.248,
            0.243,
            0.243,
            0.25,
            0.258,
            0.265,
            0.266,
            0.349
        ],
        [
            0.278,
            0.259,
            0.252,
            0.243,
            0.241,
            0.245,
            0.255,
            0.265,
            0.27,
            0.274,
            0.359
        ],
        [
            0.277,
            0.26,
            0.239,
            0.242,
            0.24,
            0.248,
            0.263,
            0.266,
            0.27,
            0.28,
            0.365
        ],
        [
            0.279,
            0.26,
            0.242,
            0.242,
            0.242,
            0.246,
            0.263,
            0.263,
            0.272,
            0.281,
            0.408
        ],
        [
            0.282,
            0.261,
            0.252,
            0.252,
            0.254,
            0.252,
            0.264,
            0.257,
            0.273,
            0.284,
            0.408
        ],
        [
            0.288,
            0.27,
            0.264,
            0.262,
            0.264,
            0.26,
            0.255,
            0.258,
            0.269,
            0.281,
            0.404
        ],
        [
            0.288,
            0.279,
            0.277,
            0.268,
            0.274,
            0.263,
            0.249,
            0.259,
            0.273,
            0.283,
            0.399
        ],
        [
            0.289,
            0.276,
            0.275,
            0.264,
            0.269,
            0.26,
            0.245,
            0.263,
            0.276,
            0.284,
            0.356
        ],
        [
            0.285,
            0.278,
            0.271,
            0.257,
            0.258,
            0.248,
            0.243,
            0.26,
            0.271,
            0.279,
            0.359
        ],
        [
            0.285,
            0.274,
            0.274,
            0.251,
            0.25,
            0.242,
            0.241,
            0.254,
            0.261,
            0.27,
            0.389
        ],
        [
            0.289,
            0.273,
            0.269,
            0.252,
            0.248,
            0.239,
            0.236,
            0.246,
            0.253,
            0.257,
            0.347
        ],
        [
            0.286,
            0.274,
            0.27,
            0.258,
            0.254,
            0.238,
            0.234,
            0.237,
            0.241,
            0.248,
            0.34
        ],
        [
            0.287,
            0.274,
            0.267,
            0.269,
            0.257,
            0.246,
            0.235,
            0.235,
            0.236,
            0.242,
            0.286
        ],
        [
            0.287,
            0.28,
            0.267,
            0.27,
            0.261,
            0.253,
            0.239,
            0.236,
            0.236,
            0.242,
            0.248
        ],
        [
            0.286,
            0.28,
            0.265,
            0.27,
            0.262,
            0.255,
            0.24,
            0.237,
            0.237,
            0.243,
            0.246
        ],
        [
            0.284,
            0.279,
            0.268,
            0.271,
            0.259,
            0.254,
            0.24,
            0.238,
            0.237,
            0.244,
            0.242
        ],
        [
            0.282,
            0.274,
            0.269,
            0.269,
            0.255,
            0.251,
            0.24,
            0.236,
            0.237,
            0.244,
            0.245
        ],
        [
            0.284,
            0.268,
            0.265,
            0.263,
            0.253,
            0.241,
            0.237,
            0.232,
            0.232,
            0.241,
            0.244
        ],
        [
            0.28,
            0.263,
            0.264,
            0.265,
            0.251,
            0.24,
            0.232,
            0.23,
            0.23,
            0.24,
            0.241
        ],
        [
            0.279,
            0.263,
            0.259,
            0.266,
            0.255,
            0.243,
            0.235,
            0.235,
            0.238,
            0.243,
            0.286
        ],
        [
            0.283,
            0.27,
            0.26,
            0.265,
            0.263,
            0.25,
            0.244,
            0.246,
            0.248,
            0.254,
            0.339
        ],
        [
            0.284,
            0.272,
            0.268,
            0.269,
            0.272,
            0.26,
            0.253,
            0.256,
            0.256,
            0.267,
            0.389
        ],
        [
            0.286,
            0.275,
            0.275,
            0.267,
            0.275,
            0.264,
            0.259,
            0.265,
            0.27,
            0.281,
            0.401
        ],
        [
            0.287,
            0.273,
            0.273,
            0.274,
            0.274,
            0.269,
            0.269,
            0.269,
            0.269,
            0.282,
            0.366
        ],
        [
            0.284,
            0.277,
            0.268,
            0.276,
            0.274,
            0.271,
            0.27,
            0.273,
            0.267,
            0.283,
            0.329
        ],
        [
            0.283,
            0.273,
            0.268,
            0.277,
            0.275,
            0.271,
            0.272,
            0.272,
            0.27,
            0.283,
            0.326
        ],
        [
            0.284,
            0.276,
            0.264,
            0.276,
            0.274,
            0.274,
            0.274,
            0.27,
            0.269,
            0.283,
            0.363
        ],
        [
            0.283,
            0.271,
            0.265,
            0.275,
            0.274,
            0.273,
            0.274,
            0.269,
            0.266,
            0.286,
            0.393
        ],
        [
            0.278,
            0.273,
            0.267,
            0.273,
            0.27,
            0.271,
            0.269,
            0.264,
            0.267,
            0.287,
            0.429
        ]
    ],
    "timestamp": "2026-04-12T17:43:54.908347",
    "label": "bee"
}