{
    "event_type": "flower_visit",
    "event_id": "flower_2_20260410192445164997",
    "flower_id": "flower_2",
    "background_dist": 0.25,
    "start_time": 1775867081.230695,
    "end_time": 1775867085.16483,
    "num_scans": 59,
    "angles": [
        171,
        172,
        173,
        174,
        175,
        176,
        177,
        178,
        179,
        180,
        181,
        182,
        183
    ],
    "distance_series": [
        [
            0.474,
            0.25,
            0.246,
            0.238,
            0.235,
            0.223,
            0.211,
            0.204,
            0.229,
            0.233,
            0.253,
            0.259,
            0.292
        ],
        [
            0.461,
            0.252,
            0.244,
            0.236,
            0.225,
            0.219,
            0.209,
            0.213,
            0.24,
            0.242,
            0.25,
            0.257,
            0.286
        ],
        [
            0.464,
            0.247,
            0.241,
            0.239,
            0.224,
            0.217,
            0.211,
            0.227,
            0.238,
            0.245,
            0.25,
            0.256,
            0.286
        ],
        [
            0.465,
            0.249,
            0.246,
            0.236,
            0.223,
            0.212,
            0.21,
            0.229,
            0.236,
            0.247,
            0.248,
            0.26,
            0.286
        ],
        [
            0.465,
            0.247,
            0.248,
            0.235,
            0.217,
            0.207,
            0.202,
            0.235,
            0.237,
            0.248,
            0.246,
            0.261,
            0.324
        ],
        [
            0.861,
            0.247,
            0.246,
            0.235,
            0.213,
            0.203,
            0.212,
            0.228,
            0.234,
            0.248,
            0.246,
            0.262,
            0.285
        ],
        [
            1.254,
            0.242,
            0.248,
            0.237,
            0.207,
            0.202,
            0.219,
            0.222,
            0.236,
            0.246,
            0.246,
            0.261,
            0.325
        ],
        [
            1.265,
            0.237,
            0.235,
            0.229,
            0.211,
            0.203,
            0.217,
            0.225,
            0.235,
            0.243,
            0.247,
            0.259,
            0.367
        ],
        [
            1.198,
            0.23,
            0.222,
            0.223,
            0.209,
            0.204,
            0.227,
            0.229,
            0.24,
            0.244,
            0.246,
            0.258,
            0.328
        ],
        [
            0.746,
            0.226,
            0.216,
            0.217,
            0.208,
            0.212,
            0.224,
            0.229,
            0.24,
            0.243,
            0.248,
            0.255,
            0.331
        ],
        [
            0.363,
            0.225,
            0.204,
            0.21,
            0.204,
            0.211,
            0.224,
            0.229,
            0.241,
            0.243,
            0.246,
            0.256,
            0.29
        ],
        [
            0.371,
            0.226,
            0.211,
            0.21,
            0.206,
            0.211,
            0.227,
            0.24,
            0.237,
            0.245,
            0.249,
            0.26,
            0.26
        ],
        [
            0.429,
            0.233,
            0.222,
            0.218,
            0.211,
            0.215,
            0.213,
            0.23,
            0.234,
            0.248,
            0.249,
            0.256,
            0.285
        ],
        [
            0.473,
            0.237,
            0.23,
            0.225,
            0.216,
            0.213,
            0.214,
            0.225,
            0.226,
            0.239,
            0.251,
            0.259,
            0.283
        ],
        [
            0.468,
            0.245,
            0.241,
            0.232,
            0.221,
            0.218,
            0.224,
            0.228,
            0.223,
            0.231,
            0.242,
            0.256,
            0.285
        ],
        [
            0.469,
            0.243,
            0.241,
            0.237,
            0.23,
            0.228,
            0.224,
            0.216,
            0.214,
            0.226,
            0.239,
            0.253,
            0.283
        ],
        [
            0.464,
            0.245,
            0.236,
            0.237,
            0.239,
            0.23,
            0.228,
            0.21,
            0.198,
            0.219,
            0.24,
            0.252,
            0.256
        ],
        [
            0.463,
            0.246,
            0.239,
            0.235,
            0.234,
            0.233,
            0.23,
            0.214,
            0.198,
            0.21,
            0.23,
            0.242,
            0.25
        ],
        [
            0.459,
            0.245,
            0.238,
            0.237,
            0.239,
            0.235,
            0.219,
            0.204,
            0.199,
            0.222,
            0.237,
            0.243,
            0.251
        ],
        [
            0.457,
            0.246,
            0.238,
            0.24,
            0.24,
            0.231,
            0.212,
            0.202,
            0.208,
            0.222,
            0.239,
            0.243,
            0.281
        ],
        [
            0.447,
            0.247,
            0.238,
            0.239,
            0.237,
            0.224,
            0.207,
            0.201,
            0.208,
            0.23,
            0.24,
            0.241,
            0.318
        ],
        [
            0.441,
            0.247,
            0.238,
            0.234,
            0.23,
            0.216,
            0.2,
            0.204,
            0.224,
            0.243,
            0.245,
            0.253,
            0.32
        ],
        [
            0.437,
            0.248,
            0.238,
            0.229,
            0.223,
            0.206,
            0.201,
            0.214,
            0.229,
            0.237,
            0.247,
            0.258,
            0.367
        ],
        [
            0.435,
            0.251,
            0.24,
            0.227,
            0.223,
            0.206,
            0.208,
            0.215,
            0.223,
            0.23,
            0.248,
            0.256,
            0.331
        ],
        [
            0.442,
            0.248,
            0.241,
            0.228,
            0.226,
            0.206,
            0.209,
            0.218,
            0.229,
            0.233,
            0.244,
            0.258,
            0.335
        ],
        [
            0.446,
            0.249,
            0.243,
            0.237,
            0.234,
            0.217,
            0.212,
            0.21,
            0.219,
            0.232,
            0.243,
            0.255,
            0.332
        ],
        [
            0.453,
            0.248,
            0.241,
            0.238,
            0.242,
            0.229,
            0.224,
            0.204,
            0.211,
            0.223,
            0.239,
            0.248,
            0.337
        ],
        [
            0.459,
            0.248,
            0.245,
            0.241,
            0.241,
            0.231,
            0.228,
            0.212,
            0.211,
            0.22,
            0.231,
            0.25,
            0.331
        ],
        [
            0.46,
            0.248,
            0.245,
            0.241,
            0.239,
