{
    "event_type": "flower_visit",
    "event_id": "flower_1_20260410192402165112",
    "flower_id": "flower_1",
    "background_dist": 0.38,
    "start_time": 1775867037.9649699,
    "end_time": 1775867042.1649652,
    "num_scans": 63,
    "angles": [
        128,
        129,
        130,
        131,
        132,
        133,
        134
    ],
    "distance_series": [
        [
            0.458,
            0.333,
            0.348,
            0.366,
            0.38,
            0.376,
            0.38
        ],
        [
            0.423,
            0.333,
            0.351,
            0.365,
            0.374,
            0.378,
            0.377
        ],
        [
            0.435,
            0.34,
            0.358,
            0.371,
            0.37,
            0.375,
            0.378
        ],
        [
            0.431,
            0.345,
            0.361,
            0.368,
            0.371,
            0.374,
            0.378
        ],
        [
            0.389,
            0.343,
            0.353,
            0.365,
            0.374,
            0.372,
            0.383
        ],
        [
            0.385,
            0.337,
            0.35,
            0.36,
            0.375,
            0.373,
            0.388
        ],
        [
            0.378,
            0.339,
            0.351,
            0.355,
            0.376,
            0.367,
            0.381
        ],
        [
            0.334,
            0.34,
            0.359,
            0.356,
            0.377,
            0.373,
            0.381
        ],
        [
            0.335,
            0.339,
            0.359,
            0.364,
            0.375,
            0.372,
            0.381
        ],
        [
            0.34,
            0.339,
            0.357,
            0.368,
            0.38,
            0.371,
            0.381
        ],
        [
            0.392,
            0.337,
            0.351,
            0.362,
            0.378,
            0.374,
            0.38
        ],
        [
            0.393,
            0.335,
            0.345,
            0.367,
            0.376,
            0.374,
            0.377
        ],
        [
            0.396,
            0.338,
            0.348,
            0.361,
            0.378,
            0.373,
            0.372
        ],
        [
            0.396,
            0.34,
            0.348,
            0.365,
            0.367,
            0.375,
            0.376
        ],
        [
            0.36,
            0.348,
            0.343,
            0.361,
            0.366,
            0.372,
            0.377
        ],
        [
            0.358,
            0.345,
            0.343,
            0.36,
            0.366,
            0.371,
            0.38
        ],
        [
            0.353,
            0.339,
            0.342,
            0.364,
            0.364,
            0.372,
            0.384
        ],
        [
            0.382,
            0.341,
            0.345,
            0.363,
            0.364,
            0.365,
            0.376
        ],
        [
            0.377,
            0.336,
            0.349,
            0.365,
            0.369,
            0.37,
            0.383
        ],
        [
            0.377,
            0.335,
            0.355,
            0.367,
            0.369,
            0.369,
            0.383
        ],
        [
            0.376,
            0.342,
            0.352,
            0.369,
            0.369,
            0.377,
            0.379
        ],
        [
            0.336,
            0.335,
            0.347,
            0.366,
            0.367,
            0.377,
            0.386
        ],
        [
            0.338,
            0.333,
            0.346,
            0.364,
            0.371,
            0.378,
            0.381
        ],
        [
            0.379,
            0.335,
            0.347,
            0.367,
            0.371,
            0.373,
            0.38
        ],
        [
            0.384,
            0.338,
            0.351,
            0.369,
            0.373,
            0.374,
            0.386
        ],
        [
            0.386,
            0.339,
            0.355,
            0.366,
            0.377,
            0.371,
            0.373
        ],
        [
            0.392,
            0.342,
            0.361,
            0.366,
            0.379,
            0.374,
            0.376
        ],
        [
            0.356,
            0.342,
            0.353,
            0.362,
            0.378,
            0.373,
            0.375
        ],
        [
            0.351,
            0.336,
            0.348,
            0.367,
            0.374,
            0.375,
            0.379
        ],
        [
            0.35,
            0.332,
            0.349,
            0.364,
            0.375,
            0.38,
            0.38
        ],
        [
            0.342,
            0.333,
            0.347,
            0.361,
            0.375,
            0.378,
            0.386
        ],
        [
            0.334,
            0.332,
            0.345,
            0.362,
            0.38,
            0.381,
            0.381
        ],
        [
            0.334,
            0.332,
            0.344,
            0.354,
            0.38,
            0.381,
            0.381
        ],
        [
            0.333,
            0.336,
            0.347,
            0.352,
            0.369,
            0.374,
            0.381
        ],
        [
            0.333,
            0.338,
            0.347,
            0.355,
            0.372,
            0.375,
            0.378
        ],
        [
            0.334,
            0.34,
            0.344,
            0.347,
            0.366,
            0.374,
            0.378
        ],
        [
            0.335,
            0.336,
            0.339,
            0.355,
            0.372,
            0.372,
            0.382
        ],
        [
            0.339,
            0.332,
            0.344,
            0.353,
            0.371,
            0.375,
            0.38
        ],
        [
            0.338,
            0.33,
            0.34,
            0.354,
            0.375,
            0.373,
            0.382
        ],
        [
            0.338,
            0.331,
            0.342,
            0.359,
            0.373,
            0.373,
            0.384
        ],
        [
            0.382,
            0.332,
            0.347,
            0.358,
            0.368,
            0.375,
            0.384
        ],
        [
            0.38,
            0.328,
            0.338,
            0.359,
            0.372,
            0.378,
            0.38
        ],
        [
            0.38,
            0.326,
            0.345,
            0.367,
            0.372,
            0.378,
            0.382
        ],
        [
            0.426,
            0.33,
            0.342,
            0.369,
            0.376,
            0.379,
            0.385
        ],
        [
            0.388,
            0.336,
            0.338,
            0.371,
            0.374,
            0.386,
            0.38
        ],
        [
            0.393,
            0.336,
            0.339,
            0.366,
            0.373,
            0.384,
            0.384
        ],
        [
            0.438,
            0.343,
            0.333,
            0.366,
            0.372,
            0.378,
            0.383
        ],
        [
            0.445,
            0.345,
            0.335,
            0.364,
            0.371,
            0.379,
            0.381
        ],
        [
            0.444,
            0.343,
            0.335,
            0.364,
            0.367,
            0.372,
            0.386
        ],
        [
            0.436,
            0.343,
            0.337,
            0.364,
            0.367,
            0.373,
            0.386
        ],
