{
    "event_type": "flower_visit",
    "event_id": "flower_1_20260410204257322765",
    "flower_id": "flower_1",
    "background_dist": 0.34,
    "start_time": 1775871773.922179,
    "end_time": 1775871777.322617,
    "num_scans": 51,
    "angles": [
        124,
        125,
        126,
        127,
        128,
        129,
        130,
        131,
        132
    ],
    "distance_series": [
        [
            0.35,
            0.34,
            0.34,
            0.334,
            0.339,
            0.34,
            0.325,
            0.307,
            0.294
        ],
        [
            0.35,
            0.34,
            0.346,
            0.334,
            0.336,
            0.341,
            0.33,
            0.308,
            0.294
        ],
        [
            0.346,
            0.341,
            0.345,
            0.334,
            0.336,
            0.334,
            0.335,
            0.314,
            0.295
        ],
        [
            0.378,
            0.344,
            0.341,
            0.335,
            0.335,
            0.336,
            0.335,
            0.31,
            0.3
        ],
        [
            0.379,
            0.346,
            0.338,
            0.336,
            0.335,
            0.338,
            0.34,
            0.312,
            0.294
        ],
        [
            0.38,
            0.345,
            0.336,
            0.338,
            0.338,
            0.337,
            0.336,
            0.309,
            0.293
        ],
        [
            0.381,
            0.347,
            0.336,
            0.338,
            0.337,
            0.336,
            0.332,
            0.309,
            0.297
        ],
        [
            0.347,
            0.345,
            0.338,
            0.338,
            0.334,
            0.332,
            0.328,
            0.31,
            0.292
        ],
        [
            0.343,
            0.346,
            0.34,
            0.339,
            0.335,
            0.331,
            0.328,
            0.311,
            0.292
        ],
        [
            0.341,
            0.345,
            0.336,
            0.336,
            0.336,
            0.333,
            0.326,
            0.31,
            0.293
        ],
        [
            0.381,
            0.344,
            0.338,
            0.339,
            0.338,
            0.333,
            0.328,
            0.309,
            0.295
        ],
        [
            0.381,
            0.342,
            0.336,
            0.339,
            0.336,
            0.336,
            0.335,
            0.309,
            0.295
        ],
        [
            0.42,
            0.346,
            0.334,
            0.335,
            0.334,
            0.336,
            0.328,
            0.306,
            0.292
        ],
        [
            0.419,
            0.345,
            0.342,
            0.333,
            0.337,
            0.335,
            0.318,
            0.307,
            0.291
        ],
        [
            0.381,
            0.344,
            0.34,
            0.331,
            0.336,
            0.34,
            0.313,
            0.302,
            0.291
        ],
        [
            0.421,
            0.348,
            0.341,
            0.332,
            0.337,
            0.34,
            0.314,
            0.299,
            0.294
        ],
        [
            0.385,
            0.346,
            0.341,
            0.333,
            0.336,
            0.335,
            0.305,
            0.296,
            0.289
        ],
        [
            0.384,
            0.347,
            0.338,
            0.333,
            0.335,
            0.335,
            0.309,
            0.298,
            0.291
        ],
        [
            0.42,
            0.345,
            0.338,
            0.334,
            0.336,
            0.335,
            0.309,
            0.297,
            0.288
        ],
        [
            0.412,
            0.35,
            0.34,
            0.338,
            0.335,
            0.33,
            0.303,
            0.296,
            0.29
        ],
        [
            0.414,
            0.348,
            0.342,
            0.34,
            0.338,
            0.332,
            0.305,
            0.3,
            0.292
        ],
        [
            0.452,
            0.345,
            0.337,
            0.341,
            0.337,
            0.329,
            0.302,
            0.297,
            0.289
        ],
        [
            0.453,
            0.348,
            0.339,
            0.342,
            0.339,
            0.329,
            0.313,
            0.301,
            0.293
        ],
        [
            0.419,
            0.347,
            0.34,
            0.337,
            0.337,
            0.332,
            0.323,
            0.309,
            0.294
        ],
        [
            0.453,
            0.349,
            0.339,
            0.338,
            0.335,
            0.332,
            0.325,
            0.316,
            0.295
        ],
        [
            0.417,
            0.35,
            0.339,
            0.342,
            0.332,
            0.336,
            0.324,
            0.317,
            0.299
        ],
        [
            0.38,
            0.352,
            0.336,
            0.337,
            0.335,
            0.334,
            0.323,
            0.315,
            0.298
        ],
        [
            0.385,
            0.351,
            0.336,
            0.337,
            0.336,
            0.338,
            0.314,
            0.308,
            0.296
        ],
        [
            0.348,
            0.351,
            0.336,
            0.333,
            0.336,
            0.334,
            0.313,
            0.301,
            0.297
        ],
        [
            0.348,
            0.351,
            0.336,
            0.332,
            0.333,
            0.327,
            0.315,
            0.302,
            0.293
        ],
        [
            0.345,
            0.348,
            0.333,
            0.332,
            0.333,
            0.327,
            0.31,
            0.297,
            0.29
        ],
        [
            0.344,
            0.346,
            0.332,
            0.332,
            0.333,
            0.325,
            0.306,
            0.3,
            0.292
        ],
        [
            0.346,
            0.341,
            0.333,
            0.331,
            0.33,
            0.324,
            0.302,
            0.3,
            0.293
        ],
        [
            0.347,
            0.342,
            0.331,
            0.33,
            0.332,
            0.327,
            0.304,
            0.302,
            0.296
        ],
        [
            0.385,
            0.344,
            0.33,
            0.33,
            0.331,
            0.331,
            0.308,
            0.301,
            0.298
        ],
        [
            0.386,
            0.349,
            0.335,
            0.33,
            0.336,
            0.333,
            0.308,
            0.304,
            0.295
        ],
        [
            0.387,
            0.349,
            0.335,
            0.332,
            0.337,
            0.335,
            0.311,
            0.302,
            0.293
        ],
        [
            0.386,
            0.347,
            0.336,
            0.338,
            0.336,
            0.336,
            0.315,
            0.306,
            0.291
        ],
        [
            0.387,
            0.343,
            0.34,
            0.338,
            0.332,
            0.332,
            0.322,
            0.308,
            0.291
        ],
        [
            0.386,
            0.343,
            0.341,
            0.338,
            0.334,
            0.331,
            0.32,
            0.306,
            0.294
        ],
