{
    "event_type": "flower_visit",
    "event_id": "flower_2_20260412183518883908",
    "flower_id": "flower_2",
    "background_dist": 0.34,
    "start_time": 1776036912.883926,
    "end_time": 1776036918.883801,
    "num_scans": 90,
    "angles": [
        89,
        90,
        91,
        92,
        93,
        94,
        95,
        96
    ],
    "distance_series": [
        [
            0.314,
            0.296,
            0.314,
            0.323,
            0.333,
            0.325,
            0.335,
            0.345
        ],
        [
            0.319,
            0.297,
            0.31,
            0.323,
            0.331,
            0.33,
            0.337,
            0.348
        ],
        [
            0.32,
            0.299,
            0.304,
            0.325,
            0.328,
            0.332,
            0.336,
            0.35
        ],
        [
            0.319,
            0.3,
            0.314,
            0.319,
            0.325,
            0.331,
            0.335,
            0.345
        ],
        [
            0.321,
            0.298,
            0.315,
            0.319,
            0.325,
            0.332,
            0.336,
            0.343
        ],
        [
            0.318,
            0.298,
            0.32,
            0.32,
            0.322,
            0.329,
            0.333,
            0.342
        ],
        [
            0.315,
            0.296,
            0.328,
            0.325,
            0.323,
            0.329,
            0.334,
            0.341
        ],
        [
            0.311,
            0.29,
            0.328,
            0.323,
            0.324,
            0.333,
            0.333,
            0.341
        ],
        [
            0.308,
            0.29,
            0.33,
            0.323,
            0.324,
            0.333,
            0.337,
            0.342
        ],
        [
            0.309,
            0.291,
            0.323,
            0.323,
            0.325,
            0.334,
            0.344,
            0.345
        ],
        [
            0.311,
            0.296,
            0.324,
            0.323,
            0.325,
            0.331,
            0.342,
            0.344
        ],
        [
            0.319,
            0.303,
            0.317,
            0.323,
            0.325,
            0.327,
            0.338,
            0.344
        ],
        [
            0.32,
            0.309,
            0.311,
            0.323,
            0.328,
            0.327,
            0.336,
            0.342
        ],
        [
            0.321,
            0.312,
            0.312,
            0.33,
            0.326,
            0.33,
            0.333,
            0.336
        ],
        [
            0.321,
            0.312,
            0.314,
            0.335,
            0.328,
            0.33,
            0.333,
            0.336
        ],
        [
            0.315,
            0.302,
            0.319,
            0.336,
            0.328,
            0.329,
            0.33,
            0.336
        ],
        [
            0.309,
            0.297,
            0.321,
            0.335,
            0.324,
            0.327,
            0.337,
            0.336
        ],
        [
            0.304,
            0.293,
            0.321,
            0.331,
            0.323,
            0.33,
            0.331,
            0.337
        ],
        [
            0.298,
            0.286,
            0.322,
            0.326,
            0.328,
            0.329,
            0.331,
            0.333
        ],
        [
            0.297,
            0.289,
            0.323,
            0.323,
            0.323,
            0.328,
            0.332,
            0.334
        ],
        [
            0.307,
            0.29,
            0.319,
            0.325,
            0.326,
            0.328,
            0.332,
            0.337
        ],
        [
            0.312,
            0.295,
            0.312,
            0.325,
            0.327,
            0.329,
            0.334,
            0.341
        ],
        [
            0.316,
            0.305,
            0.313,
            0.321,
            0.327,
            0.331,
            0.33,
            0.342
        ],
        [
            0.318,
            0.312,
            0.307,
            0.325,
            0.329,
            0.331,
            0.327,
            0.337
        ],
        [
            0.319,
            0.311,
            0.305,
            0.325,
            0.332,
            0.334,
            0.324,
            0.337
        ],
        [
            0.313,
            0.304,
            0.31,
            0.321,
            0.331,
            0.337,
            0.326,
            0.332
        ],
        [
            0.312,
            0.296,
            0.315,
            0.326,
            0.334,
            0.335,
            0.334,
            0.333
        ],
        [
            0.309,
            0.297,
            0.322,
            0.321,
            0.334,
            0.332,
            0.327,
            0.34
        ],
        [
            0.294,
            0.288,
            0.322,
            0.318,
            0.33,
            0.331,
            0.326,
            0.338
        ],
        [
            0.296,
            0.288,
            0.326,
            0.322,
            0.327,
            0.328,
            0.324,
            0.338
        ],
        [
            0.3,
            0.292,
            0.325,
            0.325,
            0.327,
            0.331,
            0.328,
            0.342
        ],
        [
            0.316,
            0.3,
            0.321,
            0.326,
            0.325,
            0.335,
            0.336,
            0.338
        ],
        [
            0.324,
            0.305,
            0.315,
            0.332,
            0.329,
            0.33,
            0.336,
            0.34
        ],
        [
            0.324,
            0.313,
            0.309,
            0.326,
            0.329,
            0.332,
            0.339,
            0.337
        ],
        [
            0.324,
            0.315,
            0.305,
            0.318,
            0.329,
            0.332,
            0.337,
            0.334
        ],
        [
            0.32,
            0.317,
            0.306,
            0.32,
            0.324,
            0.332,
            0.332,
            0.336
        ],
        [
            0.311,
            0.306,
            0.314,
            0.318,
            0.324,
            0.333,
            0.335,
            0.334
        ],
        [
            0.304,
            0.3,
            0.318,
            0.32,
            0.325,
            0.33,
            0.336,
            0.336
        ],
        [
            0.303,
            0.3,
            0.322,
            0.32,
            0.327,
            0.332,
            0.337,
            0.344
        ],
        [
            0.304,
            0.299,
            0.323,
            0.32,
            0.334,
            0.33,
            0.333,
            0.343
        ],
        [
            0.31,
            0.299,
            0.321,
            0.319,
            0.33,
            0.33,
            0.335,
            0.343
        ],
        [
            0.315,
            0.304,
            0.319,
            0.327,
            0.327,
            0.329,
            0.336,
            0.345
        ],
        [
            0.314,
            0.304,
            0.316,
            0.324,
            0.329,
            0.33,
            0.336,
            0.346
        ],
        [
            0.316,
            0.305,
            0.316,
            0.326,
            0.331,
            0.33,
            0.341,
            0.338
        ],
        [
            0.32,
            0.305,
            0.32,
            0.326,
