{
    "event_type": "flower_visit",
    "event_id": "flower_2_20260410192240565868",
    "flower_id": "flower_2",
    "background_dist": 0.25,
    "start_time": 1775866956.965761,
    "end_time": 1775866960.565703,
    "num_scans": 54,
    "angles": [
        171,
        172,
        173,
        174,
        175,
        176,
        177,
        178,
        179,
        180,
        181,
        182,
        183
    ],
    "distance_series": [
        [
            0.192,
            0.21,
            0.237,
            0.235,
            0.235,
            0.234,
            0.232,
            0.228,
            0.235,
            0.241,
            0.247,
            0.258,
            0.29
        ],
        [
            0.188,
            0.211,
            0.234,
            0.237,
            0.237,
            0.235,
            0.231,
            0.229,
            0.232,
            0.238,
            0.248,
            0.258,
            0.325
        ],
        [
            0.185,
            0.214,
            0.231,
            0.239,
            0.237,
            0.239,
            0.233,
            0.232,
            0.237,
            0.24,
            0.248,
            0.259,
            0.285
        ],
        [
            0.18,
            0.204,
            0.232,
            0.235,
            0.235,
            0.238,
            0.232,
            0.239,
            0.24,
            0.241,
            0.247,
            0.258,
            0.286
        ],
        [
            0.182,
            0.19,
            0.222,
            0.224,
            0.235,
            0.236,
            0.229,
            0.239,
            0.233,
            0.24,
            0.25,
            0.262,
            0.319
        ],
        [
            0.178,
            0.186,
            0.22,
            0.226,
            0.233,
            0.238,
            0.232,
            0.238,
            0.234,
            0.236,
            0.25,
            0.265,
            0.283
        ],
        [
            0.179,
            0.18,
            0.218,
            0.23,
            0.235,
            0.234,
            0.233,
            0.234,
            0.233,
            0.237,
            0.25,
            0.259,
            0.282
        ],
        [
            0.185,
            0.181,
            0.208,
            0.23,
            0.237,
            0.236,
            0.235,
            0.233,
            0.232,
            0.242,
            0.253,
            0.256,
            0.32
        ],
        [
            0.185,
            0.191,
            0.22,
            0.239,
            0.236,
            0.236,
            0.24,
            0.231,
            0.236,
            0.243,
            0.252,
            0.258,
            0.292
        ],
        [
            0.192,
            0.202,
            0.225,
            0.24,
            0.238,
            0.235,
            0.237,
            0.231,
            0.238,
            0.244,
            0.252,
            0.259,
            0.332
        ],
        [
            0.197,
            0.214,
            0.233,
            0.244,
            0.237,
            0.235,
            0.239,
            0.236,
            0.234,
            0.241,
            0.25,
            0.264,
            0.375
        ],
        [
            0.2,
            0.228,
            0.24,
            0.242,
            0.24,
            0.237,
            0.24,
            0.236,
            0.234,
            0.238,
            0.249,
            0.268,
            0.338
        ],
        [
            0.205,
            0.236,
            0.241,
            0.238,
            0.245,
            0.235,
            0.235,
            0.235,
            0.235,
            0.239,
            0.248,
            0.264,
            0.33
        ],
        [
            0.215,
            0.24,
            0.241,
            0.237,
            0.243,
            0.236,
            0.237,
            0.234,
            0.234,
            0.239,
            0.25,
            0.26,
            0.29
        ],
        [
            0.218,
            0.248,
            0.241,
            0.236,
            0.239,
            0.234,
            0.238,
            0.232,
            0.237,
            0.243,
            0.253,
            0.261,
            0.289
        ],
        [
            0.214,
            0.247,
            0.233,
            0.233,
            0.239,
            0.23,
            0.235,
            0.233,
            0.235,
            0.244,
            0.257,
            0.259,
            0.288
        ],
        [
            0.217,
            0.248,
            0.231,
            0.24,
            0.234,
            0.23,
            0.237,
            0.233,
            0.234,
            0.243,
            0.255,
            0.269,
            0.29
        ],
        [
            0.215,
            0.247,
            0.231,
            0.241,
            0.236,
            0.231,
            0.239,
            0.237,
            0.237,
            0.246,
            0.253,
            0.269,
            0.295
        ],
        [
            0.21,
            0.244,
            0.232,
            0.242,
            0.234,
            0.233,
            0.239,
            0.242,
            0.237,
            0.245,
            0.251,
            0.266,
            0.257
        ],
        [
            0.205,
            0.236,
            0.237,
            0.238,
            0.237,
            0.237,
            0.239,
            0.243,
            0.237,
            0.246,
            0.247,
            0.268,
            0.288
        ],
        [
            0.2,
            0.222,
            0.224,
            0.238,
            0.238,
            0.235,
            0.24,
            0.24,
            0.242,
            0.246,
            0.252,
            0.263,
            0.289
        ],
        [
            0.202,
            0.206,
            0.214,
            0.233,
            0.235,
            0.239,
            0.242,
            0.237,
            0.245,
            0.241,
            0.253,
            0.265,
            0.281
        ],
        [
            0.283,
            0.198,
            0.201,
            0.23,
            0.237,
            0.238,
            0.239,
            0.242,
            0.243,
            0.243,
            0.251,
            0.263,
            0.281
        ],
        [
            0.283,
            0.194,
            0.195,
            0.227,
            0.24,
            0.238,
            0.237,
            0.238,
            0.245,
            0.247,
            0.257,
            0.257,
            0.259
        ],
        [
            0.284,
            0.205,
            0.207,
            0.229,
            0.238,
            0.24,
            0.238,
            0.241,
            0.242,
            0.249,
            0.25,
            0.258,
            0.291
        ],
        [
            0.244,
            0.214,
            0.223,
            0.237,
            0.239,
            0.239,
            0.235,
            0.242,
            0.242,
            0.248,
            0.253,
            0.259,
            0.337
        ],
        [
            0.208,
            0.224,
            0.237,
            0.238,
            0.239,
            0.241,
            0.233,
            0.239,
            0.239,
            0.248,
            0.247,
            0.256,
            0.371
        ],
        [
            0.217,
            0.233,
            0.246,
            0.24,
            0.239,
            0.238,
            0.235,
            0.237,
            0.241,
            0.243,
            0.248,
            0.261,
            0.371
        ],
        [
            0.225,
            0.252,
            0.247,
            0.242,
            0.241,
