{
    "event_type": "flower_visit",
    "event_id": "flower_1_20260412164742278883",
    "flower_id": "flower_1",
    "background_dist": 0.32,
    "start_time": 1776030458.412878,
    "end_time": 1776030462.278741,
    "num_scans": 58,
    "angles": [
        81,
        82,
        83,
        84,
        85,
        86
    ],
    "distance_series": [
        [
            0.272,
            0.291,
            0.307,
            0.312,
            0.307,
            0.327
        ],
        [
            0.271,
            0.294,
            0.309,
            0.312,
            0.313,
            0.326
        ],
        [
            0.271,
            0.293,
            0.309,
            0.311,
            0.314,
            0.324
        ],
        [
            0.275,
            0.289,
            0.311,
            0.312,
            0.312,
            0.325
        ],
        [
            0.273,
            0.291,
            0.314,
            0.314,
            0.315,
            0.328
        ],
        [
            0.275,
            0.292,
            0.314,
            0.317,
            0.315,
            0.329
        ],
        [
            0.277,
            0.293,
            0.313,
            0.318,
            0.315,
            0.329
        ],
        [
            0.279,
            0.292,
            0.315,
            0.318,
            0.315,
            0.324
        ],
        [
            0.279,
            0.292,
            0.316,
            0.317,
            0.313,
            0.326
        ],
        [
            0.278,
            0.293,
            0.32,
            0.317,
            0.31,
            0.326
        ],
        [
            0.279,
            0.294,
            0.323,
            0.318,
            0.311,
            0.329
        ],
        [
            0.278,
            0.297,
            0.32,
            0.318,
            0.311,
            0.33
        ],
        [
            0.276,
            0.297,
            0.32,
            0.32,
            0.313,
            0.326
        ],
        [
            0.275,
            0.296,
            0.316,
            0.319,
            0.314,
            0.324
        ],
        [
            0.275,
            0.292,
            0.317,
            0.318,
            0.312,
            0.321
        ],
        [
            0.276,
            0.292,
            0.313,
            0.318,
            0.311,
            0.323
        ],
        [
            0.279,
            0.293,
            0.309,
            0.316,
            0.313,
            0.325
        ],
        [
            0.281,
            0.293,
            0.309,
            0.315,
            0.314,
            0.323
        ],
        [
            0.282,
            0.293,
            0.306,
            0.313,
            0.316,
            0.319
        ],
        [
            0.282,
            0.292,
            0.313,
            0.311,
            0.314,
            0.318
        ],
        [
            0.281,
            0.292,
            0.315,
            0.314,
            0.315,
            0.314
        ],
        [
            0.279,
            0.295,
            0.315,
            0.311,
            0.313,
            0.318
        ],
        [
            0.276,
            0.292,
            0.314,
            0.312,
            0.314,
            0.322
        ],
        [
            0.278,
            0.293,
            0.311,
            0.314,
            0.314,
            0.324
        ],
        [
            0.278,
            0.291,
            0.306,
            0.314,
            0.311,
            0.325
        ],
        [
            0.276,
            0.291,
            0.307,
            0.314,
            0.312,
            0.326
        ],
        [
            0.275,
            0.29,
            0.306,
            0.313,
            0.308,
            0.326
        ],
        [
            0.274,
            0.289,
            0.3,
            0.312,
            0.306,
            0.327
        ],
        [
            0.271,
            0.29,
            0.304,
            0.313,
            0.308,
            0.325
        ],
        [
            0.272,
            0.29,
            0.303,
            0.312,
            0.308,
            0.323
        ],
        [
            0.272,
            0.29,
            0.308,
            0.311,
            0.306,
            0.322
        ],
        [
            0.273,
            0.293,
            0.309,
            0.31,
            0.305,
            0.32
        ],
        [
            0.273,
            0.291,
            0.31,
            0.308,
            0.303,
            0.32
        ],
        [
            0.275,
            0.293,
            0.309,
            0.308,
            0.307,
            0.32
        ],
        [
            0.274,
            0.286,
            0.307,
            0.311,
            0.307,
            0.316
        ],
        [
            0.275,
            0.286,
            0.308,
            0.308,
            0.306,
            0.317
        ],
        [
            0.276,
            0.286,
            0.309,
            0.309,
            0.308,
            0.319
        ],
        [
            0.273,
            0.286,
            0.309,
            0.307,
            0.306,
            0.314
        ],
        [
            0.276,
            0.29,
            0.31,
            0.308,
            0.307,
            0.32
        ],
        [
            0.276,
            0.289,
            0.308,
            0.31,
            0.306,
            0.321
        ],
        [
            0.277,
            0.291,
            0.307,
            0.311,
            0.308,
            0.322
        ],
        [
            0.278,
            0.291,
            0.312,
            0.306,
            0.309,
            0.326
        ],
        [
            0.278,
            0.291,
            0.31,
            0.308,
            0.311,
            0.327
        ],
        [
            0.276,
            0.29,
            0.311,
            0.311,
            0.311,
            0.324
        ],
        [
            0.276,
            0.29,
            0.309,
            0.311,
            0.313,
            0.321
        ],
        [
            0.274,
            0.289,
            0.31,
            0.314,
            0.313,
            0.321
        ],
        [
            0.275,
            0.29,
            0.307,
            0.312,
            0.312,
            0.316
        ],
        [
            0.278,
            0.289,
            0.305,
            0.309,
            0.309,
            0.321
        ],
        [
            0.279,
            0.289,
            0.308,
            0.313,
            0.311,
            0.321
        ],
        [
            0.284,
            0.298,
            0.313,
            0.316,
            0.309,
            0.323
        ],
        [
            0.293,
            0.304,
            0.318,
            0.318,
            0.31,
            0.328
        ],
        [
            0.305,
            0.313,
            0.322,
            0.318,
            0.312,
            0.324
        ],
        [
            0.311,
            0.325,
            0.329,
            0.314,
            0.313,
            0.326
        ],
        [
            0.316,
            0.323,
            0.322,
            0.315,
            0.313,
            0.326
        ],
        [
            0.314,
            0.324,
            0.325,
            0.315,
            0.308,
            0.322
        ],
        [
            0.313,
            0.322,
            0.326,
            0.316,
            0.307,
            0.322
        ],
        [
            0.314,
            0.322,
            0.328,
            0.315,
            0.307,
            0.321
        ],
        [
            0.315,
