{
    "event_type": "flower_visit",
    "event_id": "flower_2_20260409163953740934",
    "flower_id": "flower_2",
    "background_dist": 0.31,
    "start_time": 1775770791.207059,
    "end_time": 1775770793.7407732,
    "num_scans": 38,
    "angles": [
        163,
        164,
        165,
        166,
        167,
        168,
        169,
        170
    ],
    "distance_series": [
        [
            0.312,
            0.3,
            0.289,
            0.28,
            0.27,
            0.269,
            0.304,
            0.329
        ],
        [
            0.308,
            0.302,
            0.299,
            0.291,
            0.283,
            0.27,
            0.303,
            0.331
        ],
        [
            0.307,
            0.292,
            0.301,
            0.291,
            0.285,
            0.272,
            0.304,
            0.322
        ],
        [
            0.309,
            0.296,
            0.306,
            0.292,
            0.276,
            0.275,
            0.302,
            0.321
        ],
        [
            0.315,
            0.302,
            0.301,
            0.286,
            0.268,
            0.282,
            0.301,
            0.315
        ],
        [
            0.312,
            0.297,
            0.296,
            0.28,
            0.264,
            0.289,
            0.3,
            0.317
        ],
        [
            0.317,
            0.3,
            0.291,
            0.27,
            0.26,
            0.285,
            0.3,
            0.324
        ],
        [
            0.314,
            0.292,
            0.288,
            0.257,
            0.268,
            0.291,
            0.296,
            0.325
        ],
        [
            0.318,
            0.289,
            0.284,
            0.256,
            0.274,
            0.299,
            0.301,
            0.329
        ],
        [
            0.323,
            0.295,
            0.289,
            0.263,
            0.275,
            0.3,
            0.302,
            0.33
        ],
        [
            0.32,
            0.299,
            0.297,
            0.268,
            0.275,
            0.294,
            0.304,
            0.328
        ],
        [
            0.321,
            0.3,
            0.301,
            0.271,
            0.268,
            0.284,
            0.296,
            0.325
        ],
        [
            0.314,
            0.301,
            0.299,
            0.28,
            0.272,
            0.273,
            0.287,
            0.322
        ],
        [
            0.31,
            0.3,
            0.297,
            0.279,
            0.275,
            0.263,
            0.281,
            0.322
        ],
        [
            0.309,
            0.294,
            0.292,
            0.28,
            0.273,
            0.26,
            0.284,
            0.321
        ],
        [
            0.306,
            0.299,
            0.295,
            0.283,
            0.269,
            0.265,
            0.293,
            0.322
        ],
        [
            0.305,
            0.296,
            0.293,
            0.277,
            0.262,
            0.278,
            0.297,
            0.327
        ],
        [
            0.305,
            0.293,
            0.294,
            0.274,
            0.263,
            0.29,
            0.303,
            0.322
        ],
        [
            0.307,
            0.298,
            0.286,
            0.27,
            0.259,
            0.293,
            0.303,
            0.319
        ],
        [
            0.313,
            0.293,
            0.279,
            0.265,
            0.264,
            0.294,
            0.304,
            0.314
        ],
        [
            0.314,
            0.293,
            0.276,
            0.265,
            0.27,
            0.295,
            0.304,
            0.308
        ],
        [
            0.309,
            0.292,
            0.273,
            0.268,
            0.266,
            0.297,
            0.303,
            0.314
        ],
        [
            0.312,
            0.297,
            0.278,
            0.269,
            0.264,
            0.302,
            0.302,
            0.319
        ],
        [
            0.306,
            0.298,
            0.283,
            0.267,
            0.261,
            0.301,
            0.301,
            0.323
        ],
        [
            0.312,
            0.3,
            0.286,
            0.267,
            0.258,
            0.296,
            0.304,
            0.323
        ],
        [
            0.319,
            0.303,
            0.289,
            0.274,
            0.262,
            0.291,
            0.301,
            0.319
        ],
        [
            0.317,
            0.297,
            0.291,
            0.272,
            0.261,
            0.291,
            0.301,
            0.32
        ],
        [
            0.318,
            0.288,
            0.281,
            0.27,
            0.259,
            0.284,
            0.299,
            0.321
        ],
        [
            0.316,
            0.29,
            0.283,
            0.276,
            0.268,
            0.289,
            0.301,
            0.323
        ],
        [
            0.315,
            0.291,
            0.282,
            0.279,
            0.274,
            0.287,
            0.302,
            0.322
        ],
        [
            0.316,
            0.291,
            0.284,
            0.291,
            0.284,
            0.287,
            0.302,
            0.322
        ],
        [
            0.316,
            0.304,
            0.297,
            0.302,
            0.294,
            0.3,
            0.304,
            0.319
        ],
        [
            0.319,
            0.304,
            0.298,
            0.298,
            0.294,
            0.302,
            0.298,
            0.32
        ],
        [
            0.323,
            0.3,
            0.297,
            0.299,
            0.297,
            0.306,
            0.303,
            0.322
        ],
        [
            0.324,
            0.306,
            0.297,
            0.299,
            0.297,
            0.306,
            0.307,
            0.322
        ],
        [
            0.318,
            0.301,
            0.295,
            0.298,
            0.299,
            0.302,
            0.306,
            0.322
        ],
        [
            0.314,
            0.305,
            0.296,
            0.306,
            0.298,
            0.303,
            0.308,
            0.316
        ],
        [
            0.312,
            0.311,
            0.298,
            0.303,
            0.3,
            0.304,
            0.308,
            0.312
        ]
    ],
    "timestamp": "2026-04-09T16:39:53.741024",
    "label": "bee"
}