{
    "event_type": "flower_visit",
    "event_id": "flower_2_20260410192410431439",
    "flower_id": "flower_2",
    "background_dist": 0.25,
    "start_time": 1775867046.965002,
    "end_time": 1775867050.431275,
    "num_scans": 52,
    "angles": [
        171,
        172,
        173,
        174,
        175,
        176,
        177,
        178,
        179,
        180,
        181,
        182,
        183
    ],
    "distance_series": [
        [
            0.259,
            0.209,
            0.205,
            0.209,
            0.218,
            0.223,
            0.219,
            0.225,
            0.229,
            0.239,
            0.249,
            0.257,
            0.342
        ],
        [
            0.197,
            0.205,
            0.201,
            0.211,
            0.224,
            0.235,
            0.228,
            0.229,
            0.238,
            0.243,
            0.248,
            0.261,
            0.337
        ],
        [
            0.198,
            0.208,
            0.199,
            0.209,
            0.219,
            0.24,
            0.237,
            0.236,
            0.238,
            0.246,
            0.246,
            0.262,
            0.371
        ],
        [
            0.257,
            0.219,
            0.209,
            0.218,
            0.219,
            0.228,
            0.232,
            0.235,
            0.24,
            0.246,
            0.243,
            0.264,
            0.367
        ],
        [
            0.327,
            0.227,
            0.219,
            0.219,
            0.22,
            0.227,
            0.226,
            0.232,
            0.239,
            0.239,
            0.25,
            0.261,
            0.322
        ],
        [
            0.394,
            0.24,
            0.232,
            0.229,
            0.226,
            0.223,
            0.226,
            0.222,
            0.231,
            0.236,
            0.249,
            0.253,
            0.287
        ],
        [
            0.465,
            0.25,
            0.239,
            0.237,
            0.232,
            0.228,
            0.222,
            0.219,
            0.224,
            0.222,
            0.243,
            0.243,
            0.256
        ],
        [
            0.469,
            0.25,
            0.241,
            0.239,
            0.237,
            0.236,
            0.23,
            0.211,
            0.213,
            0.221,
            0.24,
            0.24,
            0.287
        ],
        [
            0.464,
            0.248,
            0.239,
            0.237,
            0.238,
            0.234,
            0.228,
            0.216,
            0.215,
            0.224,
            0.239,
            0.24,
            0.319
        ],
        [
            0.853,
            0.246,
            0.233,
            0.234,
            0.227,
            0.227,
            0.224,
            0.224,
            0.224,
            0.232,
            0.24,
            0.242,
            0.357
        ],
        [
            0.789,
            0.241,
            0.226,
            0.228,
            0.226,
            0.224,
            0.224,
            0.224,
            0.23,
            0.238,
            0.247,
            0.252,
            0.4
        ],
        [
            0.718,
            0.228,
            0.212,
            0.221,
            0.221,
            0.22,
            0.226,
            0.23,
            0.236,
            0.242,
            0.25,
            0.251,
            0.403
        ],
        [
            0.65,
            0.214,
            0.208,
            0.213,
            0.221,
            0.219,
            0.233,
            0.234,
            0.232,
            0.244,
            0.245,
            0.259,
            0.374
        ],
        [
            0.243,
            0.2,
            0.198,
            0.207,
            0.228,
            0.228,
            0.235,
            0.235,
            0.231,
            0.243,
            0.25,
            0.261,
            0.336
        ],
        [
            0.258,
            0.207,
            0.206,
            0.211,
            0.221,
            0.23,
            0.237,
            0.234,
            0.232,
            0.247,
            0.252,
            0.257,
            0.298
        ],
        [
            0.715,
            0.22,
            0.221,
            0.218,
            0.222,
            0.219,
            0.228,
            0.235,
            0.237,
            0.244,
            0.25,
            0.257,
            0.292
        ],
        [
            0.786,
            0.233,
            0.234,
            0.227,
            0.223,
            0.22,
            0.227,
            0.233,
            0.238,
            0.246,
            0.25,
            0.262,
            0.328
        ],
        [
            0.861,
            0.242,
            0.249,
            0.233,
            0.226,
            0.223,
            0.222,
            0.229,
            0.244,
            0.245,
            0.251,
            0.264,
            0.37
        ],
        [
            0.866,
            0.244,
            0.249,
            0.238,
            0.234,
            0.219,
            0.218,
            0.231,
            0.243,
            0.24,
            0.25,
            0.265,
            0.366
        ],
        [
            0.87,
            0.243,
            0.248,
            0.232,
            0.234,
            0.219,
            0.222,
            0.235,
            0.243,
            0.241,
            0.251,
            0.266,
            0.364
        ],
        [
            0.791,
            0.24,
            0.245,
            0.235,
            0.229,
            0.22,
            0.225,
            0.237,
            0.245,
            0.24,
            0.251,
            0.264,
            0.358
        ],
        [
            0.721,
            0.234,
            0.235,
            0.223,
            0.214,
            0.224,
            0.227,
            0.236,
            0.245,
            0.241,
            0.249,
            0.261,
            0.319
        ],
        [
            0.646,
            0.23,
            0.228,
            0.209,
            0.213,
            0.225,
            0.233,
            0.236,
            0.244,
            0.242,
            0.251,
            0.259,
            0.326
        ],
        [
            0.263,
            0.22,
            0.217,
            0.202,
            0.214,
            0.234,
            0.229,
            0.232,
            0.243,
            0.241,
            0.25,
            0.259,
            0.331
        ],
        [
            0.202,
            0.217,
            0.212,
            0.198,
            0.221,
            0.237,
            0.231,
            0.235,
            0.245,
            0.24,
            0.254,
            0.255,
            0.346
        ],
        [
            0.272,
            0.22,
            0.215,
            0.204,
            0.22,
            0.23,
            0.237,
            0.239,
            0.242,
            0.24,
            0.256,
            0.257,
            0.347
        ],
        [
            0.339,
            0.225,
            0.219,
            0.211,
            0.224,
            0.221,
            0.234,
            0.245,
            0.244,
            0.242,
            0.254,
            0.257,
            0.385
        ],
        [
            0.406,
            0.234,
            0.227,
            0.227,
            0.226,
            0.214,
            0.237,
            0.247,
            0.242,
            0.241,
            0.252,
            0.26,
            0.385
        ],
        [
            0.461,
            0.238,
            0.235,
            0.236,
            0.228,
