{
    "event_type": "flower_visit",
    "event_id": "flower_2_20260409163308012256",
    "flower_id": "flower_2",
    "background_dist": 0.42,
    "start_time": 1775770385.012191,
    "end_time": 1775770388.012086,
    "num_scans": 45,
    "angles": [
        194,
        195,
        196,
        197,
        198,
        199,
        200
    ],
    "distance_series": [
        [
            0.496,
            0.371,
            0.374,
            0.416,
            0.426,
            0.439,
            0.552
        ],
        [
            0.491,
            0.37,
            0.378,
            0.42,
            0.425,
            0.433,
            0.549
        ],
        [
            0.485,
            0.373,
            0.378,
            0.419,
            0.426,
            0.435,
            0.545
        ],
        [
            0.479,
            0.377,
            0.378,
            0.417,
            0.418,
            0.436,
            0.545
        ],
        [
            0.476,
            0.383,
            0.381,
            0.412,
            0.416,
            0.437,
            0.546
        ],
        [
            0.474,
            0.386,
            0.378,
            0.409,
            0.417,
            0.443,
            0.548
        ],
        [
            0.472,
            0.39,
            0.374,
            0.408,
            0.415,
            0.441,
            0.547
        ],
        [
            0.474,
            0.393,
            0.377,
            0.407,
            0.417,
            0.443,
            0.549
        ],
        [
            0.478,
            0.396,
            0.379,
            0.41,
            0.418,
            0.443,
            0.551
        ],
        [
            0.484,
            0.4,
            0.378,
            0.416,
            0.42,
            0.445,
            0.552
        ],
        [
            0.493,
            0.405,
            0.383,
            0.417,
            0.42,
            0.448,
            0.549
        ],
        [
            0.495,
            0.4,
            0.383,
            0.419,
            0.42,
            0.448,
            0.545
        ],
        [
            0.496,
            0.399,
            0.382,
            0.41,
            0.422,
            0.45,
            0.546
        ],
        [
            0.492,
            0.404,
            0.385,
            0.411,
            0.421,
            0.451,
            0.546
        ],
        [
            0.493,
            0.4,
            0.382,
            0.406,
            0.419,
            0.448,
            0.549
        ],
        [
            0.492,
            0.406,
            0.38,
            0.408,
            0.423,
            0.445,
            0.548
        ],
        [
            0.49,
            0.406,
            0.383,
            0.408,
            0.421,
            0.444,
            0.551
        ],
        [
            0.491,
            0.402,
            0.38,
            0.409,
            0.417,
            0.443,
            0.55
        ],
        [
            0.486,
            0.41,
            0.379,
            0.413,
            0.419,
            0.447,
            0.546
        ],
        [
            0.489,
            0.405,
            0.379,
            0.412,
            0.422,
            0.449,
            0.549
        ],
        [
            0.488,
            0.409,
            0.382,
            0.41,
            0.422,
            0.45,
            0.549
        ],
        [
            0.491,
            0.413,
            0.387,
            0.411,
            0.422,
            0.45,
            0.55
        ],
        [
            0.491,
            0.41,
            0.389,
            0.409,
            0.422,
            0.446,
            0.551
        ],
        [
            0.488,
            0.413,
            0.389,
            0.414,
            0.419,
            0.447,
            0.553
        ],
        [
            0.488,
            0.409,
            0.382,
            0.418,
            0.42,
            0.446,
            0.552
        ],
        [
            0.486,
            0.404,
            0.379,
            0.414,
            0.419,
            0.444,
            0.551
        ],
        [
            0.485,
            0.405,
            0.384,
            0.415,
            0.418,
            0.444,
            0.553
        ],
        [
            0.486,
            0.401,
            0.383,
            0.418,
            0.426,
            0.442,
            0.553
        ],
        [
            0.489,
            0.405,
            0.39,
            0.411,
            0.428,
            0.446,
            0.55
        ],
        [
            0.488,
            0.409,
            0.381,
            0.414,
            0.426,
            0.446,
            0.551
        ],
        [
            0.489,
            0.417,
            0.38,
            0.415,
            0.426,
            0.448,
            0.556
        ],
        [
            0.491,
            0.424,
            0.38,
            0.416,
            0.419,
            0.449,
            0.554
        ],
        [
            0.492,
            0.417,
            0.386,
            0.419,
            0.417,
            0.448,
            0.554
        ],
        [
            0.492,
            0.42,
            0.389,
            0.419,
            0.418,
            0.448,
            0.549
        ],
        [
            0.492,
            0.417,
            0.388,
            0.414,
            0.423,
            0.443,
            0.549
        ],
        [
            0.487,
            0.412,
            0.382,
            0.411,
            0.422,
            0.442,
            0.55
        ],
        [
            0.484,
            0.412,
            0.382,
            0.41,
            0.424,
            0.441,
            0.549
        ],
        [
            0.487,
            0.409,
            0.386,
            0.413,
            0.421,
            0.438,
            0.552
        ],
        [
            0.487,
            0.415,
            0.387,
            0.415,
            0.421,
            0.44,
            0.552
        ],
        [
            0.489,
            0.422,
            0.393,
            0.416,
            0.423,
            0.438,
            0.554
        ],
        [
            0.488,
            0.421,
            0.4,
            0.412,
            0.423,
            0.437,
            0.552
        ],
        [
            0.483,
            0.42,
            0.41,
            0.413,
            0.425,
            0.439,
            0.551
        ],
        [
            0.482,
            0.424,
            0.418,
            0.414,
            0.424,
            0.441,
            0.549
        ],
        [
            0.483,
            0.424,
            0.417,
            0.422,
            0.422,
            0.441,
            0.546
        ],
        [
            0.482,
            0.429,
            0.422,
            0.422,
            0.422,
            0.444,
            0.547
        ]
    ],
    "timestamp": "2026-04-09T16:33:08.012341",
    "label": "bee"
}