{
    "event_type": "flower_visit",
    "event_id": "flower_2_20260410191557700436",
    "flower_id": "flower_2",
    "background_dist": 0.25,
    "start_time": 1775866556.299984,
    "end_time": 1775866557.700259,
    "num_scans": 21,
    "angles": [
        171,
        172,
        173,
        174,
        175,
        176,
        177,
        178,
        179,
        180,
        181,
        182,
        183
    ],
    "distance_series": [
        [
            0.264,
            0.222,
            0.22,
            0.222,
            0.227,
            0.225,
            0.232,
            0.237,
            0.241,
            0.246,
            0.252,
            0.266,
            0.338
        ],
        [
            0.265,
            0.221,
            0.23,
            0.231,
            0.229,
            0.231,
            0.23,
            0.238,
            0.245,
            0.244,
            0.252,
            0.269,
            0.29
        ],
        [
            0.205,
            0.207,
            0.219,
            0.226,
            0.231,
            0.231,
            0.228,
            0.239,
            0.244,
            0.247,
            0.249,
            0.267,
            0.29
        ],
        [
            0.205,
            0.215,
            0.227,
            0.235,
            0.236,
            0.242,
            0.239,
            0.239,
            0.241,
            0.243,
            0.251,
            0.267,
            0.268
        ],
        [
            0.197,
            0.209,
            0.228,
            0.229,
            0.238,
            0.24,
            0.238,
            0.239,
            0.236,
            0.246,
            0.251,
            0.266,
            0.265
        ],
        [
            0.192,
            0.205,
            0.221,
            0.213,
            0.226,
            0.232,
            0.235,
            0.237,
            0.234,
            0.244,
            0.254,
            0.263,
            0.265
        ],
        [
            0.193,
            0.204,
            0.216,
            0.217,
            0.221,
            0.23,
            0.234,
            0.237,
            0.234,
            0.246,
            0.254,
            0.263,
            0.285
        ],
        [
            0.258,
            0.204,
            0.212,
            0.224,
            0.221,
            0.226,
            0.234,
            0.239,
            0.233,
            0.248,
            0.249,
            0.259,
            0.325
        ],
        [
            0.321,
            0.214,
            0.218,
            0.214,
            0.213,
            0.223,
            0.233,
            0.242,
            0.239,
            0.248,
            0.248,
            0.259,
            0.369
        ],
        [
            0.324,
            0.215,
            0.218,
            0.22,
            0.218,
            0.231,
            0.232,
            0.245,
            0.237,
            0.244,
            0.243,
            0.259,
            0.363
        ],
        [
            0.377,
            0.23,
            0.23,
            0.226,
            0.219,
            0.231,
            0.231,
            0.243,
            0.239,
            0.244,
            0.242,
            0.254,
            0.326
        ],
        [
            0.308,
            0.215,
            0.225,
            0.221,
            0.221,
            0.232,
            0.23,
            0.237,
            0.243,
            0.243,
            0.248,
            0.255,
            0.286
        ],
        [
            0.256,
            0.209,
            0.214,
            0.219,
            0.229,
            0.23,
            0.23,
            0.238,
            0.24,
            0.244,
            0.252,
            0.257,
            0.254
        ],
        [
            0.263,
            0.225,
            0.223,
            0.226,
            0.238,
            0.235,
            0.231,
            0.237,
            0.241,
            0.245,
            0.247,
            0.261,
            0.287
        ],
        [
            0.269,
            0.226,
            0.222,
            0.226,
            0.239,
            0.233,
            0.236,
            0.241,
            0.236,
            0.248,
            0.249,
            0.259,
            0.288
        ],
        [
            0.278,
            0.239,
            0.233,
            0.228,
            0.233,
            0.236,
            0.235,
            0.238,
            0.234,
            0.249,
            0.243,
            0.264,
            0.323
        ],
        [
            0.275,
            0.251,
            0.245,
            0.234,
            0.234,
            0.239,
            0.238,
            0.237,
            0.237,
            0.245,
            0.248,
            0.263,
            0.322
        ],
        [
            0.334,
            0.243,
            0.243,
            0.24,
            0.232,
            0.237,
            0.238,
            0.238,
            0.239,
            0.246,
            0.248,
            0.258,
            0.322
        ],
        [
            0.271,
            0.237,
            0.245,
            0.238,
            0.235,
            0.241,
            0.244,
            0.236,
            0.24,
            0.246,
            0.246,
            0.26,
            0.322
        ],
        [
            0.26,
            0.228,
            0.242,
            0.239,
            0.234,
            0.242,
            0.239,
            0.239,
            0.244,
            0.248,
            0.249,
            0.256,
            0.294
        ],
        [
            0.328,
            0.233,
            0.242,
            0.237,
            0.239,
            0.241,
            0.239,
            0.237,
            0.244,
            0.243,
            0.247,
            0.257,
            0.292
        ]
    ],
    "timestamp": "2026-04-10T19:15:57.700519",
    "label": "bee"
}