{
    "event_type": "flower_visit",
    "event_id": "flower_2_20260410194828286517",
    "flower_id": "flower_2",
    "background_dist": 0.28,
    "start_time": 1775868503.549931,
    "end_time": 1775868508.286344,
    "num_scans": 71,
    "angles": [
        144,
        145,
        146,
        147,
        148,
        149,
        150,
        151,
        152,
        153
    ],
    "distance_series": [
        [
            0.242,
            0.251,
            0.247,
            0.245,
            0.237,
            0.242,
            0.245,
            0.253,
            0.255,
            0.246
        ],
        [
            0.242,
            0.252,
            0.245,
            0.242,
            0.236,
            0.246,
            0.243,
            0.251,
            0.254,
            0.249
        ],
        [
            0.247,
            0.246,
            0.244,
            0.244,
            0.237,
            0.245,
            0.244,
            0.251,
            0.254,
            0.258
        ],
        [
            0.248,
            0.247,
            0.244,
            0.242,
            0.236,
            0.246,
            0.244,
            0.25,
            0.256,
            0.265
        ],
        [
            0.243,
            0.247,
            0.243,
            0.238,
            0.233,
            0.245,
            0.248,
            0.255,
            0.262,
            0.276
        ],
        [
            0.243,
            0.243,
            0.244,
            0.242,
            0.236,
            0.247,
            0.247,
            0.256,
            0.261,
            0.281
        ],
        [
            0.242,
            0.247,
            0.244,
            0.242,
            0.23,
            0.243,
            0.249,
            0.25,
            0.264,
            0.279
        ],
        [
            0.244,
            0.243,
            0.247,
            0.238,
            0.238,
            0.242,
            0.252,
            0.252,
            0.259,
            0.278
        ],
        [
            0.247,
            0.241,
            0.25,
            0.244,
            0.238,
            0.242,
            0.252,
            0.253,
            0.269,
            0.278
        ],
        [
            0.245,
            0.244,
            0.244,
            0.24,
            0.241,
            0.242,
            0.25,
            0.248,
            0.263,
            0.27
        ],
        [
            0.242,
            0.242,
            0.244,
            0.24,
            0.242,
            0.242,
            0.25,
            0.253,
            0.258,
            0.262
        ],
        [
            0.242,
            0.242,
            0.243,
            0.245,
            0.239,
            0.243,
            0.245,
            0.252,
            0.256,
            0.258
        ],
        [
            0.242,
            0.244,
            0.24,
            0.242,
            0.243,
            0.242,
            0.244,
            0.252,
            0.254,
            0.258
        ],
        [
            0.243,
            0.242,
            0.24,
            0.247,
            0.24,
            0.24,
            0.245,
            0.254,
            0.251,
            0.263
        ],
        [
            0.247,
            0.24,
            0.242,
            0.248,
            0.239,
            0.244,
            0.249,
            0.247,
            0.249,
            0.264
        ],
        [
            0.256,
            0.242,
            0.243,
            0.244,
            0.239,
            0.242,
            0.248,
            0.249,
            0.251,
            0.264
        ],
        [
            0.26,
            0.243,
            0.242,
            0.243,
            0.236,
            0.24,
            0.246,
            0.247,
            0.249,
            0.26
        ],
        [
            0.267,
            0.246,
            0.242,
            0.244,
            0.23,
            0.239,
            0.246,
            0.244,
            0.251,
            0.262
        ],
        [
            0.267,
            0.251,
            0.239,
            0.245,
            0.228,
            0.237,
            0.247,
            0.247,
            0.253,
            0.264
        ],
        [
            0.269,
            0.255,
            0.239,
            0.245,
            0.224,
            0.236,
            0.247,
            0.243,
            0.257,
            0.266
        ],
        [
            0.269,
            0.256,
            0.237,
            0.247,
            0.229,
            0.233,
            0.239,
            0.243,
            0.257,
            0.266
        ],
        [
            0.271,
            0.259,
            0.238,
            0.242,
            0.232,
            0.234,
            0.246,
            0.244,
            0.256,
            0.254
        ],
        [
            0.273,
            0.259,
            0.242,
            0.245,
            0.239,
            0.24,
            0.244,
            0.242,
            0.252,
            0.249
        ],
        [
            0.27,
            0.264,
            0.242,
            0.243,
            0.239,
            0.241,
            0.244,
            0.239,
            0.249,
            0.246
        ],
        [
            0.268,
            0.266,
            0.244,
            0.243,
            0.238,
            0.245,
            0.245,
            0.245,
            0.249,
            0.253
        ],
        [
            0.271,
            0.26,
            0.246,
            0.245,
            0.237,
            0.246,
            0.251,
            0.243,
            0.253,
            0.259
        ],
        [
            0.272,
            0.259,
            0.246,
            0.247,
            0.239,
            0.247,
            0.249,
            0.247,
            0.258,
            0.265
        ],
        [
            0.274,
            0.256,
            0.247,
            0.247,
            0.24,
            0.247,
            0.254,
            0.249,
            0.258,
            0.268
        ],
        [
            0.276,
            0.254,
            0.246,
            0.248,
            0.236,
            0.248,
            0.255,
            0.248,
            0.258,
            0.268
        ],
        [
            0.279,
            0.26,
            0.245,
            0.247,
            0.241,
            0.245,
            0.252,
            0.248,
            0.258,
            0.264
        ],
        [
            0.278,
            0.265,
            0.245,
            0.248,
            0.241,
            0.247,
            0.251,
            0.249,
            0.254,
            0.264
        ],
        [
            0.285,
            0.268,
            0.237,
            0.246,
            0.236,
            0.24,
            0.248,
            0.246,
            0.252,
            0.265
        ],
        [
            0.287,
            0.275,
            0.239,
            0.248,
            0.241,
            0.24,
            0.248,
            0.246,
            0.254,
            0.266
        ],
        [
            0.282,
            0.274,
            0.241,
            0.246,
            0.24,
            0.239,
            0.25,
            0.247,
            0.253,
            0.262
        ],
        [
            0.279,
            0.27,
            0.243,
            0.247,
            0.241,
            0.239,
            0.248,
            0.249,
            0.253,
            0.257
        ],
        [
            0.274,
            0.263,
            0.251,
            0.248,
            0.243,
            0.243,
            0.247,
            0.25,
            0.253,
            0.255
        ],
        [
            0.273,
            0.263,
