{
    "event_type": "flower_visit",
    "event_id": "flower_1_20260410191708035135",
    "flower_id": "flower_1",
    "background_dist": 0.38,
    "start_time": 1775866625.0344498,
    "end_time": 1775866628.034973,
    "num_scans": 45,
    "angles": [
        128,
        129,
        130,
        131,
        132,
        133,
        134
    ],
    "distance_series": [
        [
            0.4,
            0.344,
            0.337,
            0.355,
            0.374,
            0.376,
            0.376
        ],
        [
            0.387,
            0.33,
            0.349,
            0.368,
            0.373,
            0.379,
            0.381
        ],
        [
            0.35,
            0.338,
            0.356,
            0.368,
            0.372,
            0.373,
            0.377
        ],
        [
            0.397,
            0.338,
            0.365,
            0.373,
            0.372,
            0.375,
            0.373
        ],
        [
            0.404,
            0.338,
            0.363,
            0.367,
            0.37,
            0.379,
            0.375
        ],
        [
            0.419,
            0.344,
            0.358,
            0.365,
            0.371,
            0.375,
            0.377
        ],
        [
            0.42,
            0.339,
            0.357,
            0.366,
            0.372,
            0.376,
            0.377
        ],
        [
            0.371,
            0.34,
            0.341,
            0.362,
            0.372,
            0.374,
            0.379
        ],
        [
            0.406,
            0.338,
            0.341,
            0.368,
            0.37,
            0.37,
            0.38
        ],
        [
            0.44,
            0.341,
            0.347,
            0.371,
            0.367,
            0.379,
            0.377
        ],
        [
            0.424,
            0.334,
            0.345,
            0.366,
            0.366,
            0.382,
            0.379
        ],
        [
            0.421,
            0.33,
            0.353,
            0.372,
            0.371,
            0.382,
            0.382
        ],
        [
            0.429,
            0.337,
            0.355,
            0.371,
            0.374,
            0.379,
            0.387
        ],
        [
            0.437,
            0.34,
            0.347,
            0.37,
            0.378,
            0.379,
            0.378
        ],
        [
            0.45,
            0.341,
            0.345,
            0.368,
            0.378,
            0.377,
            0.376
        ],
        [
            0.462,
            0.355,
            0.344,
            0.36,
            0.37,
            0.373,
            0.375
        ],
        [
            0.428,
            0.361,
            0.343,
            0.362,
            0.367,
            0.376,
            0.375
        ],
        [
            0.417,
            0.35,
            0.35,
            0.357,
            0.37,
            0.375,
            0.377
        ],
        [
            0.4,
            0.344,
            0.35,
            0.363,
            0.366,
            0.371,
            0.384
        ],
        [
            0.383,
            0.333,
            0.358,
            0.369,
            0.368,
            0.373,
            0.373
        ],
        [
            0.363,
            0.321,
            0.361,
            0.37,
            0.375,
            0.369,
            0.374
        ],
        [
            0.317,
            0.322,
            0.355,
            0.365,
            0.371,
            0.374,
            0.369
        ],
        [
            0.327,
            0.325,
            0.351,
            0.365,
            0.378,
            0.377,
            0.373
        ],
        [
            0.345,
            0.337,
            0.343,
            0.363,
            0.379,
            0.375,
            0.378
        ],
        [
            0.391,
            0.332,
            0.335,
            0.352,
            0.376,
            0.376,
            0.38
        ],
        [
            0.451,
            0.337,
            0.34,
            0.343,
            0.372,
            0.374,
            0.387
        ],
        [
            0.455,
            0.334,
            0.337,
            0.344,
            0.371,
            0.372,
            0.387
        ],
        [
            0.445,
            0.325,
            0.342,
            0.348,
            0.367,
            0.372,
            0.384
        ],
        [
            0.402,
            0.324,
            0.348,
            0.354,
            0.36,
            0.37,
            0.385
        ],
        [
            0.342,
            0.32,
            0.359,
            0.372,
            0.365,
            0.37,
            0.382
        ],
        [
            0.373,
            0.318,
            0.36,
            0.372,
            0.369,
            0.369,
            0.381
        ],
        [
            0.377,
            0.321,
            0.351,
            0.367,
            0.365,
            0.372,
            0.381
        ],
        [
            0.413,
            0.325,
            0.342,
            0.369,
            0.366,
            0.377,
            0.383
        ],
        [
            0.459,
            0.336,
            0.341,
            0.36,
            0.367,
            0.383,
            0.38
        ],
        [
            0.43,
            0.35,
            0.338,
            0.354,
            0.363,
            0.378,
            0.376
        ],
        [
            0.477,
            0.349,
            0.326,
            0.34,
            0.365,
            0.378,
            0.381
        ],
        [
            0.452,
            0.364,
            0.337,
            0.343,
            0.362,
            0.38,
            0.381
        ],
        [
            0.456,
            0.368,
            0.346,
            0.351,
            0.364,
            0.378,
            0.385
        ],
        [
            0.462,
            0.377,
            0.358,
            0.359,
            0.365,
            0.375,
            0.379
        ],
        [
            0.422,
            0.394,
            0.377,
            0.369,
            0.37,
            0.374,
            0.384
        ],
        [
            0.46,
            0.393,
            0.373,
            0.373,
            0.37,
            0.376,
            0.378
        ],
        [
            0.466,
            0.391,
            0.373,
            0.371,
            0.375,
            0.377,
            0.374
        ],
        [
            0.498,
            0.392,
            0.376,
            0.371,
            0.375,
            0.376,
            0.377
        ],
        [
            0.496,
            0.388,
            0.369,
            0.375,
            0.377,
            0.373,
            0.377
        ],
        [
            0.492,
            0.387,
            0.369,
            0.374,
            0.379,
            0.376,
            0.383
        ]
    ],
    "timestamp": "2026-04-10T19:17:08.035222",
    "label": "bee"
}