{
    "event_type": "flower_visit",
    "event_id": "flower_1_20260410205008985451",
    "flower_id": "flower_1",
    "background_dist": 0.34,
    "start_time": 1775872204.119102,
    "end_time": 1775872208.985308,
    "num_scans": 73,
    "angles": [
        124,
        125,
        126,
        127,
        128,
        129,
        130,
        131,
        132
    ],
    "distance_series": [
        [
            0.302,
            0.311,
            0.318,
            0.325,
            0.317,
            0.328,
            0.331,
            0.333,
            0.336
        ],
        [
            0.302,
            0.313,
            0.316,
            0.327,
            0.321,
            0.332,
            0.331,
            0.327,
            0.338
        ],
        [
            0.3,
            0.314,
            0.319,
            0.332,
            0.319,
            0.33,
            0.328,
            0.327,
            0.337
        ],
        [
            0.301,
            0.315,
            0.32,
            0.327,
            0.323,
            0.327,
            0.326,
            0.33,
            0.337
        ],
        [
            0.299,
            0.313,
            0.319,
            0.323,
            0.322,
            0.328,
            0.329,
            0.328,
            0.336
        ],
        [
            0.3,
            0.312,
            0.317,
            0.317,
            0.318,
            0.325,
            0.328,
            0.332,
            0.333
        ],
        [
            0.3,
            0.31,
            0.317,
            0.32,
            0.321,
            0.324,
            0.327,
            0.329,
            0.331
        ],
        [
            0.301,
            0.312,
            0.319,
            0.322,
            0.319,
            0.32,
            0.328,
            0.329,
            0.333
        ],
        [
            0.301,
            0.315,
            0.324,
            0.318,
            0.324,
            0.322,
            0.33,
            0.331,
            0.332
        ],
        [
            0.3,
            0.315,
            0.325,
            0.323,
            0.324,
            0.329,
            0.328,
            0.333,
            0.334
        ],
        [
            0.301,
            0.317,
            0.317,
            0.316,
            0.321,
            0.33,
            0.324,
            0.327,
            0.331
        ],
        [
            0.298,
            0.307,
            0.314,
            0.31,
            0.322,
            0.327,
            0.322,
            0.327,
            0.333
        ],
        [
            0.298,
            0.306,
            0.316,
            0.317,
            0.322,
            0.325,
            0.319,
            0.328,
            0.332
        ],
        [
            0.297,
            0.306,
            0.313,
            0.318,
            0.326,
            0.328,
            0.323,
            0.325,
            0.332
        ],
        [
            0.299,
            0.305,
            0.313,
            0.318,
            0.326,
            0.332,
            0.324,
            0.327,
            0.333
        ],
        [
            0.3,
            0.314,
            0.316,
            0.327,
            0.332,
            0.328,
            0.331,
            0.326,
            0.33
        ],
        [
            0.3,
            0.315,
            0.314,
            0.326,
            0.332,
            0.327,
            0.333,
            0.325,
            0.329
        ],
        [
            0.3,
            0.313,
            0.312,
            0.326,
            0.332,
            0.327,
            0.334,
            0.325,
            0.326
        ],
        [
            0.3,
            0.313,
            0.314,
            0.323,
            0.33,
            0.329,
            0.33,
            0.328,
            0.324
        ],
        [
            0.302,
            0.314,
            0.309,
            0.321,
            0.322,
            0.33,
            0.324,
            0.326,
            0.324
        ],
        [
            0.303,
            0.315,
            0.313,
            0.32,
            0.323,
            0.326,
            0.322,
            0.325,
            0.329
        ],
        [
            0.302,
            0.318,
            0.315,
            0.324,
            0.324,
            0.328,
            0.323,
            0.327,
            0.331
        ],
        [
            0.301,
            0.317,
            0.317,
            0.323,
            0.326,
            0.328,
            0.326,
            0.325,
            0.33
        ],
        [
            0.299,
            0.317,
            0.315,
            0.329,
            0.33,
            0.327,
            0.329,
            0.326,
            0.33
        ],
        [
            0.3,
            0.317,
            0.31,
            0.323,
            0.326,
            0.331,
            0.328,
            0.325,
            0.332
        ],
        [
            0.3,
            0.315,
            0.311,
            0.326,
            0.329,
            0.332,
            0.328,
            0.33,
            0.334
        ],
        [
            0.302,
            0.315,
            0.307,
            0.322,
            0.323,
            0.329,
            0.329,
            0.333,
            0.33
        ],
        [
            0.302,
            0.312,
            0.304,
            0.316,
            0.321,
            0.33,
            0.327,
            0.336,
            0.325
        ],
        [
            0.304,
            0.311,
            0.305,
            0.314,
            0.32,
            0.332,
            0.326,
            0.338,
            0.324
        ],
        [
            0.302,
            0.311,
            0.309,
            0.313,
            0.319,
            0.332,
            0.322,
            0.336,
            0.315
        ],
        [
            0.303,
            0.313,
            0.316,
            0.31,
            0.316,
            0.333,
            0.318,
            0.33,
            0.317
        ],
        [
            0.304,
            0.313,
            0.316,
            0.314,
            0.311,
            0.334,
            0.322,
            0.332,
            0.323
        ],
        [
            0.304,
            0.314,
            0.316,
            0.318,
            0.316,
            0.33,
            0.326,
            0.333,
            0.324
        ],
        [
            0.304,
            0.316,
            0.315,
            0.317,
            0.322,
            0.331,
            0.326,
            0.333,
            0.332
        ],
        [
            0.306,
            0.313,
            0.32,
            0.32,
            0.317,
            0.327,
            0.324,
            0.326,
            0.33
        ],
        [
            0.304,
            0.315,
            0.319,
            0.319,
            0.318,
            0.333,
            0.326,
            0.324,
            0.333
        ],
        [
            0.302,
            0.31,
            0.324,
            0.321,
            0.321,
            0.331,
            0.328,
            0.322,
            0.332
        ],
        [
            0.3,
            0.308,
            0.319,
            0.324,
            0.32,
            0.334,
            0.328,
            0.324,
            0.329
        ],
        [
            0.301,
            0.308,
            0.316,
            0.323,
            0.325,
            0.332,
            0.325,
            0.324,
            0.334
        ],
        [
            0.304,
            0.309,
            0.314,
            0.325,
            0.321,
            0.333,
            0.332,
            0.326,
            0.329
        ],
        [
