{
    "event_type": "flower_visit",
    "event_id": "flower_1_20260409163836940720",
    "flower_id": "flower_1",
    "background_dist": 0.2,
    "start_time": 1775770715.8072581,
    "end_time": 1775770716.9405792,
    "num_scans": 17,
    "angles": [
        76,
        77,
        78,
        79,
        80,
        81,
        82,
        83,
        84,
        85,
        86,
        87,
        88
    ],
    "distance_series": [
        [
            0.21,
            0.18,
            0.164,
            0.168,
            0.173,
            0.187,
            0.194,
            0.202,
            0.199,
            0.204,
            0.209,
            0.201,
            0.196
        ],
        [
            0.208,
            0.175,
            0.164,
            0.168,
            0.179,
            0.187,
            0.192,
            0.2,
            0.202,
            0.195,
            0.203,
            0.202,
            0.187
        ],
        [
            0.213,
            0.167,
            0.165,
            0.171,
            0.183,
            0.191,
            0.195,
            0.196,
            0.205,
            0.193,
            0.209,
            0.203,
            0.187
        ],
        [
            0.211,
            0.163,
            0.171,
            0.172,
            0.187,
            0.196,
            0.193,
            0.196,
            0.198,
            0.194,
            0.209,
            0.2,
            0.185
        ],
        [
            0.209,
            0.166,
            0.164,
            0.172,
            0.184,
            0.197,
            0.192,
            0.197,
            0.199,
            0.195,
            0.204,
            0.195,
            0.191
        ],
        [
            0.209,
            0.167,
            0.166,
            0.167,
            0.18,
            0.191,
            0.194,
            0.198,
            0.196,
            0.204,
            0.204,
            0.196,
            0.196
        ],
        [
            0.197,
            0.174,
            0.169,
            0.162,
            0.171,
            0.182,
            0.193,
            0.2,
            0.196,
            0.204,
            0.204,
            0.197,
            0.195
        ],
        [
            0.186,
            0.171,
            0.169,
            0.164,
            0.167,
            0.174,
            0.19,
            0.198,
            0.199,
            0.203,
            0.201,
            0.196,
            2.448
        ],
        [
            0.183,
            0.169,
            0.167,
            0.163,
            0.168,
            0.175,
            0.188,
            0.199,
            0.196,
            0.205,
            0.207,
            0.199,
            2.425
        ],
        [
            0.186,
            0.177,
            0.175,
            0.169,
            0.176,
            0.178,
            0.189,
            0.201,
            0.199,
            0.204,
            0.206,
            0.203,
            2.425
        ],
        [
            0.193,
            0.184,
            0.181,
            0.177,
            0.183,
            0.19,
            0.195,
            0.194,
            0.199,
            0.205,
            0.209,
            0.202,
            2.41
        ],
        [
            0.207,
            0.193,
            0.187,
            0.181,
            0.194,
            0.198,
            0.199,
            0.195,
            0.197,
            0.206,
            0.215,
            0.202,
            0.199
        ],
        [
            0.214,
            0.202,
            0.193,
            0.191,
            0.197,
            0.2,
            0.198,
            0.196,
            0.203,
            0.205,
            0.211,
            0.201,
            0.199
        ],
        [
            0.215,
            0.199,
            0.193,
            0.194,
            0.193,
            0.201,
            0.194,
            0.194,
            0.202,
            0.207,
            0.203,
            0.202,
            0.191
        ],
        [
            0.215,
            0.2,
            0.192,
            0.195,
            0.195,
            0.2,
            0.192,
            0.204,
            0.203,
            0.205,
            0.207,
            0.201,
            0.189
        ],
        [
            0.223,
            0.196,
            0.188,
            0.193,
            0.192,
            0.197,
            0.192,
            0.205,
            0.204,
            0.207,
            0.208,
            0.2,
            0.193
        ],
        [
            0.216,
            0.194,
            0.191,
            0.191,
            0.188,
            0.197,
            0.197,
            0.201,
            0.209,
            0.207,
            0.21,
            0.202,
            0.19
        ]
    ],
    "timestamp": "2026-04-09T16:38:36.940809",
    "label": "bee"
}