{
    "event_type": "flower_visit",
    "event_id": "flower_2_20260409162243022115",
    "flower_id": "flower_2",
    "background_dist": 0.33,
    "start_time": 1775769760.288548,
    "end_time": 1775769763.0219479,
    "num_scans": 41,
    "angles": [
        164,
        165,
        166,
        167,
        168,
        169,
        170
    ],
    "distance_series": [
        [
            0.332,
            0.328,
            0.314,
            0.305,
            0.297,
            0.298,
            0.373
        ],
        [
            0.33,
            0.323,
            0.319,
            0.306,
            0.297,
            0.295,
            0.335
        ],
        [
            0.333,
            0.318,
            0.324,
            0.31,
            0.3,
            0.3,
            0.315
        ],
        [
            0.332,
            0.321,
            0.325,
            0.314,
            0.303,
            0.3,
            0.312
        ],
        [
            0.329,
            0.321,
            0.328,
            0.308,
            0.303,
            0.297,
            0.326
        ],
        [
            0.329,
            0.326,
            0.328,
            0.303,
            0.301,
            0.3,
            0.358
        ],
        [
            0.322,
            0.318,
            0.323,
            0.303,
            0.298,
            0.294,
            0.379
        ],
        [
            0.321,
            0.315,
            0.313,
            0.3,
            0.299,
            0.291,
            0.386
        ],
        [
            0.321,
            0.324,
            0.305,
            0.299,
            0.302,
            0.29,
            0.383
        ],
        [
            0.323,
            0.321,
            0.307,
            0.299,
            0.298,
            0.288,
            0.351
        ],
        [
            0.323,
            0.324,
            0.308,
            0.3,
            0.303,
            0.291,
            0.325
        ],
        [
            0.325,
            0.326,
            0.315,
            0.307,
            0.304,
            0.297,
            0.304
        ],
        [
            0.328,
            0.325,
            0.325,
            0.311,
            0.301,
            0.298,
            0.286
        ],
        [
            0.331,
            0.327,
            0.325,
            0.315,
            0.3,
            0.295,
            0.285
        ],
        [
            0.328,
            0.33,
            0.318,
            0.312,
            0.296,
            0.292,
            0.291
        ],
        [
            0.328,
            0.327,
            0.316,
            0.302,
            0.292,
            0.287,
            0.309
        ],
        [
            0.327,
            0.323,
            0.311,
            0.293,
            0.298,
            0.284,
            0.33
        ],
        [
            0.326,
            0.318,
            0.312,
            0.29,
            0.297,
            0.287,
            0.352
        ],
        [
            0.327,
            0.318,
            0.318,
            0.291,
            0.294,
            0.289,
            0.357
        ],
        [
            0.332,
            0.322,
            0.322,
            0.304,
            0.296,
            0.289,
            0.354
        ],
        [
            0.327,
            0.321,
            0.323,
            0.317,
            0.297,
            0.292,
            0.341
        ],
        [
            0.33,
            0.323,
            0.324,
            0.321,
            0.292,
            0.291,
            0.326
        ],
        [
            0.33,
            0.323,
            0.322,
            0.326,
            0.296,
            0.293,
            0.326
        ],
        [
            0.329,
            0.319,
            0.322,
            0.328,
            0.302,
            0.295,
            0.337
        ],
        [
            0.334,
            0.324,
            0.329,
            0.318,
            0.299,
            0.297,
            0.361
        ],
        [
            0.328,
            0.324,
            0.321,
            0.316,
            0.291,
            0.298,
            0.393
        ],
        [
            0.327,
            0.324,
            0.319,
            0.314,
            0.293,
            0.3,
            0.414
        ],
        [
            0.324,
            0.328,
            0.318,
            0.304,
            0.3,
            0.302,
            0.417
        ],
        [
            0.321,
            0.331,
            0.31,
            0.304,
            0.297,
            0.302,
            0.409
        ],
        [
            0.325,
            0.329,
            0.317,
            0.305,
            0.298,
            0.302,
            0.387
        ],
        [
            0.325,
            0.327,
            0.319,
            0.305,
            0.298,
            0.294,
            0.368
        ],
        [
            0.33,
            0.322,
            0.323,
            0.308,
            0.302,
            0.295,
            0.356
        ],
        [
            0.33,
            0.325,
            0.325,
            0.307,
            0.301,
            0.294,
            0.359
        ],
        [
            0.325,
            0.329,
            0.326,
            0.302,
            0.298,
            0.3,
            0.393
        ],
        [
            0.327,
            0.325,
            0.33,
            0.3,
            0.3,
            0.308,
            0.429
        ],
        [
            0.327,
            0.324,
            0.325,
            0.301,
            0.302,
            0.311,
            0.458
        ],
        [
            0.331,
            0.325,
            0.32,
            0.301,
            0.306,
            0.31,
            0.472
        ],
        [
            0.329,
            0.323,
            0.32,
            0.304,
            0.303,
            0.307,
            0.451
        ],
        [
            0.329,
            0.318,
            0.319,
            0.305,
            0.302,
            0.303,
            0.419
        ],
        [
            0.327,
            0.321,
            0.317,
            0.309,
            0.3,
            0.301,
            0.395
        ],
        [
            0.325,
            0.324,
            0.323,
            0.307,
            0.305,
            0.302,
            0.378
        ]
    ],
    "timestamp": "2026-04-09T16:22:43.022203",
    "label": "bee"
}