{
    "event_type": "flower_visit",
    "event_id": "flower_2_20260409164201271613",
    "flower_id": "flower_2",
    "background_dist": 0.31,
    "start_time": 1775770919.7386491,
    "end_time": 1775770921.271439,
    "num_scans": 23,
    "angles": [
        163,
        164,
        165,
        166,
        167,
        168,
        169,
        170
    ],
    "distance_series": [
        [
            0.279,
            0.272,
            0.273,
            0.301,
            0.299,
            0.305,
            0.308,
            0.315
        ],
        [
            0.279,
            0.273,
            0.274,
            0.299,
            0.3,
            0.297,
            0.307,
            0.316
        ],
        [
            0.276,
            0.27,
            0.278,
            0.297,
            0.3,
            0.296,
            0.309,
            0.318
        ],
        [
            0.275,
            0.268,
            0.284,
            0.288,
            0.299,
            0.307,
            0.306,
            0.316
        ],
        [
            0.278,
            0.272,
            0.291,
            0.289,
            0.301,
            0.31,
            0.31,
            0.317
        ],
        [
            0.282,
            0.272,
            0.295,
            0.289,
            0.298,
            0.309,
            0.309,
            0.318
        ],
        [
            0.279,
            0.271,
            0.294,
            0.297,
            0.296,
            0.31,
            0.311,
            0.322
        ],
        [
            0.281,
            0.276,
            0.3,
            0.296,
            0.297,
            0.302,
            0.31,
            0.329
        ],
        [
            0.278,
            0.272,
            0.296,
            0.301,
            0.299,
            0.293,
            0.313,
            0.332
        ],
        [
            0.272,
            0.282,
            0.299,
            0.305,
            0.302,
            0.299,
            0.308,
            0.329
        ],
        [
            0.278,
            0.283,
            0.298,
            0.304,
            0.3,
            0.3,
            0.303,
            0.319
        ],
        [
            0.281,
            0.277,
            0.297,
            0.306,
            0.299,
            0.299,
            0.312,
            0.318
        ],
        [
            0.287,
            0.273,
            0.291,
            0.301,
            0.296,
            0.301,
            0.306,
            0.316
        ],
        [
            0.293,
            0.273,
            0.292,
            0.298,
            0.294,
            0.302,
            0.305,
            0.314
        ],
        [
            0.294,
            0.274,
            0.288,
            0.294,
            0.295,
            0.301,
            0.308,
            0.322
        ],
        [
            0.294,
            0.276,
            0.284,
            0.296,
            0.296,
            0.301,
            0.302,
            0.318
        ],
        [
            0.29,
            0.278,
            0.284,
            0.294,
            0.295,
            0.301,
            0.303,
            0.317
        ],
        [
            0.292,
            0.275,
            0.287,
            0.292,
            0.297,
            0.302,
            0.303,
            0.321
        ],
        [
            0.288,
            0.276,
            0.292,
            0.292,
            0.295,
            0.304,
            0.302,
            0.315
        ],
        [
            0.293,
            0.278,
            0.295,
            0.292,
            0.299,
            0.302,
            0.305,
            0.317
        ],
        [
            0.294,
            0.276,
            0.292,
            0.297,
            0.301,
            0.303,
            0.302,
            0.316
        ],
        [
            0.293,
            0.279,
            0.293,
            0.295,
            0.298,
            0.302,
            0.303,
            0.317
        ],
        [
            0.293,
            0.278,
            0.289,
            0.292,
            0.304,
            0.303,
            0.304,
            0.323
        ]
    ],
    "timestamp": "2026-04-09T16:42:01.271702",
    "label": "bee"
}