{
    "event_type": "flower_visit",
    "event_id": "flower_2_20260410191529900105",
    "flower_id": "flower_2",
    "background_dist": 0.25,
    "start_time": 1775866527.700303,
    "end_time": 1775866529.89988,
    "num_scans": 33,
    "angles": [
        171,
        172,
        173,
        174,
        175,
        176,
        177,
        178,
        179,
        180,
        181,
        182,
        183
    ],
    "distance_series": [
        [
            0.21,
            0.211,
            0.217,
            0.222,
            0.227,
            0.228,
            0.24,
            0.245,
            0.24,
            0.254,
            0.25,
            0.264,
            0.371
        ],
        [
            0.205,
            0.215,
            0.218,
            0.22,
            0.227,
            0.226,
            0.238,
            0.244,
            0.242,
            0.251,
            0.251,
            0.264,
            0.324
        ],
        [
            0.207,
            0.209,
            0.216,
            0.216,
            0.225,
            0.22,
            0.234,
            0.238,
            0.238,
            0.245,
            0.251,
            0.261,
            0.366
        ],
        [
            0.206,
            0.209,
            0.214,
            0.209,
            0.218,
            0.23,
            0.233,
            0.242,
            0.241,
            0.247,
            0.254,
            0.264,
            0.323
        ],
        [
            0.206,
            0.21,
            0.213,
            0.207,
            0.214,
            0.224,
            0.225,
            0.235,
            0.238,
            0.246,
            0.25,
            0.263,
            0.325
        ],
        [
            0.206,
            0.202,
            0.209,
            0.209,
            0.217,
            0.227,
            0.23,
            0.234,
            0.241,
            0.245,
            0.249,
            0.265,
            0.331
        ],
        [
            0.209,
            0.206,
            0.216,
            0.215,
            0.22,
            0.227,
            0.232,
            0.236,
            0.24,
            0.245,
            0.25,
            0.266,
            0.293
        ],
        [
            0.214,
            0.214,
            0.216,
            0.217,
            0.219,
            0.232,
            0.231,
            0.24,
            0.237,
            0.243,
            0.248,
            0.265,
            0.335
        ],
        [
            0.213,
            0.214,
            0.214,
            0.218,
            0.219,
            0.238,
            0.239,
            0.246,
            0.236,
            0.242,
            0.251,
            0.268,
            0.337
        ],
        [
            0.219,
            0.217,
            0.215,
            0.223,
            0.225,
            0.246,
            0.238,
            0.241,
            0.236,
            0.24,
            0.249,
            0.267,
            0.335
        ],
        [
            0.219,
            0.222,
            0.21,
            0.22,
            0.224,
            0.243,
            0.239,
            0.241,
            0.24,
            0.243,
            0.247,
            0.263,
            0.371
        ],
        [
            0.335,
            0.222,
            0.215,
            0.22,
            0.231,
            0.238,
            0.238,
            0.239,
            0.238,
            0.24,
            0.247,
            0.267,
            0.328
        ],
        [
            0.327,
            0.216,
            0.21,
            0.211,
            0.222,
            0.234,
            0.237,
            0.234,
            0.239,
            0.239,
            0.25,
            0.266,
            0.287
        ],
        [
            0.324,
            0.214,
            0.207,
            0.206,
            0.21,
            0.222,
            0.228,
            0.234,
            0.24,
            0.24,
            0.25,
            0.264,
            0.321
        ],
        [
            0.333,
            0.219,
            0.211,
            0.208,
            0.215,
            0.223,
            0.227,
            0.231,
            0.242,
            0.245,
            0.245,
            0.264,
            0.314
        ],
        [
            0.263,
            0.211,
            0.212,
            0.206,
            0.208,
            0.224,
            0.226,
            0.231,
            0.243,
            0.238,
            0.242,
            0.263,
            0.35
        ],
        [
            0.272,
            0.213,
            0.218,
            0.221,
            0.223,
            0.223,
            0.223,
            0.236,
            0.239,
            0.236,
            0.242,
            0.263,
            0.354
        ],
        [
            0.273,
            0.221,
            0.23,
            0.23,
            0.233,
            0.232,
            0.231,
            0.237,
            0.237,
            0.234,
            0.243,
            0.26,
            0.321
        ],
        [
            0.209,
            0.214,
            0.223,
            0.221,
            0.223,
            0.237,
            0.233,
            0.238,
            0.234,
            0.232,
            0.247,
            0.255,
            0.322
        ],
        [
            0.267,
            0.221,
            0.219,
            0.227,
            0.226,
            0.231,
            0.235,
            0.237,
            0.236,
            0.235,
            0.248,
            0.254,
            0.289
        ],
        [
            0.336,
            0.228,
            0.226,
            0.219,
            0.214,
            0.226,
            0.234,
            0.229,
            0.232,
            0.233,
            0.249,
            0.253,
            0.324
        ],
        [
            0.329,
            0.22,
            0.214,
            0.213,
            0.202,
            0.216,
            0.23,
            0.229,
            0.236,
            0.236,
            0.252,
            0.257,
            0.328
        ],
        [
            0.387,
            0.216,
            0.213,
            0.21,
            0.209,
            0.217,
            0.227,
            0.227,
            0.237,
            0.242,
            0.251,
            0.26,
            0.295
        ],
        [
            0.391,
            0.211,
            0.218,
            0.216,
            0.209,
            0.218,
            0.227,
            0.23,
            0.243,
            0.248,
            0.247,
            0.267,
            0.293
        ],
        [
            0.321,
            0.21,
            0.219,
            0.221,
            0.221,
            0.229,
            0.233,
            0.236,
            0.246,
            0.25,
            0.252,
            0.263,
            0.295
        ],
        [
            0.4,
            0.227,
            0.229,
            0.23,
            0.236,
            0.236,
            0.238,
            0.24,
            0.243,
            0.25,
            0.249,
            0.26,
            0.33
        ],
        [
            0.406,
            0.241,
            0.24,
            0.238,
            0.239,
            0.241,
            0.241,
            0.236,
            0.243,
            0.247,
            0.247,
            0.26,
            0.327
        ],
        [
            0.403,
            0.249,
            0.244,
            0.239,
            0.236,
            0.243,
            0.239,
            0.236,
            0.242,
            0.242,
            0.255,
            0.259,
            0.325
        ],
        [
            0.469,
            0.252,
            0.249,
            0.24,
            0.235,
