{
    "event_type": "flower_visit",
    "event_id": "flower_2_20260410191748701913",
    "flower_id": "flower_2",
    "background_dist": 0.25,
    "start_time": 1775866666.5021482,
    "end_time": 1775866668.701749,
    "num_scans": 33,
    "angles": [
        171,
        172,
        173,
        174,
        175,
        176,
        177,
        178,
        179,
        180,
        181,
        182,
        183
    ],
    "distance_series": [
        [
            0.455,
            0.248,
            0.241,
            0.23,
            0.237,
            0.233,
            0.236,
            0.239,
            0.236,
            0.218,
            0.199,
            0.192,
            0.192
        ],
        [
            0.465,
            0.247,
            0.238,
            0.23,
            0.238,
            0.232,
            0.237,
            0.24,
            0.226,
            0.209,
            0.199,
            0.193,
            0.193
        ],
        [
            0.478,
            0.25,
            0.241,
            0.232,
            0.231,
            0.229,
            0.238,
            0.238,
            0.232,
            0.215,
            0.209,
            0.2,
            0.197
        ],
        [
            0.47,
            0.253,
            0.242,
            0.235,
            0.232,
            0.227,
            0.236,
            0.241,
            0.231,
            0.22,
            0.213,
            0.205,
            0.194
        ],
        [
            0.467,
            0.25,
            0.242,
            0.236,
            0.231,
            0.23,
            0.241,
            0.237,
            0.234,
            0.22,
            0.214,
            0.208,
            0.195
        ],
        [
            0.467,
            0.249,
            0.243,
            0.234,
            0.23,
            0.23,
            0.239,
            0.238,
            0.237,
            0.231,
            0.22,
            0.209,
            0.202
        ],
        [
            0.467,
            0.246,
            0.243,
            0.237,
            0.233,
            0.231,
            0.237,
            0.237,
            0.223,
            0.217,
            0.215,
            0.202,
            0.197
        ],
        [
            0.468,
            0.247,
            0.244,
            0.237,
            0.234,
            0.235,
            0.235,
            0.227,
            0.213,
            0.206,
            0.203,
            0.193,
            0.194
        ],
        [
            0.472,
            0.249,
            0.243,
            0.238,
            0.238,
            0.231,
            0.236,
            0.226,
            0.212,
            0.202,
            0.199,
            0.192,
            0.192
        ],
        [
            0.472,
            0.25,
            0.247,
            0.238,
            0.238,
            0.236,
            0.235,
            0.223,
            0.197,
            0.199,
            0.203,
            0.205,
            0.236
        ],
        [
            0.44,
            0.252,
            0.244,
            0.237,
            0.24,
            0.239,
            0.23,
            0.222,
            0.199,
            0.199,
            0.212,
            0.222,
            0.292
        ],
        [
            0.446,
            0.25,
            0.243,
            0.238,
            0.237,
            0.236,
            0.238,
            0.232,
            0.207,
            0.209,
            0.229,
            0.235,
            0.302
        ],
        [
            0.445,
            0.25,
            0.242,
            0.236,
            0.238,
            0.24,
            0.238,
            0.228,
            0.206,
            0.209,
            0.233,
            0.243,
            0.307
        ],
        [
            0.461,
            0.252,
            0.243,
            0.24,
            0.237,
            0.241,
            0.242,
            0.237,
            0.219,
            0.203,
            0.232,
            0.241,
            0.319
        ],
        [
            0.465,
            0.251,
            0.239,
            0.243,
            0.232,
            0.24,
            0.242,
            0.238,
            0.232,
            0.216,
            0.233,
            0.235,
            0.267
        ],
        [
            0.46,
            0.253,
            0.24,
            0.243,
            0.234,
            0.237,
            0.239,
            0.241,
            0.234,
            0.217,
            0.228,
            0.224,
            0.26
        ],
        [
            0.463,
            0.251,
            0.24,
            0.242,
            0.235,
            0.238,
            0.242,
            0.238,
            0.241,
            0.232,
            0.237,
            0.217,
            0.257
        ],
        [
            0.458,
            0.25,
            0.242,
            0.243,
            0.237,
            0.239,
            0.239,
            0.237,
            0.243,
            0.241,
            0.23,
            0.205,
            0.198
        ],
        [
            0.462,
            0.249,
            0.244,
            0.238,
            0.236,
            0.236,
            0.243,
            0.236,
            0.24,
            0.24,
            0.219,
            0.203,
            0.202
        ],
        [
            0.465,
            0.25,
            0.242,
            0.239,
            0.235,
            0.234,
            0.24,
            0.237,
            0.234,
            0.242,
            0.22,
            0.203,
            0.206
        ],
        [
            0.456,
            0.252,
            0.244,
            0.242,
            0.237,
            0.237,
            0.238,
            0.241,
            0.236,
            0.243,
            0.22,
            0.205,
            0.203
        ],
        [
            0.463,
            0.25,
            0.244,
            0.242,
            0.24,
            0.234,
            0.237,
            0.236,
            0.22,
            0.227,
            0.217,
            0.201,
            0.197
        ],
        [
            0.458,
            0.249,
            0.247,
            0.241,
            0.241,
            0.236,
            0.234,
            0.231,
            0.223,
            0.224,
            0.211,
            0.201,
            0.196
        ],
        [
            0.461,
            0.249,
            0.247,
            0.24,
            0.239,
            0.24,
            0.235,
            0.233,
            0.227,
            0.225,
            0.211,
            0.212,
            0.202
        ],
        [
            0.474,
            0.254,
            0.243,
            0.239,
            0.238,
            0.241,
            0.236,
            0.233,
            0.226,
            0.215,
            0.206,
            0.208,
            0.201
        ],
        [
            0.472,
            0.25,
            0.244,
            0.239,
            0.238,
            0.242,
            0.239,
            0.236,
            0.233,
            0.227,
            0.222,
            0.229,
            0.222
        ],
        [
            0.474,
            0.25,
            0.246,
            0.237,
            0.238,
            0.241,
            0.24,
            0.24,
            0.233,
            0.234,
            0.236,
            0.242,
            0.235
        ],
        [
            0.471,
            0.253,
            0.246,
            0.241,
            0.235,
            0.234,
            0.24,
            0.241,
            0.237,
            0.234,
            0.241,
            0.25,
            0.271
        ],
        [
            0.473,
            0.249,
            0.247,
            0.239,
            0.232,
