{
    "event_type": "flower_visit",
    "event_id": "flower_2_20260412162837156074",
    "flower_id": "flower_2",
    "background_dist": 0.21,
    "start_time": 1776029313.621949,
    "end_time": 1776029317.1558459,
    "num_scans": 53,
    "angles": [
        134,
        135,
        136,
        137,
        138,
        139,
        140,
        141,
        142,
        143,
        144,
        145,
        146,
        147,
        148
    ],
    "distance_series": [
        [
            0.391,
            0.214,
            0.212,
            0.217,
            0.206,
            0.206,
            0.206,
            0.205,
            0.197,
            0.192,
            0.198,
            0.196,
            0.193,
            0.169,
            0.162
        ],
        [
            0.381,
            0.215,
            0.211,
            0.216,
            0.204,
            0.205,
            0.203,
            0.203,
            0.198,
            0.194,
            0.193,
            0.197,
            0.195,
            0.174,
            0.153
        ],
        [
            0.383,
            0.216,
            0.21,
            0.215,
            0.197,
            0.202,
            0.186,
            0.189,
            0.183,
            0.187,
            0.195,
            0.199,
            0.195,
            0.166,
            0.145
        ],
        [
            0.384,
            0.214,
            0.209,
            0.21,
            0.194,
            0.205,
            0.187,
            0.19,
            0.18,
            0.187,
            0.188,
            0.192,
            0.184,
            0.165,
            0.15
        ],
        [
            0.388,
            0.217,
            0.213,
            0.211,
            0.196,
            0.202,
            0.188,
            0.192,
            0.191,
            0.196,
            0.198,
            0.208,
            0.203,
            0.177,
            0.153
        ],
        [
            0.395,
            0.217,
            0.215,
            0.207,
            0.205,
            0.207,
            0.19,
            0.192,
            0.19,
            0.194,
            0.196,
            0.206,
            0.204,
            0.173,
            0.158
        ],
        [
            0.391,
            0.215,
            0.213,
            0.206,
            0.206,
            0.204,
            0.206,
            0.209,
            0.206,
            0.192,
            0.189,
            0.2,
            0.185,
            0.172,
            0.16
        ],
        [
            0.397,
            0.21,
            0.21,
            0.207,
            0.205,
            0.192,
            0.185,
            0.195,
            0.195,
            0.193,
            0.198,
            0.194,
            0.193,
            0.173,
            0.146
        ],
        [
            0.393,
            0.213,
            0.209,
            0.205,
            0.207,
            0.188,
            0.178,
            0.192,
            0.193,
            0.187,
            0.194,
            0.194,
            0.19,
            0.18,
            0.153
        ],
        [
            0.396,
            0.215,
            0.212,
            0.211,
            0.206,
            0.183,
            0.185,
            0.19,
            0.191,
            0.185,
            0.194,
            0.177,
            0.17,
            0.164,
            0.149
        ],
        [
            0.391,
            0.219,
            0.213,
            0.21,
            0.2,
            0.188,
            0.179,
            0.188,
            0.19,
            0.198,
            0.202,
            0.195,
            0.189,
            0.171,
            0.151
        ],
        [
            0.388,
            0.223,
            0.217,
            0.212,
            0.202,
            0.198,
            0.201,
            0.203,
            0.203,
            0.2,
            0.2,
            0.201,
            0.189,
            0.172,
            0.163
        ],
        [
            0.394,
            0.223,
            0.214,
            0.214,
            0.207,
            0.202,
            0.204,
            0.202,
            0.203,
            0.202,
            0.194,
            0.189,
            0.177,
            0.158,
            0.158
        ],
        [
            0.385,
            0.221,
            0.216,
            0.21,
            0.203,
            0.202,
            0.2,
            0.195,
            0.191,
            0.193,
            0.188,
            0.191,
            0.186,
            0.163,
            0.156
        ],
        [
            0.384,
            0.221,
            0.219,
            0.211,
            0.201,
            0.199,
            0.201,
            0.188,
            0.18,
            0.182,
            0.184,
            0.18,
            0.183,
            0.172,
            0.156
        ],
        [
            0.382,
            0.221,
            0.214,
            0.209,
            0.198,
            0.2,
            0.201,
            0.186,
            0.178,
            0.179,
            0.175,
            0.165,
            0.164,
            0.163,
            0.144
        ],
        [
            0.381,
            0.216,
            0.213,
            0.21,
            0.2,
            0.2,
            0.199,
            0.185,
            0.177,
            0.176,
            0.179,
            0.181,
            0.177,
            0.161,
            0.143
        ],
        [
            0.389,
            0.22,
            0.214,
            0.211,
            0.199,
            0.204,
            0.198,
            0.194,
            0.193,
            0.193,
            0.192,
            0.195,
            0.184,
            0.17,
            0.146
        ],
        [
            0.397,
            0.213,
            0.214,
            0.215,
            0.206,
            0.209,
            0.199,
            0.202,
            0.196,
            0.2,
            0.193,
            0.186,
            0.174,
            0.162,
            0.153
        ],
        [
            0.393,
            0.211,
            0.212,
            0.212,
            0.208,
            0.204,
            0.201,
            0.202,
            0.196,
            0.188,
            0.187,
            0.191,
            0.181,
            0.163,
            0.155
        ],
        [
            0.39,
            0.213,
            0.212,
            0.211,
            0.205,
            0.202,
            0.201,
            0.195,
            0.184,
            0.171,
            0.171,
            0.178,
            0.173,
            0.156,
            0.151
        ],
        [
            0.39,
            0.208,
            0.215,
            0.203,
            0.205,
            0.2,
            0.204,
            0.195,
            0.182,
            0.168,
            0.171,
            0.161,
            0.154,
            0.151,
            0.143
        ],
        [
            0.383,
            0.21,
            0.216,
            0.208,
            0.201,
            0.199,
            0.204,
            0.196,
            0.183,
            0.169,
            0.172,
            0.166,
            0.153,
            0.145,
            0.138
        ],
        [
            0.386,
            0.217,
            0.217,
            0.203,
            0.207,
            0.199,
            0.203,
            0.195,
            0.191,
            0.182,
            0.188,
            0.182,
            0.164,
            0.148,
            0.142
        ],
        [
            0.386,
            0.214,
            0.218,
            0.205,
            0.205,
            0.201,
            0.203,
            0.204,
            0.202,
            0.2,
            0.204,
            0.19,
