{
    "event_type": "flower_visit",
    "event_id": "flower_2_20260410195700947964",
    "flower_id": "flower_2",
    "background_dist": 0.28,
    "start_time": 1775869019.34778,
    "end_time": 1775869020.947801,
    "num_scans": 24,
    "angles": [
        144,
        145,
        146,
        147,
        148,
        149,
        150,
        151,
        152,
        153
    ],
    "distance_series": [
        [
            0.239,
            0.271,
            0.264,
            0.268,
            0.275,
            0.28,
            0.277,
            0.281,
            0.268,
            0.279
        ],
        [
            0.236,
            0.27,
            0.265,
            0.268,
            0.275,
            0.279,
            0.282,
            0.28,
            0.269,
            0.28
        ],
        [
            0.24,
            0.275,
            0.265,
            0.27,
            0.277,
            0.277,
            0.283,
            0.278,
            0.274,
            0.279
        ],
        [
            0.242,
            0.275,
            0.265,
            0.272,
            0.274,
            0.275,
            0.281,
            0.276,
            0.274,
            0.288
        ],
        [
            0.243,
            0.274,
            0.266,
            0.273,
            0.274,
            0.275,
            0.283,
            0.271,
            0.272,
            0.287
        ],
        [
            0.245,
            0.277,
            0.263,
            0.274,
            0.273,
            0.273,
            0.278,
            0.273,
            0.267,
            0.287
        ],
        [
            0.242,
            0.273,
            0.269,
            0.27,
            0.271,
            0.273,
            0.276,
            0.272,
            0.265,
            0.284
        ],
        [
            0.239,
            0.271,
            0.265,
            0.269,
            0.273,
            0.272,
            0.274,
            0.274,
            0.267,
            0.28
        ],
        [
            0.245,
            0.274,
            0.267,
            0.271,
            0.271,
            0.272,
            0.274,
            0.273,
            0.27,
            0.279
        ],
        [
            0.244,
            0.272,
            0.268,
            0.269,
            0.273,
            0.274,
            0.273,
            0.275,
            0.269,
            0.279
        ],
        [
            0.241,
            0.277,
            0.264,
            0.272,
            0.274,
            0.276,
            0.273,
            0.274,
            0.271,
            0.281
        ],
        [
            0.241,
            0.268,
            0.264,
            0.272,
            0.272,
            0.277,
            0.275,
            0.272,
            0.27,
            0.283
        ],
        [
            0.234,
            0.264,
            0.261,
            0.268,
            0.271,
            0.278,
            0.274,
            0.274,
            0.27,
            0.284
        ],
        [
            0.239,
            0.259,
            0.264,
            0.267,
            0.272,
            0.277,
            0.273,
            0.274,
            0.27,
            0.282
        ],
        [
            0.245,
            0.253,
            0.266,
            0.27,
            0.274,
            0.276,
            0.276,
            0.272,
            0.268,
            0.285
        ],
        [
            0.245,
            0.257,
            0.264,
            0.275,
            0.275,
            0.276,
            0.28,
            0.272,
            0.269,
            0.284
        ],
        [
            0.249,
            0.257,
            0.268,
            0.277,
            0.279,
            0.278,
            0.279,
            0.271,
            0.269,
            0.289
        ],
        [
            0.252,
            0.262,
            0.265,
            0.28,
            0.279,
            0.277,
            0.28,
            0.271,
            0.273,
            0.293
        ],
        [
            0.251,
            0.261,
            0.268,
            0.278,
            0.279,
            0.279,
            0.28,
            0.271,
            0.276,
            0.286
        ],
        [
            0.255,
            0.258,
            0.268,
            0.272,
            0.276,
            0.277,
            0.28,
            0.271,
            0.271,
            0.295
        ],
        [
            0.259,
            0.256,
            0.272,
            0.273,
            0.276,
            0.278,
            0.28,
            0.271,
            0.275,
            0.29
        ],
        [
            0.258,
            0.256,
            0.272,
            0.277,
            0.276,
            0.278,
            0.279,
            0.272,
            0.276,
            0.286
        ],
        [
            0.257,
            0.259,
            0.275,
            0.277,
            0.277,
            0.281,
            0.279,
            0.273,
            0.27,
            0.289
        ],
        [
            0.256,
            0.256,
            0.275,
            0.278,
            0.276,
            0.283,
            0.278,
            0.274,
            0.271,
            0.288
        ]
    ],
    "timestamp": "2026-04-10T19:57:00.948053",
    "label": "not_bee"
}