{
    "event_type": "flower_visit",
    "event_id": "flower_1_20260410191944967080",
    "flower_id": "flower_1",
    "background_dist": 0.38,
    "start_time": 1775866782.0336692,
    "end_time": 1775866784.966939,
    "num_scans": 44,
    "angles": [
        128,
        129,
        130,
        131,
        132,
        133,
        134
    ],
    "distance_series": [
        [
            0.369,
            0.33,
            0.333,
            0.358,
            0.369,
            0.377,
            0.38
        ],
        [
            0.335,
            0.323,
            0.326,
            0.352,
            0.372,
            0.374,
            0.38
        ],
        [
            0.329,
            0.324,
            0.322,
            0.355,
            0.372,
            0.378,
            0.381
        ],
        [
            0.331,
            0.326,
            0.318,
            0.349,
            0.373,
            0.376,
            0.379
        ],
        [
            0.332,
            0.328,
            0.322,
            0.351,
            0.379,
            0.376,
            0.373
        ],
        [
            0.331,
            0.326,
            0.334,
            0.355,
            0.374,
            0.373,
            0.377
        ],
        [
            0.329,
            0.322,
            0.345,
            0.355,
            0.371,
            0.37,
            0.378
        ],
        [
            0.324,
            0.327,
            0.357,
            0.364,
            0.371,
            0.372,
            0.385
        ],
        [
            0.32,
            0.328,
            0.364,
            0.37,
            0.371,
            0.371,
            0.384
        ],
        [
            0.317,
            0.339,
            0.369,
            0.371,
            0.372,
            0.376,
            0.382
        ],
        [
            0.322,
            0.344,
            0.372,
            0.375,
            0.371,
            0.377,
            0.386
        ],
        [
            0.329,
            0.342,
            0.366,
            0.371,
            0.371,
            0.376,
            0.374
        ],
        [
            0.383,
            0.335,
            0.361,
            0.369,
            0.369,
            0.381,
            0.373
        ],
        [
            0.435,
            0.334,
            0.354,
            0.369,
            0.372,
            0.377,
            0.374
        ],
        [
            0.472,
            0.335,
            0.341,
            0.359,
            0.37,
            0.374,
            0.376
        ],
        [
            0.52,
            0.345,
            0.341,
            0.361,
            0.37,
            0.375,
            0.381
        ],
        [
            0.517,
            0.358,
            0.339,
            0.353,
            0.37,
            0.372,
            0.383
        ],
        [
            0.468,
            0.349,
            0.339,
            0.358,
            0.371,
            0.371,
            0.376
        ],
        [
            0.434,
            0.348,
            0.346,
            0.37,
            0.377,
            0.373,
            0.375
        ],
        [
            0.386,
            0.334,
            0.358,
            0.373,
            0.378,
            0.372,
            0.377
        ],
        [
            0.339,
            0.326,
            0.363,
            0.372,
            0.379,
            0.378,
            0.369
        ],
        [
            0.337,
            0.33,
            0.364,
            0.372,
            0.381,
            0.381,
            0.374
        ],
        [
            0.343,
            0.346,
            0.366,
            0.371,
            0.376,
            0.381,
            0.375
        ],
        [
            0.347,
            0.347,
            0.365,
            0.366,
            0.37,
            0.376,
            0.377
        ],
        [
            0.348,
            0.348,
            0.365,
            0.368,
            0.372,
            0.378,
            0.375
        ],
        [
            0.391,
            0.359,
            0.363,
            0.364,
            0.373,
            0.377,
            0.378
        ],
        [
            0.437,
            0.359,
            0.36,
            0.366,
            0.372,
            0.377,
            0.373
        ],
        [
            0.491,
            0.367,
            0.359,
            0.367,
            0.367,
            0.377,
            0.37
        ],
        [
            0.543,
            0.381,
            0.355,
            0.358,
            0.363,
            0.372,
            0.373
        ],
        [
            0.54,
            0.378,
            0.347,
            0.355,
            0.358,
            0.365,
            0.377
        ],
        [
            0.539,
            0.374,
            0.339,
            0.347,
            0.355,
            0.36,
            0.38
        ],
        [
            0.487,
            0.364,
            0.334,
            0.348,
            0.361,
            0.366,
            0.38
        ],
        [
            0.433,
            0.349,
            0.331,
            0.354,
            0.37,
            0.366,
            0.379
        ],
        [
            0.386,
            0.333,
            0.338,
            0.357,
            0.371,
            0.367,
            0.381
        ],
        [
            0.347,
            0.329,
            0.348,
            0.364,
            0.373,
            0.368,
            0.377
        ],
        [
            0.362,
            0.335,
            0.358,
            0.373,
            0.368,
            0.372,
            0.377
        ],
        [
            0.375,
            0.349,
            0.366,
            0.374,
            0.366,
            0.368,
            0.379
        ],
        [
            0.428,
            0.359,
            0.368,
            0.375,
            0.37,
            0.376,
            0.379
        ],
        [
            0.463,
            0.37,
            0.373,
            0.377,
            0.369,
            0.379,
            0.382
        ],
        [
            0.463,
            0.378,
            0.375,
            0.375,
            0.372,
            0.375,
            0.385
        ],
        [
            0.506,
            0.377,
            0.374,
            0.371,
            0.373,
            0.375,
            0.38
        ],
        [
            0.498,
            0.37,
            0.366,
            0.365,
            0.376,
            0.371,
            0.387
        ],
        [
            0.498,
            0.363,
            0.351,
            0.36,
            0.371,
            0.37,
            0.387
        ],
        [
            0.529,
            0.353,
            0.347,
            0.354,
            0.372,
            0.374,
            0.383
        ]
    ],
    "timestamp": "2026-04-10T19:19:44.967176",
    "label": "bee"
}