{
    "event_type": "flower_visit",
    "event_id": "flower_2_20260410192222032307",
    "flower_id": "flower_2",
    "background_dist": 0.25,
    "start_time": 1775866937.232207,
    "end_time": 1775866942.03214,
    "num_scans": 72,
    "angles": [
        171,
        172,
        173,
        174,
        175,
        176,
        177,
        178,
        179,
        180,
        181,
        182,
        183
    ],
    "distance_series": [
        [
            1.081,
            0.221,
            0.22,
            0.21,
            0.203,
            0.208,
            0.216,
            0.23,
            0.237,
            0.244,
            0.252,
            0.254,
            0.331
        ],
        [
            1.517,
            0.231,
            0.226,
            0.211,
            0.209,
            0.218,
            0.221,
            0.235,
            0.237,
            0.24,
            0.25,
            0.257,
            0.287
        ],
        [
            1.944,
            0.236,
            0.224,
            0.214,
            0.225,
            0.225,
            0.234,
            0.244,
            0.241,
            0.241,
            0.247,
            0.26,
            0.281
        ],
        [
            1.638,
            0.229,
            0.223,
            0.223,
            0.235,
            0.236,
            0.242,
            0.244,
            0.239,
            0.239,
            0.239,
            0.261,
            0.286
        ],
        [
            1.18,
            0.223,
            0.219,
            0.227,
            0.239,
            0.234,
            0.241,
            0.24,
            0.244,
            0.238,
            0.241,
            0.259,
            0.331
        ],
        [
            0.72,
            0.222,
            0.225,
            0.237,
            0.24,
            0.233,
            0.239,
            0.238,
            0.24,
            0.238,
            0.241,
            0.263,
            0.331
        ],
        [
            0.258,
            0.224,
            0.234,
            0.238,
            0.236,
            0.234,
            0.234,
            0.242,
            0.239,
            0.241,
            0.243,
            0.265,
            0.296
        ],
        [
            0.208,
            0.224,
            0.241,
            0.241,
            0.235,
            0.235,
            0.235,
            0.239,
            0.242,
            0.241,
            0.247,
            0.262,
            0.333
        ],
        [
            0.207,
            0.219,
            0.238,
            0.242,
            0.231,
            0.238,
            0.234,
            0.237,
            0.239,
            0.241,
            0.247,
            0.259,
            0.329
        ],
        [
            0.203,
            0.214,
            0.228,
            0.232,
            0.23,
            0.237,
            0.238,
            0.237,
            0.242,
            0.242,
            0.247,
            0.259,
            0.334
        ],
        [
            0.2,
            0.205,
            0.217,
            0.22,
            0.224,
            0.236,
            0.239,
            0.236,
            0.239,
            0.238,
            0.249,
            0.255,
            0.373
        ],
        [
            0.201,
            0.2,
            0.206,
            0.209,
            0.212,
            0.225,
            0.239,
            0.238,
            0.235,
            0.242,
            0.252,
            0.251,
            0.373
        ],
        [
            0.27,
            0.201,
            0.199,
            0.197,
            0.205,
            0.217,
            0.236,
            0.236,
            0.239,
            0.238,
            0.252,
            0.251,
            0.34
        ],
        [
            0.735,
            0.212,
            0.208,
            0.196,
            0.205,
            0.215,
            0.231,
            0.238,
            0.24,
            0.239,
            0.254,
            0.259,
            0.378
        ],
        [
            0.737,
            0.209,
            0.204,
            0.197,
            0.203,
            0.225,
            0.232,
            0.238,
            0.241,
            0.244,
            0.255,
            0.259,
            0.382
        ],
        [
            0.734,
            0.208,
            0.206,
            0.201,
            0.203,
            0.224,
            0.23,
            0.24,
            0.242,
            0.249,
            0.252,
            0.261,
            0.345
        ],
        [
            0.634,
            0.209,
            0.208,
            0.209,
            0.207,
            0.226,
            0.236,
            0.241,
            0.238,
            0.245,
            0.251,
            0.261,
            0.344
        ],
        [
            0.195,
            0.198,
            0.2,
            0.204,
            0.203,
            0.223,
            0.235,
            0.241,
            0.235,
            0.248,
            0.254,
            0.26,
            0.303
        ],
        [
            0.196,
            0.205,
            0.203,
            0.203,
            0.209,
            0.218,
            0.239,
            0.242,
            0.236,
            0.241,
            0.251,
            0.259,
            0.295
        ],
        [
            0.2,
            0.202,
            0.204,
            0.202,
            0.215,
            0.226,
            0.238,
            0.242,
            0.236,
            0.235,
            0.248,
            0.256,
            0.296
        ],
        [
            0.2,
            0.203,
            0.202,
            0.2,
            0.216,
            0.229,
            0.239,
            0.241,
            0.237,
            0.238,
            0.25,
            0.258,
            0.336
        ],
        [
            0.2,
            0.199,
            0.204,
            0.197,
            0.214,
            0.221,
            0.237,
            0.239,
            0.237,
            0.242,
            0.245,
            0.257,
            0.368
        ],
        [
            0.2,
            0.196,
            0.206,
            0.2,
            0.208,
            0.213,
            0.227,
            0.241,
            0.241,
            0.237,
            0.243,
            0.259,
            0.329
        ],
        [
            0.194,
            0.199,
            0.204,
            0.198,
            0.201,
            0.204,
            0.226,
            0.237,
            0.241,
            0.239,
            0.251,
            0.261,
            0.365
        ],
        [
            0.626,
            0.202,
            0.201,
            0.2,
            0.201,
            0.211,
            0.222,
            0.236,
            0.242,
            0.239,
            0.25,
            0.256,
            0.363
        ],
        [
            1.065,
            0.215,
            0.211,
            0.206,
            0.202,
            0.218,
            0.221,
            0.235,
            0.238,
            0.234,
            0.25,
            0.255,
            0.367
        ],
        [
            1.499,
            0.221,
            0.219,
            0.212,
            0.195,
            0.218,
            0.228,
            0.232,
            0.237,
            0.24,
            0.255,
            0.259,
            0.403
        ],
        [
            1.934,
            0.239,
            0.233,
            0.211,
            0.194,
            0.215,
            0.223,
            0.224,
            0.234,
            0.244,
            0.253,
            0.259,
            0.359
        ],
        [
            1.935,
            0.248,
            0.241,
            0.21,
            0.196,
