{
    "event_type": "flower_visit",
    "event_id": "flower_1_20260410191026903496",
    "flower_id": "flower_1",
    "background_dist": 0.38,
    "start_time": 1775866222.4368598,
    "end_time": 1775866226.903327,
    "num_scans": 67,
    "angles": [
        128,
        129,
        130,
        131,
        132,
        133,
        134
    ],
    "distance_series": [
        [
            0.43,
            0.354,
            0.346,
            0.362,
            0.365,
            0.375,
            0.381
        ],
        [
            0.493,
            0.368,
            0.356,
            0.365,
            0.361,
            0.373,
            0.376
        ],
        [
            0.537,
            0.369,
            0.344,
            0.354,
            0.355,
            0.369,
            0.369
        ],
        [
            0.548,
            0.373,
            0.36,
            0.356,
            0.355,
            0.37,
            0.376
        ],
        [
            0.514,
            0.366,
            0.352,
            0.348,
            0.352,
            0.371,
            0.379
        ],
        [
            0.463,
            0.356,
            0.342,
            0.349,
            0.356,
            0.371,
            0.386
        ],
        [
            0.465,
            0.365,
            0.351,
            0.358,
            0.358,
            0.376,
            0.385
        ],
        [
            0.449,
            0.352,
            0.341,
            0.349,
            0.362,
            0.374,
            0.387
        ],
        [
            0.429,
            0.342,
            0.34,
            0.348,
            0.362,
            0.373,
            0.383
        ],
        [
            0.431,
            0.353,
            0.346,
            0.351,
            0.363,
            0.367,
            0.386
        ],
        [
            0.431,
            0.354,
            0.336,
            0.339,
            0.358,
            0.368,
            0.386
        ],
        [
            0.404,
            0.366,
            0.35,
            0.345,
            0.363,
            0.37,
            0.382
        ],
        [
            0.456,
            0.378,
            0.354,
            0.345,
            0.362,
            0.369,
            0.385
        ],
        [
            0.492,
            0.367,
            0.352,
            0.335,
            0.352,
            0.361,
            0.38
        ],
        [
            0.493,
            0.371,
            0.357,
            0.341,
            0.358,
            0.357,
            0.38
        ],
        [
            0.492,
            0.368,
            0.351,
            0.339,
            0.354,
            0.356,
            0.375
        ],
        [
            0.457,
            0.367,
            0.355,
            0.342,
            0.355,
            0.359,
            0.374
        ],
        [
            0.417,
            0.382,
            0.365,
            0.352,
            0.367,
            0.372,
            0.38
        ],
        [
            0.389,
            0.378,
            0.359,
            0.347,
            0.362,
            0.367,
            0.376
        ],
        [
            0.424,
            0.373,
            0.363,
            0.348,
            0.367,
            0.37,
            0.376
        ],
        [
            0.463,
            0.383,
            0.367,
            0.355,
            0.367,
            0.365,
            0.374
        ],
        [
            0.502,
            0.368,
            0.36,
            0.342,
            0.355,
            0.365,
            0.378
        ],
        [
            0.544,
            0.371,
            0.365,
            0.346,
            0.363,
            0.367,
            0.375
        ],
        [
            0.507,
            0.375,
            0.358,
            0.345,
            0.364,
            0.37,
            0.374
        ],
        [
            0.507,
            0.371,
            0.35,
            0.344,
            0.362,
            0.373,
            0.372
        ],
        [
            0.511,
            0.385,
            0.36,
            0.356,
            0.371,
            0.371,
            0.378
        ],
        [
            0.468,
            0.382,
            0.363,
            0.364,
            0.375,
            0.37,
            0.378
        ],
        [
            0.507,
            0.375,
            0.359,
            0.357,
            0.365,
            0.363,
            0.368
        ],
        [
            0.467,
            0.379,
            0.361,
            0.36,
            0.366,
            0.357,
            0.375
        ],
        [
            0.466,
            0.38,
            0.356,
            0.35,
            0.352,
            0.349,
            0.374
        ],
        [
            0.502,
            0.373,
            0.354,
            0.337,
            0.348,
            0.35,
            0.373
        ],
        [
            0.464,
            0.376,
            0.362,
            0.343,
            0.359,
            0.361,
            0.383
        ],
        [
            0.508,
            0.368,
            0.345,
            0.334,
            0.349,
            0.358,
            0.376
        ],
        [
            0.458,
            0.35,
            0.341,
            0.333,
            0.346,
            0.368,
            0.378
        ],
        [
            0.418,
            0.359,
            0.347,
            0.349,
            0.353,
            0.367,
            0.379
        ],
        [
            0.448,
            0.355,
            0.333,
            0.342,
            0.346,
            0.368,
            0.377
        ],
        [
            0.446,
            0.359,
            0.339,
            0.347,
            0.36,
            0.376,
            0.383
        ],
        [
            0.463,
            0.381,
            0.351,
            0.361,
            0.37,
            0.375,
            0.381
        ],
        [
            0.462,
            0.379,
            0.355,
            0.352,
            0.359,
            0.361,
            0.369
        ],
        [
            0.428,
            0.386,
            0.362,
            0.354,
            0.357,
            0.359,
            0.369
        ],
        [
            0.426,
            0.385,
            0.363,
            0.354,
            0.347,
            0.347,
            0.361
        ],
        [
            0.452,
            0.378,
            0.355,
            0.344,
            0.351,
            0.347,
            0.359
        ],
        [
            0.492,
            0.372,
            0.344,
            0.345,
            0.352,
            0.358,
            0.367
        ],
        [
            0.477,
            0.354,
            0.34,
            0.332,
            0.344,
            0.362,
            0.369
        ],
        [
            0.424,
            0.346,
            0.331,
            0.329,
            0.341,
            0.376,
            0.373
        ],
        [
            0.432,
            0.345,
            0.337,
            0.339,
            0.348,
            0.377,
            0.381
        ],
        [
            0.379,
            0.344,
            0.341,
            0.336,
            0.355,
            0.381,
            0.378
        ],
        [
            0.38,
            0.343,
            0.341,
            0.34,
            0.361,
            0.382,
            0.373
        ],
        [
            0.39,
            0.346,
            0.347,
            0.355,
            0.372,
            0.381,
            0.379
        ],
        [
            0.336,
            0.337,
            0.337,
            0.348,
            0.371,
            0.374,
            0.377
        ],
