{
    "event_type": "flower_visit",
    "event_id": "flower_2_20260409162251622118",
    "flower_id": "flower_2",
    "background_dist": 0.33,
    "start_time": 1775769766.2878652,
    "end_time": 1775769771.6219552,
    "num_scans": 80,
    "angles": [
        164,
        165,
        166,
        167,
        168,
        169,
        170
    ],
    "distance_series": [
        [
            0.295,
            0.288,
            0.294,
            0.297,
            0.287,
            0.314,
            0.525
        ],
        [
            0.294,
            0.289,
            0.293,
            0.297,
            0.289,
            0.317,
            0.522
        ],
        [
            0.298,
            0.285,
            0.295,
            0.298,
            0.286,
            0.316,
            0.523
        ],
        [
            0.305,
            0.286,
            0.297,
            0.298,
            0.286,
            0.312,
            0.525
        ],
        [
            0.305,
            0.282,
            0.295,
            0.295,
            0.286,
            0.312,
            0.522
        ],
        [
            0.305,
            0.281,
            0.296,
            0.294,
            0.293,
            0.308,
            0.524
        ],
        [
            0.305,
            0.281,
            0.296,
            0.294,
            0.295,
            0.308,
            0.519
        ],
        [
            0.301,
            0.286,
            0.292,
            0.292,
            0.295,
            0.31,
            0.513
        ],
        [
            0.301,
            0.286,
            0.288,
            0.296,
            0.294,
            0.314,
            0.51
        ],
        [
            0.297,
            0.287,
            0.29,
            0.298,
            0.295,
            0.316,
            0.51
        ],
        [
            0.296,
            0.288,
            0.289,
            0.304,
            0.297,
            0.316,
            0.515
        ],
        [
            0.295,
            0.287,
            0.289,
            0.305,
            0.299,
            0.317,
            0.514
        ],
        [
            0.296,
            0.289,
            0.292,
            0.305,
            0.3,
            0.313,
            0.514
        ],
        [
            0.306,
            0.287,
            0.29,
            0.3,
            0.297,
            0.309,
            0.515
        ],
        [
            0.31,
            0.288,
            0.287,
            0.297,
            0.293,
            0.304,
            0.516
        ],
        [
            0.313,
            0.289,
            0.288,
            0.295,
            0.291,
            0.3,
            0.519
        ],
        [
            0.312,
            0.29,
            0.291,
            0.296,
            0.288,
            0.3,
            0.519
        ],
        [
            0.301,
            0.288,
            0.289,
            0.296,
            0.289,
            0.308,
            0.516
        ],
        [
            0.296,
            0.286,
            0.293,
            0.293,
            0.292,
            0.317,
            0.514
        ],
        [
            0.295,
            0.286,
            0.297,
            0.297,
            0.296,
            0.325,
            0.512
        ],
        [
            0.294,
            0.284,
            0.297,
            0.299,
            0.298,
            0.326,
            0.51
        ],
        [
            0.292,
            0.285,
            0.295,
            0.301,
            0.303,
            0.318,
            0.512
        ],
        [
            0.293,
            0.285,
            0.293,
            0.3,
            0.298,
            0.314,
            0.51
        ],
        [
            0.301,
            0.285,
            0.287,
            0.299,
            0.298,
            0.305,
            0.513
        ],
        [
            0.305,
            0.284,
            0.287,
            0.298,
            0.3,
            0.303,
            0.516
        ],
        [
            0.307,
            0.287,
            0.283,
            0.294,
            0.298,
            0.305,
            0.516
        ],
        [
            0.305,
            0.282,
            0.284,
            0.296,
            0.294,
            0.308,
            0.515
        ],
        [
            0.293,
            0.281,
            0.288,
            0.293,
            0.294,
            0.317,
            0.514
        ],
        [
            0.289,
            0.279,
            0.288,
            0.292,
            0.292,
            0.322,
            0.516
        ],
        [
            0.288,
            0.285,
            0.294,
            0.294,
            0.296,
            0.328,
            0.518
        ],
        [
            0.29,
            0.283,
            0.295,
            0.296,
            0.301,
            0.327,
            0.524
        ],
        [
            0.288,
            0.285,
            0.295,
            0.298,
            0.306,
            0.322,
            0.523
        ],
        [
            0.297,
            0.289,
            0.294,
            0.296,
            0.307,
            0.318,
            0.525
        ],
        [
            0.309,
            0.288,
            0.293,
            0.295,
            0.301,
            0.309,
            0.523
        ],
        [
            0.316,
            0.287,
            0.293,
            0.292,
            0.301,
            0.307,
            0.521
        ],
        [
            0.318,
            0.286,
            0.289,
            0.296,
            0.3,
            0.304,
            0.519
        ],
        [
            0.309,
            0.285,
            0.288,
            0.298,
            0.303,
            0.308,
            0.517
        ],
        [
            0.298,
            0.288,
            0.289,
            0.3,
            0.309,
            0.317,
            0.516
        ],
        [
            0.29,
            0.289,
            0.288,
            0.3,
            0.312,
            0.326,
            0.518
        ],
        [
            0.285,
            0.288,
            0.288,
            0.3,
            0.313,
            0.332,
            0.52
        ],
        [
            0.29,
            0.289,
            0.288,
            0.294,
            0.309,
            0.326,
            0.518
        ],
        [
            0.296,
            0.289,
            0.292,
            0.297,
            0.305,
            0.322,
            0.52
        ],
        [
            0.305,
            0.294,
            0.291,
            0.293,
            0.303,
            0.307,
            0.519
        ],
        [
            0.31,
            0.296,
            0.291,
            0.297,
            0.301,
            0.299,
            0.518
        ],
        [
            0.313,
            0.294,
            0.288,
            0.298,
            0.299,
            0.297,
            0.518
        ],
        [
            0.308,
            0.293,
            0.289,
            0.296,
            0.3,
            0.304,
            0.513
        ],
        [
            0.3,
            0.291,
            0.29,
            0.296,
            0.302,
            0.319,
            0.511
        ],
        [
            0.293,
            0.284,
            0.293,
            0.297,
            0.303,
            0.324,
            0.512
        ],
        [
            0.289,
            0.282,
            0.296,
            0.299,
            0.31,
            0.331,
            0.509
        ],
        [
            0.287,
            0.286,
            0.297,
            0.3,
            0.315,
            0.333,
            0.513
        ],
        [
