{
    "event_type": "flower_visit",
    "event_id": "flower_1_20260410191253101745",
    "flower_id": "flower_1",
    "background_dist": 0.38,
    "start_time": 1775866371.5682461,
    "end_time": 1775866373.1016011,
    "num_scans": 23,
    "angles": [
        128,
        129,
        130,
        131,
        132,
        133,
        134
    ],
    "distance_series": [
        [
            0.429,
            0.383,
            0.369,
            0.342,
            0.345,
            0.369,
            0.37
        ],
        [
            0.423,
            0.381,
            0.361,
            0.35,
            0.342,
            0.365,
            0.373
        ],
        [
            0.426,
            0.382,
            0.362,
            0.352,
            0.347,
            0.355,
            0.364
        ],
        [
            0.427,
            0.382,
            0.364,
            0.359,
            0.348,
            0.345,
            0.352
        ],
        [
            0.463,
            0.378,
            0.363,
            0.362,
            0.347,
            0.343,
            0.343
        ],
        [
            0.466,
            0.384,
            0.369,
            0.365,
            0.353,
            0.337,
            0.328
        ],
        [
            0.466,
            0.387,
            0.371,
            0.37,
            0.361,
            0.346,
            0.339
        ],
        [
            0.432,
            0.381,
            0.37,
            0.359,
            0.351,
            0.348,
            0.349
        ],
        [
            0.429,
            0.383,
            0.368,
            0.354,
            0.352,
            0.342,
            0.347
        ],
        [
            0.462,
            0.382,
            0.368,
            0.352,
            0.338,
            0.342,
            0.354
        ],
        [
            0.46,
            0.381,
            0.366,
            0.345,
            0.33,
            0.338,
            0.344
        ],
        [
            0.458,
            0.376,
            0.367,
            0.353,
            0.331,
            0.333,
            0.33
        ],
        [
            0.426,
            0.376,
            0.368,
            0.359,
            0.338,
            0.346,
            0.351
        ],
        [
            0.389,
            0.376,
            0.365,
            0.361,
            0.352,
            0.351,
            0.359
        ],
        [
            0.427,
            0.37,
            0.358,
            0.355,
            0.344,
            0.355,
            0.372
        ],
        [
            0.465,
            0.371,
            0.363,
            0.358,
            0.353,
            0.362,
            0.384
        ],
        [
            0.464,
            0.371,
            0.363,
            0.36,
            0.351,
            0.355,
            0.379
        ],
        [
            0.5,
            0.366,
            0.365,
            0.362,
            0.353,
            0.348,
            0.368
        ],
        [
            0.466,
            0.374,
            0.375,
            0.369,
            0.366,
            0.346,
            0.37
        ],
        [
            0.428,
            0.374,
            0.376,
            0.369,
            0.371,
            0.356,
            0.369
        ],
        [
            0.427,
            0.376,
            0.371,
            0.361,
            0.365,
            0.349,
            0.353
        ],
        [
            0.395,
            0.379,
            0.373,
            0.359,
            0.362,
            0.349,
            0.359
        ],
        [
            0.395,
            0.38,
            0.371,
            0.361,
            0.358,
            0.357,
            0.365
        ]
    ],
    "timestamp": "2026-04-10T19:12:53.101835",
    "label": "bee"
}