{
    "event_type": "flower_visit",
    "event_id": "flower_1_20260412183531683189",
    "flower_id": "flower_1",
    "background_dist": 0.3,
    "start_time": 1776036928.149905,
    "end_time": 1776036931.6830459,
    "num_scans": 53,
    "angles": [
        127,
        128,
        129,
        130,
        131,
        132,
        133,
        134,
        135
    ],
    "distance_series": [
        [
            0.311,
            0.313,
            0.299,
            0.293,
            0.289,
            0.26,
            0.26,
            0.277,
            0.275
        ],
        [
            0.312,
            0.309,
            0.298,
            0.293,
            0.286,
            0.265,
            0.263,
            0.276,
            0.275
        ],
        [
            0.314,
            0.312,
            0.298,
            0.298,
            0.284,
            0.268,
            0.257,
            0.277,
            0.274
        ],
        [
            0.312,
            0.311,
            0.297,
            0.296,
            0.286,
            0.264,
            0.261,
            0.28,
            0.267
        ],
        [
            0.311,
            0.307,
            0.297,
            0.296,
            0.28,
            0.256,
            0.266,
            0.273,
            0.268
        ],
        [
            0.311,
            0.308,
            0.295,
            0.298,
            0.278,
            0.252,
            0.264,
            0.271,
            0.269
        ],
        [
            0.309,
            0.303,
            0.294,
            0.295,
            0.27,
            0.252,
            0.267,
            0.266,
            0.274
        ],
        [
            0.313,
            0.306,
            0.294,
            0.292,
            0.262,
            0.253,
            0.268,
            0.27,
            0.282
        ],
        [
            0.315,
            0.309,
            0.3,
            0.289,
            0.257,
            0.258,
            0.269,
            0.272,
            0.286
        ],
        [
            0.317,
            0.306,
            0.296,
            0.291,
            0.256,
            0.264,
            0.271,
            0.272,
            0.282
        ],
        [
            0.318,
            0.304,
            0.298,
            0.29,
            0.262,
            0.267,
            0.272,
            0.271,
            0.28
        ],
        [
            0.315,
            0.303,
            0.3,
            0.295,
            0.271,
            0.265,
            0.27,
            0.268,
            0.275
        ],
        [
            0.313,
            0.306,
            0.292,
            0.295,
            0.281,
            0.261,
            0.27,
            0.264,
            0.268
        ],
        [
            0.312,
            0.303,
            0.291,
            0.295,
            0.28,
            0.259,
            0.268,
            0.263,
            0.266
        ],
        [
            0.31,
            0.306,
            0.288,
            0.3,
            0.277,
            0.259,
            0.265,
            0.259,
            0.267
        ],
        [
            0.307,
            0.31,
            0.291,
            0.289,
            0.268,
            0.261,
            0.26,
            0.257,
            0.271
        ],
        [
            0.306,
            0.309,
            0.295,
            0.292,
            0.259,
            0.262,
            0.256,
            0.265,
            0.274
        ],
        [
            0.307,
            0.312,
            0.295,
            0.29,
            0.259,
            0.262,
            0.256,
            0.268,
            0.274
        ],
        [
            0.306,
            0.311,
            0.297,
            0.285,
            0.26,
            0.259,
            0.26,
            0.266,
            0.277
        ],
        [
            0.308,
            0.306,
            0.293,
            0.296,
            0.265,
            0.256,
            0.26,
            0.263,
            0.276
        ],
        [
            0.308,
            0.299,
            0.294,
            0.298,
            0.267,
            0.256,
            0.261,
            0.259,
            0.274
        ],
        [
            0.308,
            0.3,
            0.298,
            0.298,
            0.269,
            0.256,
            0.256,
            0.256,
            0.271
        ],
        [
            0.308,
            0.304,
            0.299,
            0.293,
            0.268,
            0.252,
            0.254,
            0.258,
            0.267
        ],
        [
            0.308,
            0.302,
            0.297,
            0.29,
            0.26,
            0.25,
            0.253,
            0.257,
            0.264
        ],
        [
            0.309,
            0.3,
            0.299,
            0.28,
            0.257,
            0.25,
            0.256,
            0.257,
            0.262
        ],
        [
            0.311,
            0.3,
            0.295,
            0.273,
            0.254,
            0.248,
            0.25,
            0.254,
            0.267
        ],
        [
            0.309,
            0.3,
            0.293,
            0.269,
            0.253,
            0.253,
            0.253,
            0.258,
            0.275
        ],
        [
            0.308,
            0.301,
            0.291,
            0.27,
            0.256,
            0.257,
            0.257,
            0.264,
            0.282
        ],
        [
            0.307,
            0.3,
            0.29,
            0.271,
            0.256,
            0.258,
            0.259,
            0.268,
            0.284
        ],
        [
            0.307,
            0.3,
            0.295,
            0.272,
            0.255,
            0.256,
            0.261,
            0.267,
            0.284
        ],
        [
            0.309,
            0.299,
            0.292,
            0.274,
            0.257,
            0.255,
            0.263,
            0.268,
            0.279
        ],
        [
            0.31,
            0.307,
            0.296,
            0.277,
            0.261,
            0.258,
            0.262,
            0.266,
            0.272
        ],
        [
            0.309,
            0.307,
            0.294,
            0.277,
            0.262,
            0.257,
            0.259,
            0.266,
            0.27
        ],
        [
            0.31,
            0.302,
            0.288,
            0.274,
            0.264,
            0.258,
            0.259,
            0.269,
            0.269
        ],
        [
            0.304,
            0.296,
            0.279,
            0.267,
            0.264,
            0.259,
            0.261,
            0.274,
            0.276
        ],
        [
            0.302,
            0.292,
            0.277,
            0.263,
            0.258,
            0.255,
            0.258,
            0.271,
            0.281
        ],
        [
            0.304,
            0.289,
            0.274,
            0.262,
            0.255,
            0.256,
            0.259,
            0.278,
            0.286
        ],
        [
            0.301,
            0.293,
            0.272,
            0.258,
            0.254,
            0.256,
            0.26,
            0.278,
            0.292
        ],
        [
            0.302,
            0.3,
            0.281,
            0.26,
            0.255,
            0.257,
            0.262,
            0.275,
            0.291
        ],
        [
            0.304,
            0.306,
            0.287,
            0.263,
            0.253,
            0.255,
            0.262,
            0.274,
            0.284
        ],
        [
