{
    "event_type": "flower_visit",
    "event_id": "flower_1_20260412165052676741",
    "flower_id": "flower_1",
    "background_dist": 0.27,
    "start_time": 1776030648.74342,
    "end_time": 1776030652.6765969,
    "num_scans": 59,
    "angles": [
        126,
        127,
        128,
        129,
        130,
        131,
        132,
        133,
        134,
        135
    ],
    "distance_series": [
        [
            0.286,
            0.265,
            0.26,
            0.258,
            0.234,
            0.225,
            0.232,
            0.268,
            0.247,
            0.24
        ],
        [
            0.288,
            0.275,
            0.259,
            0.26,
            0.234,
            0.232,
            0.229,
            0.266,
            0.243,
            0.239
        ],
        [
            0.286,
            0.276,
            0.262,
            0.257,
            0.236,
            0.231,
            0.223,
            0.256,
            0.243,
            0.237
        ],
        [
            0.287,
            0.28,
            0.263,
            0.255,
            0.241,
            0.229,
            0.226,
            0.253,
            0.237,
            0.239
        ],
        [
            0.284,
            0.281,
            0.263,
            0.25,
            0.244,
            0.227,
            0.229,
            0.25,
            0.239,
            0.24
        ],
        [
            0.284,
            0.279,
            0.265,
            0.245,
            0.248,
            0.226,
            0.229,
            0.253,
            0.239,
            0.236
        ],
        [
            0.285,
            0.276,
            0.263,
            0.242,
            0.246,
            0.226,
            0.233,
            0.255,
            0.239,
            0.24
        ],
        [
            0.286,
            0.279,
            0.264,
            0.242,
            0.243,
            0.226,
            0.23,
            0.254,
            0.237,
            0.242
        ],
        [
            0.285,
            0.274,
            0.264,
            0.24,
            0.242,
            0.222,
            0.232,
            0.257,
            0.233,
            0.254
        ],
        [
            0.287,
            0.275,
            0.26,
            0.242,
            0.241,
            0.223,
            0.231,
            0.258,
            0.235,
            0.251
        ],
        [
            0.285,
            0.276,
            0.26,
            0.244,
            0.24,
            0.218,
            0.232,
            0.259,
            0.238,
            0.254
        ],
        [
            0.281,
            0.27,
            0.26,
            0.244,
            0.24,
            0.222,
            0.233,
            0.262,
            0.237,
            0.258
        ],
        [
            0.282,
            0.272,
            0.257,
            0.241,
            0.237,
            0.219,
            0.231,
            0.259,
            0.235,
            0.259
        ],
        [
            0.285,
            0.272,
            0.259,
            0.244,
            0.235,
            0.22,
            0.234,
            0.245,
            0.235,
            0.259
        ],
        [
            0.28,
            0.269,
            0.259,
            0.249,
            0.239,
            0.22,
            0.231,
            0.245,
            0.232,
            0.257
        ],
        [
            0.283,
            0.267,
            0.258,
            0.247,
            0.235,
            0.221,
            0.227,
            0.238,
            0.235,
            0.255
        ],
        [
            0.283,
            0.266,
            0.262,
            0.249,
            0.236,
            0.224,
            0.229,
            0.239,
            0.236,
            0.254
        ],
        [
            0.281,
            0.269,
            0.265,
            0.248,
            0.241,
            0.222,
            0.226,
            0.241,
            0.238,
            0.249
        ],
        [
            0.28,
            0.275,
            0.265,
            0.25,
            0.242,
            0.223,
            0.229,
            0.24,
            0.236,
            0.246
        ],
        [
            0.277,
            0.271,
            0.27,
            0.255,
            0.245,
            0.227,
            0.227,
            0.244,
            0.236,
            0.245
        ],
        [
            0.28,
            0.273,
            0.269,
            0.252,
            0.245,
            0.227,
            0.225,
            0.246,
            0.235,
            0.247
        ],
        [
            0.282,
            0.273,
            0.269,
            0.247,
            0.241,
            0.233,
            0.225,
            0.247,
            0.235,
            0.25
        ],
        [
            0.283,
            0.274,
            0.269,
            0.246,
            0.242,
            0.231,
            0.226,
            0.247,
            0.235,
            0.25
        ],
        [
            0.284,
            0.275,
            0.268,
            0.245,
            0.239,
            0.226,
            0.227,
            0.245,
            0.239,
            0.25
        ],
        [
            0.283,
            0.275,
            0.267,
            0.245,
            0.237,
            0.229,
            0.229,
            0.245,
            0.25,
            0.256
        ],
        [
            0.282,
            0.278,
            0.263,
            0.244,
            0.235,
            0.225,
            0.23,
            0.244,
            0.246,
            0.254
        ],
        [
            0.281,
            0.281,
            0.258,
            0.243,
            0.232,
            0.225,
            0.228,
            0.24,
            0.251,
            0.25
        ],
        [
            0.282,
            0.284,
            0.259,
            0.242,
            0.232,
            0.224,
            0.228,
            0.24,
            0.249,
            0.248
        ],
        [
            0.279,
            0.286,
            0.261,
            0.245,
            0.231,
            0.221,
            0.227,
            0.242,
            0.245,
            0.245
        ],
        [
            0.279,
            0.285,
            0.256,
            0.24,
            0.234,
            0.227,
            0.23,
            0.25,
            0.243,
            0.244
        ],
        [
            0.277,
            0.281,
            0.26,
            0.242,
            0.23,
            0.225,
            0.23,
            0.248,
            0.237,
            0.248
        ],
        [
            0.281,
            0.276,
            0.259,
            0.247,
            0.236,
            0.228,
            0.228,
            0.242,
            0.233,
            0.248
        ],
        [
            0.284,
            0.272,
            0.262,
            0.242,
            0.238,
            0.225,
            0.228,
            0.246,
            0.232,
            0.248
        ],
        [
            0.283,
            0.269,
            0.264,
            0.241,
            0.242,
            0.222,
            0.223,
            0.239,
            0.23,
            0.246
        ],
        [
            0.283,
            0.274,
            0.261,
            0.247,
            0.241,
            0.225,
            0.219,
            0.238,
            0.233,
            0.242
        ],
        [
            0.279,
            0.273,
            0.262,
            0.254,
            0.246,
            0.225,
            0.216,
            0.234,
            0.232,
            0.245
        ],
        [
            0.277,
            0.279,
