{
    "event_type": "flower_visit",
    "event_id": "flower_1_20260410195149481847",
    "flower_id": "flower_1",
    "background_dist": 0.19,
    "start_time": 1775868704.347772,
    "end_time": 1775868709.4817128,
    "num_scans": 77,
    "angles": [
        105,
        106,
        107,
        108,
        109,
        110,
        111,
        112,
        113,
        114,
        115,
        116
    ],
    "distance_series": [
        [
            0.139,
            0.145,
            0.165,
            0.176,
            0.186,
            0.18,
            0.184,
            0.184,
            0.189,
            0.182,
            0.192,
            0.2
        ],
        [
            0.137,
            0.147,
            0.168,
            0.174,
            0.18,
            0.182,
            0.183,
            0.185,
            0.192,
            0.186,
            0.195,
            0.201
        ],
        [
            0.137,
            0.15,
            0.163,
            0.174,
            0.185,
            0.181,
            0.184,
            0.184,
            0.187,
            0.187,
            0.196,
            0.195
        ],
        [
            0.141,
            0.148,
            0.166,
            0.176,
            0.18,
            0.179,
            0.183,
            0.183,
            0.183,
            0.185,
            0.196,
            0.19
        ],
        [
            0.139,
            0.154,
            0.168,
            0.175,
            0.182,
            0.184,
            0.186,
            0.184,
            0.189,
            0.189,
            0.197,
            0.197
        ],
        [
            0.14,
            0.149,
            0.166,
            0.18,
            0.181,
            0.19,
            0.185,
            0.181,
            0.187,
            0.192,
            0.195,
            0.197
        ],
        [
            0.136,
            0.148,
            0.167,
            0.184,
            0.176,
            0.185,
            0.182,
            0.179,
            0.188,
            0.19,
            0.192,
            0.196
        ],
        [
            0.134,
            0.15,
            0.169,
            0.182,
            0.173,
            0.183,
            0.184,
            0.181,
            0.191,
            0.195,
            0.186,
            0.2
        ],
        [
            0.138,
            0.152,
            0.169,
            0.183,
            0.17,
            0.179,
            0.181,
            0.183,
            0.187,
            0.195,
            0.186,
            0.198
        ],
        [
            0.14,
            0.151,
            0.175,
            0.184,
            0.177,
            0.176,
            0.183,
            0.186,
            0.189,
            0.194,
            0.189,
            0.196
        ],
        [
            0.139,
            0.16,
            0.173,
            0.183,
            0.181,
            0.18,
            0.188,
            0.183,
            0.187,
            0.192,
            0.19,
            0.195
        ],
        [
            0.139,
            0.162,
            0.169,
            0.182,
            0.178,
            0.179,
            0.183,
            0.185,
            0.185,
            0.194,
            0.193,
            0.189
        ],
        [
            0.141,
            0.162,
            0.165,
            0.18,
            0.181,
            0.181,
            0.183,
            0.188,
            0.192,
            0.183,
            0.191,
            0.186
        ],
        [
            0.141,
            0.16,
            0.168,
            0.176,
            0.182,
            0.18,
            0.184,
            0.183,
            0.189,
            0.186,
            0.188,
            0.192
        ],
        [
            0.143,
            0.158,
            0.169,
            0.177,
            0.18,
            0.181,
            0.184,
            0.183,
            0.187,
            0.185,
            0.192,
            0.196
        ],
        [
            0.144,
            0.161,
            0.171,
            0.179,
            0.178,
            0.181,
            0.184,
            0.177,
            0.19,
            0.181,
            0.195,
            0.199
        ],
        [
            0.142,
            0.165,
            0.177,
            0.183,
            0.182,
            0.179,
            0.186,
            0.179,
            0.183,
            0.186,
            0.193,
            0.196
        ],
        [
            0.142,
            0.159,
            0.181,
            0.185,
            0.182,
            0.182,
            0.183,
            0.182,
            0.179,
            0.188,
            0.194,
            0.204
        ],
        [
            0.144,
            0.165,
            0.183,
            0.181,
            0.188,
            0.182,
            0.185,
            0.187,
            0.178,
            0.186,
            0.193,
            0.205
        ],
        [
            0.144,
            0.167,
            0.186,
            0.186,
            0.189,
            0.182,
            0.182,
            0.188,
            0.182,
            0.184,
            0.195,
            0.2
        ],
        [
            0.143,
            0.165,
            0.182,
            0.187,
            0.186,
            0.187,
            0.186,
            0.186,
            0.186,
            0.181,
            0.193,
            0.195
        ],
        [
            0.144,
            0.171,
            0.18,
            0.187,
            0.188,
            0.187,
            0.186,
            0.186,
            0.19,
            0.187,
            0.195,
            0.192
        ],
        [
            0.149,
            0.169,
            0.184,
            0.188,
            0.183,
            0.184,
            0.182,
            0.181,
            0.186,
            0.186,
            0.191,
            0.196
        ],
        [
            0.154,
            0.159,
            0.181,
            0.19,
            0.182,
            0.182,
            0.185,
            0.181,
            0.188,
            0.189,
            0.193,
            0.198
        ],
        [
            0.152,
            0.155,
            0.181,
            0.188,
            0.185,
            0.178,
            0.184,
            0.18,
            0.191,
            0.189,
            0.195,
            0.199
        ],
        [
            0.146,
            0.154,
            0.177,
            0.184,
            0.182,
            0.176,
            0.182,
            0.18,
            0.193,
            0.184,
            0.186,
            0.197
        ],
        [
            0.148,
            0.153,
            0.171,
            0.182,
            0.183,
            0.175,
            0.183,
            0.181,
            0.191,
            0.186,
            0.196,
            0.193
        ],
        [
            0.146,
            0.157,
            0.173,
            0.177,
            0.183,
            0.177,
            0.18,
            0.183,
            0.188,
            0.188,
            0.19,
            0.193
        ],
        [
            0.144,
            0.162,
            0.172,
            0.176,
            0.178,
            0.171,
            0.182,
            0.184,
            0.185,
            0.19,
            0.188,
            0.191
        ],
        [
            0.15,
            0.167,
            0.177,
            0.175,
            0.178,
            0.173,
            0.183,
            0.185,
            0.184,
            0.189,
            0.189,
            0.194
        ],
        [
            0.148,
            0.173,
            0.181,
            0.176,
            0.179,
            0.175,
            0.179,
