{
    "event_type": "flower_visit",
    "event_id": "flower_2_20260412183505749990",
    "flower_id": "flower_2",
    "background_dist": 0.34,
    "start_time": 1776036900.750179,
    "end_time": 1776036905.749814,
    "num_scans": 75,
    "angles": [
        89,
        90,
        91,
        92,
        93,
        94,
        95,
        96
    ],
    "distance_series": [
        [
            0.335,
            0.332,
            0.308,
            0.284,
            0.325,
            0.327,
            0.332,
            0.335
        ],
        [
            0.341,
            0.333,
            0.308,
            0.28,
            0.326,
            0.33,
            0.332,
            0.337
        ],
        [
            0.339,
            0.337,
            0.308,
            0.282,
            0.325,
            0.331,
            0.337,
            0.336
        ],
        [
            0.34,
            0.338,
            0.311,
            0.282,
            0.325,
            0.329,
            0.342,
            0.34
        ],
        [
            0.344,
            0.335,
            0.306,
            0.286,
            0.327,
            0.332,
            0.338,
            0.339
        ],
        [
            0.337,
            0.329,
            0.308,
            0.289,
            0.326,
            0.333,
            0.34,
            0.337
        ],
        [
            0.338,
            0.329,
            0.311,
            0.291,
            0.322,
            0.333,
            0.336,
            0.336
        ],
        [
            0.339,
            0.331,
            0.32,
            0.289,
            0.313,
            0.329,
            0.333,
            0.335
        ],
        [
            0.335,
            0.328,
            0.322,
            0.291,
            0.311,
            0.328,
            0.33,
            0.335
        ],
        [
            0.335,
            0.327,
            0.326,
            0.29,
            0.309,
            0.325,
            0.326,
            0.337
        ],
        [
            0.337,
            0.324,
            0.326,
            0.294,
            0.306,
            0.325,
            0.326,
            0.335
        ],
        [
            0.333,
            0.325,
            0.324,
            0.292,
            0.308,
            0.323,
            0.327,
            0.337
        ],
        [
            0.339,
            0.324,
            0.324,
            0.291,
            0.31,
            0.325,
            0.327,
            0.337
        ],
        [
            0.337,
            0.328,
            0.323,
            0.289,
            0.311,
            0.323,
            0.328,
            0.337
        ],
        [
            0.334,
            0.335,
            0.321,
            0.287,
            0.318,
            0.325,
            0.334,
            0.337
        ],
        [
            0.335,
            0.333,
            0.327,
            0.289,
            0.319,
            0.326,
            0.329,
            0.333
        ],
        [
            0.33,
            0.335,
            0.325,
            0.288,
            0.318,
            0.325,
            0.331,
            0.336
        ],
        [
            0.328,
            0.334,
            0.324,
            0.287,
            0.305,
            0.327,
            0.332,
            0.33
        ],
        [
            0.329,
            0.327,
            0.321,
            0.288,
            0.298,
            0.322,
            0.333,
            0.333
        ],
        [
            0.333,
            0.329,
            0.324,
            0.289,
            0.299,
            0.325,
            0.334,
            0.336
        ],
        [
            0.338,
            0.325,
            0.329,
            0.285,
            0.296,
            0.323,
            0.338,
            0.337
        ],
        [
            0.342,
            0.327,
            0.332,
            0.287,
            0.309,
            0.326,
            0.334,
            0.341
        ],
        [
            0.343,
            0.326,
            0.334,
            0.285,
            0.315,
            0.325,
            0.337,
            0.344
        ],
        [
            0.34,
            0.328,
            0.333,
            0.287,
            0.316,
            0.327,
            0.333,
            0.345
        ],
        [
            0.342,
            0.332,
            0.329,
            0.288,
            0.319,
            0.33,
            0.333,
            0.344
        ],
        [
            0.341,
            0.332,
            0.326,
            0.285,
            0.318,
            0.326,
            0.335,
            0.344
        ],
        [
            0.337,
            0.335,
            0.326,
            0.287,
            0.314,
            0.33,
            0.33,
            0.343
        ],
        [
            0.334,
            0.328,
            0.322,
            0.288,
            0.308,
            0.328,
            0.326,
            0.341
        ],
        [
            0.334,
            0.326,
            0.326,
            0.291,
            0.302,
            0.327,
            0.329,
            0.339
        ],
        [
            0.336,
            0.328,
            0.324,
            0.29,
            0.301,
            0.327,
            0.326,
            0.333
        ],
        [
            0.337,
            0.329,
            0.328,
            0.295,
            0.301,
            0.323,
            0.329,
            0.332
        ],
        [
            0.339,
            0.322,
            0.331,
            0.296,
            0.303,
            0.322,
            0.331,
            0.337
        ],
        [
            0.337,
            0.326,
            0.332,
            0.289,
            0.307,
            0.322,
            0.334,
            0.339
        ],
        [
            0.338,
            0.329,
            0.324,
            0.287,
            0.308,
            0.326,
            0.331,
            0.345
        ],
        [
            0.336,
            0.331,
            0.329,
            0.286,
            0.31,
            0.329,
            0.328,
            0.342
        ],
        [
            0.334,
            0.333,
            0.324,
            0.285,
            0.305,
            0.327,
            0.332,
            0.34
        ],
        [
            0.334,
            0.333,
            0.324,
            0.292,
            0.306,
            0.324,
            0.328,
            0.337
        ],
        [
            0.34,
            0.333,
            0.324,
            0.297,
            0.303,
            0.332,
            0.328,
            0.335
        ],
        [
            0.343,
            0.33,
            0.33,
            0.297,
            0.297,
            0.332,
            0.328,
            0.334
        ],
        [
            0.339,
            0.329,
            0.328,
            0.299,
            0.301,
            0.329,
            0.324,
            0.329
        ],
        [
            0.344,
            0.328,
            0.327,
            0.293,
            0.293,
            0.328,
            0.325,
            0.33
        ],
        [
            0.343,
            0.334,
            0.329,
            0.289,
            0.292,
            0.327,
            0.329,
            0.329
        ],
        [
            0.34,
            0.33,
            0.33,
            0.288,
            0.296,
            0.323,
            0.334,
            0.332
        ],
        [
            0.343,
            0.334,
            0.335,
            0.285,
            0.293,
            0.326,
            0.336,
            0.333
        ],
        [
            0.333,
            0.337,
            0.334,
