{
    "event_type": "flower_visit",
    "event_id": "flower_2_20260412164152549862",
    "flower_id": "flower_2",
    "background_dist": 0.32,
    "start_time": 1776030110.750047,
    "end_time": 1776030112.549695,
    "num_scans": 27,
    "angles": [
        108,
        109,
        110,
        111,
        112,
        113,
        114,
        115,
        116
    ],
    "distance_series": [
        [
            0.327,
            0.323,
            0.322,
            0.316,
            0.306,
            0.288,
            0.288,
            0.293,
            0.285
        ],
        [
            0.327,
            0.329,
            0.325,
            0.321,
            0.312,
            0.291,
            0.286,
            0.292,
            0.285
        ],
        [
            0.33,
            0.33,
            0.324,
            0.324,
            0.311,
            0.289,
            0.292,
            0.289,
            0.285
        ],
        [
            0.329,
            0.33,
            0.324,
            0.32,
            0.312,
            0.287,
            0.296,
            0.292,
            0.287
        ],
        [
            0.324,
            0.328,
            0.323,
            0.318,
            0.312,
            0.288,
            0.291,
            0.29,
            0.287
        ],
        [
            0.321,
            0.326,
            0.324,
            0.32,
            0.306,
            0.287,
            0.293,
            0.288,
            0.29
        ],
        [
            0.325,
            0.331,
            0.32,
            0.317,
            0.311,
            0.286,
            0.289,
            0.287,
            0.292
        ],
        [
            0.324,
            0.331,
            0.318,
            0.315,
            0.311,
            0.285,
            0.282,
            0.285,
            0.294
        ],
        [
            0.326,
            0.327,
            0.318,
            0.316,
            0.311,
            0.289,
            0.291,
            0.286,
            0.292
        ],
        [
            0.327,
            0.327,
            0.32,
            0.319,
            0.309,
            0.29,
            0.287,
            0.286,
            0.292
        ],
        [
            0.325,
            0.328,
            0.325,
            0.32,
            0.312,
            0.289,
            0.288,
            0.29,
            0.296
        ],
        [
            0.324,
            0.328,
            0.323,
            0.32,
            0.311,
            0.29,
            0.286,
            0.293,
            0.295
        ],
        [
            0.327,
            0.323,
            0.319,
            0.321,
            0.31,
            0.287,
            0.285,
            0.291,
            0.298
        ],
        [
            0.33,
            0.325,
            0.319,
            0.319,
            0.302,
            0.285,
            0.284,
            0.288,
            0.297
        ],
        [
            0.331,
            0.324,
            0.315,
            0.318,
            0.301,
            0.294,
            0.288,
            0.287,
            0.291
        ],
        [
            0.329,
            0.324,
            0.319,
            0.319,
            0.308,
            0.292,
            0.291,
            0.291,
            0.289
        ],
        [
            0.328,
            0.329,
            0.319,
            0.316,
            0.313,
            0.291,
            0.293,
            0.292,
            0.289
        ],
        [
            0.326,
            0.325,
            0.32,
            0.321,
            0.317,
            0.285,
            0.294,
            0.295,
            0.291
        ],
        [
            0.327,
            0.326,
            0.324,
            0.32,
            0.317,
            0.285,
            0.292,
            0.291,
            0.298
        ],
        [
            0.329,
            0.33,
            0.32,
            0.319,
            0.313,
            0.286,
            0.293,
            0.29,
            0.302
        ],
        [
            0.328,
            0.326,
            0.319,
            0.32,
            0.31,
            0.291,
            0.293,
            0.29,
            0.306
        ],
        [
            0.328,
            0.328,
            0.321,
            0.317,
            0.308,
            0.296,
            0.292,
            0.293,
            0.311
        ],
        [
            0.328,
            0.326,
            0.323,
            0.318,
            0.303,
            0.292,
            0.294,
            0.294,
            0.311
        ],
        [
            0.328,
            0.325,
            0.326,
            0.314,
            0.312,
            0.296,
            0.294,
            0.295,
            0.309
        ],
        [
            0.33,
            0.328,
            0.323,
            0.318,
            0.317,
            0.295,
            0.295,
            0.295,
            0.307
        ],
        [
            0.332,
            0.33,
            0.32,
            0.32,
            0.321,
            0.291,
            0.292,
            0.296,
            0.301
        ],
        [
            0.332,
            0.333,
            0.317,
            0.323,
            0.316,
            0.298,
            0.29,
            0.294,
            0.304
        ]
    ],
    "timestamp": "2026-04-12T16:41:52.549950",
    "label": "not_bee"
}