{
    "event_type": "flower_visit",
    "event_id": "flower_1_20260409162655282985",
    "flower_id": "flower_1",
    "background_dist": 0.17,
    "start_time": 1775770014.0829282,
    "end_time": 1775770015.282838,
    "num_scans": 18,
    "angles": [
        128,
        129,
        130,
        131,
        132,
        133,
        134,
        135,
        136,
        137,
        138,
        139,
        140,
        141,
        142,
        143,
        144,
        145,
        146
    ],
    "distance_series": [
        [
            0.208,
            0.163,
            0.146,
            0.147,
            0.148,
            0.137,
            0.149,
            0.142,
            0.121,
            0.109,
            0.12,
            0.124,
            0.14,
            0.146,
            0.155,
            0.232,
            0.257,
            0.294,
            0.342
        ],
        [
            0.204,
            0.166,
            0.148,
            0.151,
            0.141,
            0.137,
            0.145,
            0.135,
            0.127,
            0.116,
            0.119,
            0.134,
            0.143,
            0.141,
            0.158,
            0.23,
            0.258,
            0.291,
            0.339
        ],
        [
            0.206,
            0.165,
            0.15,
            0.145,
            0.138,
            0.138,
            0.139,
            0.127,
            0.119,
            0.119,
            0.119,
            0.14,
            0.141,
            0.14,
            0.153,
            0.228,
            0.26,
            0.292,
            0.341
        ],
        [
            0.208,
            0.168,
            0.149,
            0.146,
            0.139,
            0.139,
            0.136,
            0.123,
            0.116,
            0.117,
            0.117,
            0.141,
            0.146,
            0.144,
            0.148,
            0.227,
            0.256,
            0.29,
            0.339
        ],
        [
            0.21,
            0.169,
            0.15,
            0.148,
            0.141,
            0.142,
            0.137,
            0.122,
            0.116,
            0.118,
            0.113,
            0.137,
            0.146,
            0.142,
            0.147,
            0.223,
            0.255,
            0.29,
            0.341
        ],
        [
            0.211,
            0.171,
            0.147,
            0.148,
            0.142,
            0.144,
            0.141,
            0.126,
            0.118,
            0.113,
            0.118,
            0.138,
            0.143,
            0.147,
            0.149,
            0.224,
            0.257,
            0.293,
            0.341
        ],
        [
            0.208,
            0.169,
            0.149,
            0.152,
            0.148,
            0.14,
            0.143,
            0.137,
            0.125,
            0.115,
            0.119,
            0.135,
            0.142,
            0.152,
            0.15,
            0.226,
            0.257,
            0.293,
            0.337
        ],
        [
            0.205,
            0.169,
            0.148,
            0.157,
            0.15,
            0.142,
            0.146,
            0.135,
            0.133,
            0.121,
            0.131,
            0.138,
            0.138,
            0.151,
            0.151,
            0.23,
            0.265,
            0.292,
            0.339
        ],
        [
            0.203,
            0.169,
            0.153,
            0.152,
            0.152,
            0.147,
            0.147,
            0.142,
            0.141,
            0.127,
            0.139,
            0.145,
            0.143,
            0.153,
            0.152,
            0.232,
            0.266,
            0.291,
            0.34
        ],
        [
            0.203,
            0.169,
            0.157,
            0.151,
            0.152,
            0.145,
            0.148,
            0.144,
            0.146,
            0.133,
            0.145,
            0.146,
            0.141,
            0.149,
            0.154,
            0.234,
            0.267,
            0.289,
            0.339
        ],
        [
            0.204,
            0.17,
            0.156,
            0.152,
            0.151,
            0.146,
            0.149,
            0.144,
            0.149,
            0.143,
            0.149,
            0.15,
            0.145,
            0.149,
            0.157,
            0.234,
            0.266,
            0.287,
            0.337
        ],
        [
            0.208,
            0.171,
            0.158,
            0.147,
            0.153,
            0.148,
            0.148,
            0.143,
            0.148,
            0.143,
            0.143,
            0.147,
            0.147,
            0.152,
            0.156,
            0.235,
            0.264,
            0.289,
            0.336
        ],
        [
            0.208,
            0.167,
            0.153,
            0.145,
            0.149,
            0.15,
            0.15,
            0.144,
            0.143,
            0.145,
            0.145,
            0.146,
            0.149,
            0.153,
            0.156,
            0.236,
            0.262,
            0.29,
            0.334
        ],
        [
            0.206,
            0.166,
            0.151,
            0.144,
            0.148,
            0.15,
            0.149,
            0.145,
            0.143,
            0.144,
            0.143,
            0.149,
            0.152,
            0.151,
            0.161,
            0.233,
            0.257,
            0.291,
            0.333
        ],
        [
            0.205,
            0.167,
            0.15,
            0.151,
            0.148,
            0.15,
            0.148,
            0.142,
            0.142,
            0.145,
            0.143,
            0.146,
            0.148,
            0.146,
            0.158,
            0.235,
            0.256,
            0.289,
            0.334
        ],
        [
            0.205,
            0.166,
            0.15,
            0.15,
            0.148,
            0.151,
            0.146,
            0.143,
            0.14,
            0.145,
            0.144,
            0.146,
            0.154,
            0.146,
            0.155,
            0.23,
            0.254,
            0.288,
            0.332
        ],
        [
            0.201,
            0.172,
            0.154,
            0.15,
            0.15,
            0.149,
            0.145,
            0.141,
            0.143,
            0.143,
            0.145,
            0.147,
            0.151,
            0.149,
            0.152,
            0.229,
            0.256,
            0.286,
            0.335
        ],
        [
            0.206,
            0.172,
            0.149,
            0.15,
            0.148,
            0.15,
            0.147,
            0.145,
            0.14,
            0.145,
            0.145,
            0.145,
            0.155,
            0.146,
            0.151,
            0.229,
            0.26,
            0.283,
            0.332
        ]
    ],
    "timestamp": "2026-04-09T16:26:55.283118",
    "label": "bee"
}