{
    "event_type": "flower_visit",
    "event_id": "flower_1_20260410190821037673",
    "flower_id": "flower_1",
    "background_dist": 0.38,
    "start_time": 1775866099.50424,
    "end_time": 1775866101.037515,
    "num_scans": 23,
    "angles": [
        128,
        129,
        130,
        131,
        132,
        133,
        134
    ],
    "distance_series": [
        [
            0.432,
            0.331,
            0.332,
            0.346,
            0.36,
            0.369,
            0.378
        ],
        [
            0.389,
            0.331,
            0.334,
            0.352,
            0.369,
            0.373,
            0.381
        ],
        [
            0.386,
            0.334,
            0.336,
            0.349,
            0.367,
            0.376,
            0.377
        ],
        [
            0.425,
            0.343,
            0.334,
            0.348,
            0.369,
            0.375,
            0.382
        ],
        [
            0.467,
            0.343,
            0.327,
            0.343,
            0.365,
            0.375,
            0.379
        ],
        [
            0.511,
            0.343,
            0.335,
            0.35,
            0.36,
            0.377,
            0.377
        ],
        [
            0.472,
            0.339,
            0.333,
            0.354,
            0.363,
            0.374,
            0.379
        ],
        [
            0.432,
            0.336,
            0.339,
            0.354,
            0.358,
            0.376,
            0.38
        ],
        [
            0.432,
            0.341,
            0.347,
            0.364,
            0.365,
            0.373,
            0.386
        ],
        [
            0.39,
            0.342,
            0.342,
            0.362,
            0.362,
            0.374,
            0.383
        ],
        [
            0.44,
            0.356,
            0.343,
            0.359,
            0.367,
            0.378,
            0.38
        ],
        [
            0.453,
            0.363,
            0.342,
            0.359,
            0.371,
            0.378,
            0.379
        ],
        [
            0.407,
            0.358,
            0.345,
            0.363,
            0.374,
            0.373,
            0.377
        ],
        [
            0.457,
            0.356,
            0.343,
            0.366,
            0.372,
            0.376,
            0.378
        ],
        [
            0.457,
            0.35,
            0.339,
            0.37,
            0.372,
            0.376,
            0.381
        ],
        [
            0.454,
            0.352,
            0.345,
            0.373,
            0.373,
            0.371,
            0.377
        ],
        [
            0.503,
            0.365,
            0.357,
            0.372,
            0.374,
            0.375,
            0.375
        ],
        [
            0.497,
            0.378,
            0.36,
            0.362,
            0.372,
            0.373,
            0.378
        ],
        [
            0.503,
            0.385,
            0.365,
            0.355,
            0.374,
            0.38,
            0.377
        ],
        [
            0.543,
            0.384,
            0.364,
            0.358,
            0.375,
            0.379,
            0.381
        ],
        [
            0.506,
            0.377,
            0.352,
            0.359,
            0.375,
            0.378,
            0.377
        ],
        [
            0.464,
            0.366,
            0.345,
            0.358,
            0.372,
            0.374,
            0.381
        ],
        [
            0.461,
            0.363,
            0.345,
            0.36,
            0.365,
            0.371,
            0.384
        ]
    ],
    "timestamp": "2026-04-10T19:08:21.037777",
    "label": "bee"
}