{
    "event_type": "flower_visit",
    "event_id": "flower_2_20260409164250270967",
    "flower_id": "flower_2",
    "background_dist": 0.31,
    "start_time": 1775770966.004645,
    "end_time": 1775770970.2709172,
    "num_scans": 64,
    "angles": [
        163,
        164,
        165,
        166,
        167,
        168,
        169,
        170
    ],
    "distance_series": [
        [
            0.321,
            0.289,
            0.285,
            0.275,
            0.267,
            0.269,
            0.281,
            0.33
        ],
        [
            0.325,
            0.294,
            0.284,
            0.276,
            0.266,
            0.265,
            0.274,
            0.329
        ],
        [
            0.329,
            0.292,
            0.281,
            0.279,
            0.269,
            0.262,
            0.272,
            0.334
        ],
        [
            0.324,
            0.289,
            0.276,
            0.277,
            0.271,
            0.265,
            0.273,
            0.331
        ],
        [
            0.318,
            0.288,
            0.271,
            0.276,
            0.27,
            0.268,
            0.276,
            0.333
        ],
        [
            0.317,
            0.285,
            0.277,
            0.274,
            0.274,
            0.27,
            0.281,
            0.331
        ],
        [
            0.314,
            0.284,
            0.274,
            0.273,
            0.277,
            0.274,
            0.282,
            0.329
        ],
        [
            0.316,
            0.285,
            0.28,
            0.276,
            0.275,
            0.272,
            0.282,
            0.331
        ],
        [
            0.32,
            0.284,
            0.281,
            0.275,
            0.273,
            0.27,
            0.281,
            0.329
        ],
        [
            0.32,
            0.29,
            0.279,
            0.27,
            0.275,
            0.269,
            0.28,
            0.334
        ],
        [
            0.312,
            0.293,
            0.278,
            0.272,
            0.273,
            0.267,
            0.281,
            0.332
        ],
        [
            0.317,
            0.292,
            0.278,
            0.269,
            0.275,
            0.266,
            0.281,
            0.332
        ],
        [
            0.32,
            0.29,
            0.276,
            0.278,
            0.277,
            0.268,
            0.282,
            0.333
        ],
        [
            0.32,
            0.284,
            0.273,
            0.276,
            0.274,
            0.269,
            0.281,
            0.328
        ],
        [
            0.323,
            0.284,
            0.271,
            0.274,
            0.275,
            0.27,
            0.279,
            0.332
        ],
        [
            0.324,
            0.285,
            0.271,
            0.274,
            0.271,
            0.269,
            0.281,
            0.333
        ],
        [
            0.323,
            0.287,
            0.272,
            0.27,
            0.271,
            0.268,
            0.279,
            0.329
        ],
        [
            0.329,
            0.293,
            0.276,
            0.269,
            0.27,
            0.266,
            0.28,
            0.334
        ],
        [
            0.33,
            0.292,
            0.278,
            0.276,
            0.27,
            0.268,
            0.28,
            0.335
        ],
        [
            0.323,
            0.295,
            0.283,
            0.278,
            0.277,
            0.267,
            0.279,
            0.333
        ],
        [
            0.324,
            0.296,
            0.284,
            0.279,
            0.277,
            0.273,
            0.279,
            0.34
        ],
        [
            0.316,
            0.299,
            0.287,
            0.273,
            0.28,
            0.272,
            0.277,
            0.339
        ],
        [
            0.315,
            0.3,
            0.292,
            0.274,
            0.283,
            0.273,
            0.278,
            0.349
        ],
        [
            0.319,
            0.301,
            0.295,
            0.274,
            0.284,
            0.275,
            0.278,
            0.353
        ],
        [
            0.322,
            0.306,
            0.296,
            0.274,
            0.283,
            0.274,
            0.272,
            0.353
        ],
        [
            0.321,
            0.304,
            0.291,
            0.278,
            0.284,
            0.274,
            0.273,
            0.348
        ],
        [
            0.322,
            0.302,
            0.285,
            0.275,
            0.284,
            0.274,
            0.275,
            0.346
        ],
        [
            0.319,
            0.3,
            0.28,
            0.276,
            0.286,
            0.274,
            0.278,
            0.342
        ],
        [
            0.315,
            0.295,
            0.277,
            0.278,
            0.286,
            0.277,
            0.277,
            0.331
        ],
        [
            0.317,
            0.289,
            0.277,
            0.284,
            0.287,
            0.276,
            0.279,
            0.334
        ],
        [
            0.316,
            0.281,
            0.272,
            0.284,
            0.284,
            0.279,
            0.284,
            0.326
        ],
        [
            0.32,
            0.28,
            0.271,
            0.287,
            0.283,
            0.276,
            0.279,
            0.327
        ],
        [
            0.326,
            0.279,
            0.271,
            0.284,
            0.281,
            0.272,
            0.28,
            0.327
        ],
        [
            0.329,
            0.276,
            0.27,
            0.28,
            0.278,
            0.268,
            0.274,
            0.326
        ],
        [
            0.331,
            0.279,
            0.27,
            0.28,
            0.274,
            0.268,
            0.274,
            0.325
        ],
        [
            0.327,
            0.285,
            0.271,
            0.277,
            0.274,
            0.27,
            0.276,
            0.329
        ],
        [
            0.32,
            0.289,
            0.273,
            0.274,
            0.271,
            0.269,
            0.27,
            0.34
        ],
        [
            0.324,
            0.292,
            0.275,
            0.272,
            0.275,
            0.272,
            0.272,
            0.343
        ],
        [
            0.326,
            0.293,
            0.276,
            0.272,
            0.278,
            0.275,
            0.271,
            0.345
        ],
        [
            0.326,
            0.284,
            0.275,
            0.269,
            0.28,
            0.278,
            0.273,
            0.341
        ],
        [
            0.328,
            0.281,
            0.274,
            0.274,
            0.281,
            0.284,
            0.283,
            0.328
        ],
        [
            0.328,
            0.275,
            0.274,
            0.276,
            0.286,
            0.291,
            0.292,
            0.324
        ],
        [
            0.324,
            0.27,
            0.275,
            0.279,
            0.292,
            0.291,
            0.297,
            0.323
        ],
        [
            0.33,
            0.273,
            0.274,
            0.279,
            0.29,
            0.289,
            0.303,
            0.323
        ],
        [
            0.333,
            0.272,
            0.271,
            0.279,
