{
    "event_type": "flower_visit",
    "event_id": "flower_2_20260409164155938854",
    "flower_id": "flower_2",
    "background_dist": 0.31,
    "start_time": 1775770914.871874,
    "end_time": 1775770915.9386811,
    "num_scans": 16,
    "angles": [
        163,
        164,
        165,
        166,
        167,
        168,
        169,
        170
    ],
    "distance_series": [
        [
            0.267,
            0.258,
            0.291,
            0.302,
            0.296,
            0.301,
            0.299,
            0.319
        ],
        [
            0.266,
            0.26,
            0.287,
            0.299,
            0.297,
            0.301,
            0.302,
            0.314
        ],
        [
            0.262,
            0.262,
            0.289,
            0.303,
            0.302,
            0.304,
            0.303,
            0.31
        ],
        [
            0.27,
            0.261,
            0.279,
            0.303,
            0.304,
            0.302,
            0.306,
            0.311
        ],
        [
            0.27,
            0.262,
            0.271,
            0.3,
            0.304,
            0.302,
            0.306,
            0.314
        ],
        [
            0.27,
            0.259,
            0.27,
            0.305,
            0.301,
            0.301,
            0.308,
            0.329
        ],
        [
            0.27,
            0.262,
            0.274,
            0.304,
            0.301,
            0.305,
            0.306,
            0.33
        ],
        [
            0.278,
            0.274,
            0.289,
            0.3,
            0.304,
            0.307,
            0.311,
            0.329
        ],
        [
            0.287,
            0.285,
            0.297,
            0.304,
            0.304,
            0.306,
            0.311,
            0.327
        ],
        [
            0.303,
            0.297,
            0.305,
            0.3,
            0.305,
            0.31,
            0.309,
            0.32
        ],
        [
            0.315,
            0.304,
            0.3,
            0.295,
            0.307,
            0.306,
            0.303,
            0.325
        ],
        [
            0.319,
            0.3,
            0.304,
            0.299,
            0.302,
            0.3,
            0.297,
            0.319
        ],
        [
            0.319,
            0.305,
            0.305,
            0.302,
            0.302,
            0.303,
            0.3,
            0.325
        ],
        [
            0.314,
            0.301,
            0.304,
            0.307,
            0.303,
            0.303,
            0.304,
            0.328
        ],
        [
            0.316,
            0.303,
            0.304,
            0.304,
            0.299,
            0.306,
            0.307,
            0.333
        ],
        [
            0.318,
            0.301,
            0.304,
            0.307,
            0.302,
            0.304,
            0.313,
            0.331
        ]
    ],
    "timestamp": "2026-04-09T16:41:55.938948",
    "label": "bee"
}