{
    "event_type": "flower_visit",
    "event_id": "flower_1_20260412180739965235",
    "flower_id": "flower_1",
    "background_dist": 0.35,
    "start_time": 1776035258.231781,
    "end_time": 1776035259.9650939,
    "num_scans": 26,
    "angles": [
        88,
        89,
        90,
        91,
        92,
        93,
        94
    ],
    "distance_series": [
        [
            0.356,
            0.354,
            0.348,
            0.31,
            0.311,
            0.304,
            0.304
        ],
        [
            0.353,
            0.354,
            0.347,
            0.31,
            0.312,
            0.3,
            0.306
        ],
        [
            0.351,
            0.348,
            0.344,
            0.31,
            0.311,
            0.301,
            0.306
        ],
        [
            0.346,
            0.348,
            0.346,
            0.308,
            0.312,
            0.304,
            0.307
        ],
        [
            0.345,
            0.345,
            0.347,
            0.309,
            0.309,
            0.304,
            0.307
        ],
        [
            0.349,
            0.35,
            0.346,
            0.31,
            0.309,
            0.308,
            0.307
        ],
        [
            0.346,
            0.355,
            0.35,
            0.311,
            0.312,
            0.306,
            0.306
        ],
        [
            0.348,
            0.352,
            0.353,
            0.313,
            0.309,
            0.304,
            0.304
        ],
        [
            0.345,
            0.351,
            0.352,
            0.31,
            0.31,
            0.304,
            0.307
        ],
        [
            0.345,
            0.353,
            0.354,
            0.311,
            0.312,
            0.304,
            0.31
        ],
        [
            0.344,
            0.352,
            0.354,
            0.305,
            0.312,
            0.3,
            0.305
        ],
        [
            0.347,
            0.357,
            0.351,
            0.303,
            0.309,
            0.299,
            0.309
        ],
        [
            0.351,
            0.358,
            0.349,
            0.308,
            0.309,
            0.305,
            0.308
        ],
        [
            0.343,
            0.35,
            0.35,
            0.312,
            0.31,
            0.31,
            0.304
        ],
        [
            0.346,
            0.348,
            0.349,
            0.309,
            0.309,
            0.309,
            0.306
        ],
        [
            0.341,
            0.344,
            0.343,
            0.313,
            0.308,
            0.309,
            0.306
        ],
        [
            0.342,
            0.346,
            0.342,
            0.323,
            0.315,
            0.313,
            0.308
        ],
        [
            0.35,
            0.351,
            0.346,
            0.331,
            0.324,
            0.317,
            0.311
        ],
        [
            0.352,
            0.354,
            0.349,
            0.339,
            0.335,
            0.326,
            0.317
        ],
        [
            0.358,
            0.355,
            0.353,
            0.351,
            0.341,
            0.344,
            0.333
        ],
        [
            0.36,
            0.355,
            0.354,
            0.349,
            0.347,
            0.35,
            0.344
        ],
        [
            0.359,
            0.354,
            0.353,
            0.352,
            0.349,
            0.361,
            0.356
        ],
        [
            0.357,
            0.352,
            0.351,
            0.35,
            0.348,
            0.365,
            0.36
        ],
        [
            0.361,
            0.351,
            0.346,
            0.349,
            0.349,
            0.365,
            0.357
        ],
        [
            0.365,
            0.355,
            0.344,
            0.351,
            0.352,
            0.358,
            0.356
        ],
        [
            0.368,
            0.354,
            0.347,
            0.352,
            0.353,
            0.356,
            0.359
        ]
    ],
    "timestamp": "2026-04-12T18:07:39.965322",
    "label": "not_bee"
}