{
    "event_type": "flower_visit",
    "event_id": "flower_1_20260410191932234499",
    "flower_id": "flower_1",
    "background_dist": 0.38,
    "start_time": 1775866768.83433,
    "end_time": 1775866772.234337,
    "num_scans": 51,
    "angles": [
        128,
        129,
        130,
        131,
        132,
        133,
        134
    ],
    "distance_series": [
        [
            0.367,
            0.345,
            0.325,
            0.341,
            0.368,
            0.376,
            0.381
        ],
        [
            0.366,
            0.346,
            0.327,
            0.336,
            0.357,
            0.37,
            0.38
        ],
        [
            0.377,
            0.357,
            0.338,
            0.332,
            0.351,
            0.366,
            0.376
        ],
        [
            0.383,
            0.363,
            0.345,
            0.332,
            0.343,
            0.368,
            0.381
        ],
        [
            0.385,
            0.368,
            0.354,
            0.337,
            0.339,
            0.365,
            0.388
        ],
        [
            0.42,
            0.369,
            0.353,
            0.34,
            0.347,
            0.368,
            0.383
        ],
        [
            0.415,
            0.362,
            0.342,
            0.346,
            0.355,
            0.37,
            0.383
        ],
        [
            0.416,
            0.356,
            0.332,
            0.353,
            0.365,
            0.369,
            0.384
        ],
        [
            0.457,
            0.357,
            0.323,
            0.353,
            0.37,
            0.366,
            0.38
        ],
        [
            0.418,
            0.363,
            0.32,
            0.345,
            0.365,
            0.37,
            0.383
        ],
        [
            0.454,
            0.371,
            0.33,
            0.338,
            0.359,
            0.373,
            0.381
        ],
        [
            0.493,
            0.378,
            0.342,
            0.33,
            0.35,
            0.368,
            0.381
        ],
        [
            0.453,
            0.373,
            0.349,
            0.325,
            0.343,
            0.367,
            0.379
        ],
        [
            0.453,
            0.366,
            0.352,
            0.324,
            0.348,
            0.37,
            0.377
        ],
        [
            0.417,
            0.363,
            0.342,
            0.332,
            0.354,
            0.365,
            0.374
        ],
        [
            0.423,
            0.36,
            0.336,
            0.335,
            0.36,
            0.366,
            0.376
        ],
        [
            0.462,
            0.366,
            0.327,
            0.342,
            0.37,
            0.373,
            0.377
        ],
        [
            0.497,
            0.371,
            0.325,
            0.344,
            0.371,
            0.374,
            0.373
        ],
        [
            0.534,
            0.37,
            0.327,
            0.334,
            0.36,
            0.37,
            0.379
        ],
        [
            0.535,
            0.375,
            0.338,
            0.327,
            0.356,
            0.371,
            0.385
        ],
        [
            0.491,
            0.376,
            0.349,
            0.325,
            0.353,
            0.368,
            0.382
        ],
        [
            0.459,
            0.376,
            0.35,
            0.323,
            0.349,
            0.364,
            0.381
        ],
        [
            0.425,
            0.37,
            0.349,
            0.326,
            0.352,
            0.365,
            0.381
        ],
        [
            0.386,
            0.367,
            0.337,
            0.334,
            0.358,
            0.365,
            0.383
        ],
        [
            0.391,
            0.366,
            0.329,
            0.331,
            0.363,
            0.366,
            0.382
        ],
        [
            0.431,
            0.37,
            0.328,
            0.329,
            0.368,
            0.371,
            0.381
        ],
        [
            0.463,
            0.373,
            0.33,
            0.325,
            0.362,
            0.373,
            0.375
        ],
        [
            0.501,
            0.373,
            0.335,
            0.327,
            0.355,
            0.371,
            0.374
        ],
        [
            0.501,
            0.371,
            0.348,
            0.331,
            0.354,
            0.372,
            0.376
        ],
        [
            0.46,
            0.375,
            0.353,
            0.343,
            0.357,
            0.37,
            0.377
        ],
        [
            0.462,
            0.372,
            0.352,
            0.348,
            0.363,
            0.369,
            0.38
        ],
        [
            0.455,
            0.372,
            0.347,
            0.358,
            0.365,
            0.366,
            0.385
        ],
        [
            0.46,
            0.372,
            0.344,
            0.364,
            0.375,
            0.368,
            0.387
        ],
        [
            0.457,
            0.37,
            0.337,
            0.356,
            0.371,
            0.364,
            0.386
        ],
        [
            0.458,
            0.373,
            0.337,
            0.347,
            0.366,
            0.368,
            0.386
        ],
        [
            0.462,
            0.379,
            0.342,
            0.337,
            0.367,
            0.367,
            0.386
        ],
        [
            0.499,
            0.379,
            0.329,
            0.333,
            0.365,
            0.364,
            0.379
        ],
        [
            0.501,
            0.372,
            0.324,
            0.338,
            0.364,
            0.365,
            0.372
        ],
        [
            0.503,
            0.37,
            0.321,
            0.347,
            0.369,
            0.367,
            0.373
        ],
        [
            0.448,
            0.356,
            0.318,
            0.354,
            0.37,
            0.371,
            0.376
        ],
        [
            0.39,
            0.339,
            0.319,
            0.346,
            0.362,
            0.375,
            0.378
        ],
        [
            0.388,
            0.346,
            0.332,
            0.346,
            0.36,
            0.373,
            0.379
        ],
        [
            0.361,
            0.35,
            0.342,
            0.352,
            0.366,
            0.375,
            0.379
        ],
        [
            0.371,
            0.364,
            0.353,
            0.36,
            0.365,
            0.375,
            0.385
        ],
        [
            0.409,
            0.388,
            0.368,
            0.372,
            0.368,
            0.38,
            0.38
        ],
        [
            0.406,
            0.384,
            0.365,
            0.373,
            0.369,
            0.377,
            0.385
        ],
        [
            0.411,
            0.382,
            0.367,
            0.37,
            0.371,
            0.377,
            0.381
        ],
        [
            0.455,
            0.376,
            0.368,
            0.371,
            0.369,
            0.376,
            0.38
        ],
        [
            0.462,
            0.376,
            0.368,
            0.371,
            0.37,
            0.374,
            0.382
        ],
        [
            0.501,
            0.381,
            0.368,
            0.37,
            0.37,
            0.374,
            0.382
        ],
        [
