{
    "event_type": "flower_visit",
    "event_id": "flower_1_20260410191952034224",
    "flower_id": "flower_1",
    "background_dist": 0.38,
    "start_time": 1775866790.301255,
    "end_time": 1775866792.034082,
    "num_scans": 26,
    "angles": [
        128,
        129,
        130,
        131,
        132,
        133,
        134
    ],
    "distance_series": [
        [
            0.367,
            0.326,
            0.362,
            0.37,
            0.366,
            0.376,
            0.382
        ],
        [
            0.374,
            0.332,
            0.358,
            0.375,
            0.37,
            0.368,
            0.379
        ],
        [
            0.384,
            0.335,
            0.346,
            0.375,
            0.368,
            0.371,
            0.38
        ],
        [
            0.391,
            0.341,
            0.347,
            0.368,
            0.368,
            0.373,
            0.381
        ],
        [
            0.442,
            0.351,
            0.345,
            0.369,
            0.369,
            0.373,
            0.385
        ],
        [
            0.409,
            0.356,
            0.351,
            0.366,
            0.37,
            0.377,
            0.385
        ],
        [
            0.408,
            0.357,
            0.352,
            0.366,
            0.372,
            0.377,
            0.384
        ],
        [
            0.453,
            0.358,
            0.351,
            0.368,
            0.371,
            0.378,
            0.378
        ],
        [
            0.452,
            0.352,
            0.351,
            0.371,
            0.367,
            0.374,
            0.377
        ],
        [
            0.488,
            0.345,
            0.348,
            0.368,
            0.364,
            0.375,
            0.377
        ],
        [
            0.477,
            0.336,
            0.358,
            0.363,
            0.364,
            0.372,
            0.382
        ],
        [
            0.429,
            0.329,
            0.364,
            0.365,
            0.37,
            0.37,
            0.387
        ],
        [
            0.379,
            0.33,
            0.362,
            0.366,
            0.371,
            0.371,
            0.382
        ],
        [
            0.332,
            0.325,
            0.366,
            0.368,
            0.372,
            0.375,
            0.381
        ],
        [
            0.375,
            0.328,
            0.366,
            0.372,
            0.372,
            0.373,
            0.376
        ],
        [
            0.426,
            0.334,
            0.366,
            0.373,
            0.37,
            0.371,
            0.375
        ],
        [
            0.476,
            0.339,
            0.363,
            0.371,
            0.369,
            0.372,
            0.376
        ],
        [
            0.524,
            0.341,
            0.356,
            0.366,
            0.368,
            0.372,
            0.379
        ],
        [
            0.532,
            0.35,
            0.358,
            0.364,
            0.37,
            0.374,
            0.386
        ],
        [
            0.529,
            0.363,
            0.365,
            0.359,
            0.368,
            0.378,
            0.379
        ],
        [
            0.526,
            0.375,
            0.37,
            0.364,
            0.37,
            0.374,
            0.385
        ],
        [
            0.491,
            0.377,
            0.369,
            0.366,
            0.372,
            0.375,
            0.384
        ],
        [
            0.45,
            0.377,
            0.369,
            0.374,
            0.374,
            0.377,
            0.384
        ],
        [
            0.417,
            0.38,
            0.37,
            0.374,
            0.377,
            0.384,
            0.383
        ],
        [
            0.387,
            0.371,
            0.369,
            0.373,
            0.373,
            0.385,
            0.378
        ],
        [
            0.413,
            0.379,
            0.371,
            0.372,
            0.376,
            0.377,
            0.379
        ]
    ],
    "timestamp": "2026-04-10T19:19:52.034316",
    "label": "bee"
}