{
    "event_type": "flower_visit",
    "event_id": "flower_1_20260409164124272623",
    "flower_id": "flower_1",
    "background_dist": 0.2,
    "start_time": 1775770882.472265,
    "end_time": 1775770884.272479,
    "num_scans": 27,
    "angles": [
        76,
        77,
        78,
        79,
        80,
        81,
        82,
        83,
        84,
        85,
        86,
        87,
        88
    ],
    "distance_series": [
        [
            0.211,
            0.2,
            0.185,
            0.171,
            0.17,
            0.166,
            0.168,
            0.166,
            0.175,
            0.167,
            0.171,
            0.169,
            0.171
        ],
        [
            0.208,
            0.201,
            0.187,
            0.176,
            0.171,
            0.161,
            0.165,
            0.164,
            0.166,
            0.159,
            0.159,
            0.156,
            0.159
        ],
        [
            0.207,
            0.2,
            0.188,
            0.184,
            0.167,
            0.162,
            0.168,
            0.162,
            0.16,
            0.157,
            0.152,
            0.152,
            0.157
        ],
        [
            0.213,
            0.2,
            0.185,
            0.18,
            0.17,
            0.164,
            0.163,
            0.167,
            0.167,
            0.161,
            0.16,
            0.158,
            0.155
        ],
        [
            0.215,
            0.204,
            0.188,
            0.193,
            0.184,
            0.168,
            0.166,
            0.165,
            0.164,
            0.163,
            0.16,
            0.154,
            0.155
        ],
        [
            0.211,
            0.199,
            0.188,
            0.191,
            0.182,
            0.168,
            0.167,
            0.165,
            0.165,
            0.158,
            0.157,
            0.154,
            0.155
        ],
        [
            0.213,
            0.2,
            0.188,
            0.192,
            0.183,
            0.165,
            0.159,
            0.166,
            0.165,
            0.157,
            0.159,
            0.155,
            0.154
        ],
        [
            0.216,
            0.202,
            0.191,
            0.198,
            0.185,
            0.169,
            0.159,
            0.16,
            0.163,
            0.156,
            0.153,
            0.151,
            0.153
        ],
        [
            0.215,
            0.197,
            0.186,
            0.189,
            0.178,
            0.17,
            0.16,
            0.162,
            0.17,
            0.163,
            0.166,
            0.164,
            0.157
        ],
        [
            0.212,
            0.206,
            0.192,
            0.184,
            0.173,
            0.165,
            0.162,
            0.164,
            0.17,
            0.159,
            0.165,
            0.166,
            0.158
        ],
        [
            0.213,
            0.198,
            0.191,
            0.186,
            0.182,
            0.174,
            0.163,
            0.175,
            0.178,
            0.172,
            0.182,
            0.18,
            0.149
        ],
        [
            0.215,
            0.204,
            0.194,
            0.182,
            0.184,
            0.169,
            0.167,
            0.18,
            0.181,
            0.171,
            0.183,
            0.182,
            0.157
        ],
        [
            0.215,
            0.204,
            0.197,
            0.187,
            0.18,
            0.169,
            0.164,
            0.171,
            0.171,
            0.167,
            0.173,
            0.175,
            0.161
        ],
        [
            0.211,
            0.2,
            0.191,
            0.186,
            0.181,
            0.174,
            0.177,
            0.182,
            0.182,
            0.184,
            0.187,
            0.186,
            0.163
        ],
        [
            0.204,
            0.201,
            0.188,
            0.182,
            0.174,
            0.166,
            0.176,
            0.169,
            0.171,
            0.175,
            0.183,
            0.182,
            0.172
        ],
        [
            0.204,
            0.196,
            0.19,
            0.183,
            0.169,
            0.168,
            0.177,
            0.165,
            0.169,
            0.172,
            0.182,
            0.184,
            0.174
        ],
        [
            0.202,
            0.198,
            0.184,
            0.183,
            0.179,
            0.171,
            0.175,
            0.166,
            0.18,
            0.183,
            0.194,
            0.188,
            0.172
        ],
        [
            0.209,
            0.202,
            0.188,
            0.185,
            0.181,
            0.173,
            0.158,
            0.159,
            0.173,
            0.18,
            0.186,
            0.182,
            0.17
        ],
        [
            0.216,
            0.206,
            0.19,
            0.192,
            0.188,
            0.176,
            0.165,
            0.161,
            0.177,
            0.178,
            0.18,
            0.174,
            0.16
        ],
        [
            0.219,
            0.203,
            0.191,
            0.194,
            0.196,
            0.183,
            0.178,
            0.17,
            0.186,
            0.185,
            0.188,
            0.18,
            0.174
        ],
        [
            0.218,
            0.205,
            0.195,
            0.191,
            0.201,
            0.187,
            0.179,
            0.178,
            0.18,
            0.178,
            0.18,
            0.176,
            0.17
        ],
        [
            0.215,
            0.202,
            0.2,
            0.191,
            0.198,
            0.188,
            0.189,
            0.179,
            0.179,
            0.169,
            0.173,
            0.169,
            0.167
        ],
        [
            0.215,
            0.197,
            0.195,
            0.186,
            0.2,
            0.193,
            0.194,
            0.186,
            0.191,
            0.173,
            0.178,
            0.176,
            0.174
        ],
        [
            0.213,
            0.204,
            0.192,
            0.188,
            0.194,
            0.189,
            0.187,
            0.188,
            0.186,
            0.176,
            0.179,
            0.175,
            0.179
        ],
        [
            0.205,
            0.189,
            0.186,
            0.183,
            0.183,
            0.182,
            0.179,
            0.181,
            0.187,
            0.182,
            0.192,
            0.189,
            1.809
        ],
        [
            0.206,
            0.193,
            0.183,
            0.18,
            0.175,
            0.18,
            0.183,
            0.19,
            0.196,
            0.192,
            0.206,
            0.199,
            1.806
        ],
        [
            0.2,
            0.188,
            0.183,
            0.175,
            0.171,
            0.173,
            0.173,
            0.177,
            0.193,
            0.204,
            0.205,
            0.197,
            1.795
        ]
    ],
    "timestamp": "2026-04-09T16:41:24.272713",
    "label": "bee"
}