{
    "event_type": "flower_visit",
    "event_id": "flower_2_20260409162852281089",
    "flower_id": "flower_2",
    "background_dist": 0.42,
    "start_time": 1775770130.6146371,
    "end_time": 1775770132.28093,
    "num_scans": 25,
    "angles": [
        194,
        195,
        196,
        197,
        198,
        199,
        200
    ],
    "distance_series": [
        [
            0.39,
            0.393,
            0.416,
            0.421,
            0.421,
            0.426,
            1.725
        ],
        [
            0.396,
            0.394,
            0.414,
            0.424,
            0.42,
            0.424,
            1.725
        ],
        [
            0.397,
            0.393,
            0.412,
            0.421,
            0.421,
            0.429,
            0.43
        ],
        [
            0.394,
            0.399,
            0.413,
            0.423,
            0.42,
            0.424,
            0.432
        ],
        [
            0.382,
            0.4,
            0.414,
            0.421,
            0.424,
            0.422,
            0.433
        ],
        [
            0.383,
            0.395,
            0.415,
            0.422,
            0.421,
            0.425,
            0.433
        ],
        [
            0.373,
            0.4,
            0.413,
            0.422,
            0.419,
            0.424,
            0.432
        ],
        [
            0.378,
            0.393,
            0.414,
            0.417,
            0.419,
            0.421,
            0.429
        ],
        [
            0.39,
            0.393,
            0.412,
            0.421,
            0.42,
            0.424,
            0.429
        ],
        [
            0.4,
            0.396,
            0.414,
            0.418,
            0.422,
            0.425,
            0.425
        ],
        [
            0.406,
            0.397,
            0.409,
            0.418,
            0.421,
            0.425,
            0.423
        ],
        [
            0.392,
            0.399,
            0.41,
            0.421,
            0.42,
            0.426,
            0.424
        ],
        [
            0.377,
            0.401,
            0.406,
            0.418,
            0.419,
            0.426,
            0.421
        ],
        [
            0.377,
            0.401,
            0.404,
            0.419,
            0.419,
            0.423,
            0.419
        ],
        [
            0.383,
            0.407,
            0.415,
            0.42,
            0.418,
            0.421,
            0.417
        ],
        [
            0.375,
            0.409,
            0.41,
            0.42,
            0.421,
            0.421,
            0.418
        ],
        [
            0.383,
            0.405,
            0.41,
            0.422,
            0.42,
            0.428,
            1.722
        ],
        [
            0.396,
            0.403,
            0.415,
            0.422,
            0.421,
            0.423,
            1.722
        ],
        [
            0.433,
            0.398,
            0.408,
            0.422,
            0.416,
            0.424,
            1.722
        ],
        [
            0.467,
            0.405,
            0.416,
            0.417,
            0.417,
            0.424,
            1.718
        ],
        [
            0.499,
            0.417,
            0.42,
            0.414,
            0.417,
            0.426,
            1.713
        ],
        [
            0.512,
            0.423,
            0.421,
            0.416,
            0.419,
            0.427,
            1.713
        ],
        [
            0.512,
            0.423,
            0.421,
            0.419,
            0.416,
            0.427,
            1.713
        ],
        [
            0.513,
            0.42,
            0.417,
            0.421,
            0.415,
            0.424,
            0.42
        ],
        [
            0.511,
            0.423,
            0.419,
            0.423,
            0.42,
            0.427,
            0.419
        ]
    ],
    "timestamp": "2026-04-09T16:28:52.281180",
    "label": "bee"
}