{
    "event_type": "flower_visit",
    "event_id": "flower_2_20260412181005963436",
    "flower_id": "flower_2",
    "background_dist": 0.19,
    "start_time": 1776035403.7119858,
    "end_time": 1776035405.96327,
    "num_scans": 34,
    "angles": [
        156,
        157,
        158,
        159,
        160,
        161,
        162,
        163,
        164,
        165,
        166,
        167,
        168,
        169,
        170,
        171
    ],
    "distance_series": [
        [
            0.148,
            0.145,
            0.148,
            0.141,
            0.148,
            0.146,
            0.158,
            0.157,
            0.157,
            0.171,
            0.18,
            0.167,
            0.164,
            0.172,
            0.2,
            0.189
        ],
        [
            0.153,
            0.155,
            0.151,
            0.145,
            0.149,
            0.148,
            0.152,
            0.156,
            0.157,
            0.175,
            0.18,
            0.168,
            0.164,
            0.171,
            0.199,
            0.181
        ],
        [
            0.152,
            0.157,
            0.155,
            0.14,
            0.147,
            0.145,
            0.146,
            0.155,
            0.159,
            0.177,
            0.186,
            0.167,
            0.163,
            0.175,
            0.199,
            0.18
        ],
        [
            0.147,
            0.157,
            0.153,
            0.141,
            0.145,
            0.143,
            0.153,
            0.158,
            0.168,
            0.179,
            0.178,
            0.168,
            0.165,
            0.182,
            0.199,
            0.193
        ],
        [
            0.147,
            0.159,
            0.148,
            0.142,
            0.144,
            0.146,
            0.153,
            0.162,
            0.166,
            0.177,
            0.179,
            0.166,
            0.167,
            0.182,
            0.198,
            0.189
        ],
        [
            0.151,
            0.157,
            0.147,
            0.144,
            0.146,
            0.149,
            0.157,
            0.164,
            0.161,
            0.177,
            0.18,
            0.168,
            0.168,
            0.188,
            0.196,
            0.196
        ],
        [
            0.151,
            0.148,
            0.149,
            0.144,
            0.146,
            0.149,
            0.161,
            0.164,
            0.161,
            0.169,
            0.18,
            0.175,
            0.168,
            0.188,
            0.198,
            0.193
        ],
        [
            0.156,
            0.144,
            0.151,
            0.141,
            0.147,
            0.147,
            0.162,
            0.169,
            0.161,
            0.167,
            0.183,
            0.176,
            0.171,
            0.187,
            0.197,
            0.19
        ],
        [
            0.154,
            0.15,
            0.153,
            0.141,
            0.15,
            0.149,
            0.167,
            0.173,
            0.161,
            0.168,
            0.184,
            0.176,
            0.165,
            0.188,
            0.197,
            0.19
        ],
        [
            0.152,
            0.152,
            0.15,
            0.146,
            0.148,
            0.148,
            0.172,
            0.174,
            0.164,
            0.167,
            0.184,
            0.176,
            0.173,
            0.187,
            0.2,
            0.189
        ],
        [
            0.155,
            0.153,
            0.15,
            0.146,
            0.15,
            0.152,
            0.174,
            0.168,
            0.165,
            0.171,
            0.183,
            0.18,
            0.184,
            0.19,
            0.2,
            0.189
        ],
        [
            0.158,
            0.155,
            0.154,
            0.145,
            0.147,
            0.152,
            0.176,
            0.176,
            0.166,
            0.168,
            0.184,
            0.183,
            0.189,
            0.192,
            0.2,
            0.2
        ],
        [
            0.161,
            0.152,
            0.15,
            0.147,
            0.143,
            0.148,
            0.17,
            0.17,
            0.163,
            0.17,
            0.187,
            0.188,
            0.193,
            0.192,
            0.2,
            0.198
        ],
        [
            0.153,
            0.153,
            0.147,
            0.15,
            0.144,
            0.149,
            0.175,
            0.167,
            0.165,
            0.172,
            0.188,
            0.19,
            0.189,
            0.197,
            0.2,
            0.194
        ],
        [
            0.158,
            0.151,
            0.149,
            0.148,
            0.14,
            0.149,
            0.178,
            0.176,
            0.165,
            0.177,
            0.187,
            0.187,
            0.19,
            0.198,
            0.2,
            0.198
        ],
        [
            0.155,
            0.158,
            0.149,
            0.151,
            0.146,
            0.149,
            0.176,
            0.174,
            0.168,
            0.174,
            0.19,
            0.188,
            0.19,
            0.2,
            0.201,
            0.193
        ],
        [
            0.154,
            0.156,
            0.15,
            0.148,
            0.15,
            0.157,
            0.178,
            0.173,
            0.167,
            0.173,
            0.187,
            0.189,
            0.199,
            0.208,
            0.2,
            0.187
        ],
        [
            0.161,
            0.158,
            0.15,
            0.145,
            0.153,
            0.161,
            0.178,
            0.17,
            0.166,
            0.175,
            0.186,
            0.185,
            0.19,
            0.204,
            0.199,
            0.19
        ],
        [
            0.157,
            0.156,
            0.152,
            0.147,
            0.156,
            0.163,
            0.178,
            0.169,
            0.163,
            0.175,
            0.187,
            0.185,
            0.187,
            0.204,
            0.201,
            0.193
        ],
        [
            0.158,
            0.156,
            0.15,
            0.143,
            0.158,
            0.16,
            0.172,
            0.17,
            0.165,
            0.177,
            0.188,
            0.182,
            0.183,
            0.209,
            0.203,
            0.198
        ],
        [
            0.158,
            0.153,
            0.148,
            0.149,
            0.153,
            0.152,
            0.176,
            0.174,
            0.168,
            0.176,
            0.184,
            0.186,
            0.18,
            0.205,
            0.202,
            0.196
        ],
        [
            0.157,
            0.153,
            0.155,
            0.148,
            0.151,
            0.155,
            0.178,
            0.169,
            0.165,
            0.18,
            0.186,
            0.187,
            0.182,
            0.204,
            0.202,
            0.193
        ],
        [
            0.16,
            0.157,
            0.154,
            0.146,
            0.149,
            0.158,
            0.173,
            0.17,
            0.165,
            0.182,
            0.178,
            0.184,
            0.184,
            0.205,
            0.202,
            0.191
        ],
        [
            0.161,
            0.152,
            0.154,
            0.147,
            0.148,
