{
    "event_type": "flower_visit",
    "event_id": "flower_1_20260409164259338623",
    "flower_id": "flower_1",
    "background_dist": 0.2,
    "start_time": 1775770975.204412,
    "end_time": 1775770979.338484,
    "num_scans": 62,
    "angles": [
        76,
        77,
        78,
        79,
        80,
        81,
        82,
        83,
        84,
        85,
        86,
        87,
        88
    ],
    "distance_series": [
        [
            0.208,
            0.202,
            0.195,
            0.191,
            0.158,
            0.162,
            0.173,
            0.188,
            0.204,
            0.206,
            0.199,
            0.197,
            0.157
        ],
        [
            0.205,
            0.201,
            0.191,
            0.192,
            0.15,
            0.16,
            0.176,
            0.189,
            0.202,
            0.205,
            0.204,
            0.201,
            0.177
        ],
        [
            0.207,
            0.194,
            0.192,
            0.193,
            0.149,
            0.157,
            0.179,
            0.191,
            0.2,
            0.202,
            0.21,
            0.2,
            0.182
        ],
        [
            0.211,
            0.192,
            0.189,
            0.19,
            0.151,
            0.151,
            0.178,
            0.194,
            0.198,
            0.202,
            0.208,
            0.197,
            0.187
        ],
        [
            0.214,
            0.199,
            0.188,
            0.18,
            0.156,
            0.154,
            0.165,
            0.187,
            0.204,
            0.201,
            0.202,
            0.193,
            2.021
        ],
        [
            0.217,
            0.194,
            0.191,
            0.187,
            0.165,
            0.152,
            0.163,
            0.19,
            0.199,
            0.203,
            0.202,
            0.196,
            1.995
        ],
        [
            0.217,
            0.195,
            0.188,
            0.194,
            0.167,
            0.154,
            0.158,
            0.194,
            0.197,
            0.199,
            0.201,
            0.196,
            3.871
        ],
        [
            0.212,
            0.202,
            0.191,
            0.193,
            0.175,
            0.154,
            0.158,
            0.191,
            0.197,
            0.2,
            0.203,
            0.198,
            3.861
        ],
        [
            0.211,
            0.199,
            0.193,
            0.19,
            0.174,
            0.152,
            0.162,
            0.194,
            0.2,
            0.195,
            0.203,
            0.202,
            2.032
        ],
        [
            0.213,
            0.198,
            0.193,
            0.185,
            0.171,
            0.151,
            0.168,
            0.198,
            0.2,
            0.194,
            0.203,
            0.201,
            2.055
        ],
        [
            0.218,
            0.198,
            0.199,
            0.184,
            0.173,
            0.155,
            0.171,
            0.195,
            0.205,
            0.202,
            0.198,
            0.2,
            0.201
        ],
        [
            0.218,
            0.199,
            0.196,
            0.185,
            0.174,
            0.156,
            0.167,
            0.194,
            0.206,
            0.203,
            0.202,
            0.202,
            0.202
        ],
        [
            0.22,
            0.203,
            0.191,
            0.186,
            0.178,
            0.161,
            0.155,
            0.185,
            0.197,
            0.206,
            0.202,
            0.199,
            2.027
        ],
        [
            0.217,
            0.197,
            0.19,
            0.191,
            0.186,
            0.172,
            0.154,
            0.17,
            0.188,
            0.205,
            0.201,
            0.202,
            3.843
        ],
        [
            0.213,
            0.196,
            0.195,
            0.188,
            0.188,
            0.181,
            0.163,
            0.158,
            0.174,
            0.204,
            0.204,
            0.203,
            3.839
        ],
        [
            0.213,
            0.195,
            0.196,
            0.188,
            0.191,
            0.189,
            0.162,
            0.155,
            0.162,
            0.191,
            0.204,
            0.2,
            5.65
        ],
        [
            0.216,
            0.199,
            0.198,
            0.194,
            0.192,
            0.193,
            0.162,
            0.154,
            0.158,
            0.191,
            0.208,
            0.199,
            3.815
        ],
        [
            0.221,
            0.2,
            0.202,
            0.189,
            0.195,
            0.187,
            0.161,
            0.155,
            0.169,
            0.196,
            0.207,
            0.195,
            1.986
        ],
        [
            0.221,
            0.199,
            0.202,
            0.191,
            0.194,
            0.186,
            0.162,
            0.158,
            0.179,
            0.193,
            0.207,
            0.198,
            1.987
        ],
        [
            0.222,
            0.2,
            0.199,
            0.187,
            0.189,
            0.171,
            0.156,
            0.163,
            0.192,
            0.198,
            0.21,
            0.197,
            1.977
        ],
        [
            0.223,
            0.204,
            0.196,
            0.187,
            0.187,
            0.165,
            0.157,
            0.17,
            0.203,
            0.201,
            0.209,
            0.197,
            3.793
        ],
        [
            0.217,
            0.2,
            0.191,
            0.183,
            0.183,
            0.17,
            0.158,
            0.166,
            0.199,
            0.206,
            0.207,
            0.202,
            5.603
        ],
        [
            0.213,
            0.2,
            0.193,
            0.183,
            0.19,
            0.175,
            0.162,
            0.161,
            0.188,
            0.201,
            0.202,
            0.195,
            7.413
        ],
        [
            0.211,
            0.199,
            0.19,
            0.187,
            0.193,
            0.181,
            0.17,
            0.156,
            0.176,
            0.195,
            0.198,
            0.191,
            7.414
        ],
        [
            0.213,
            0.2,
            0.189,
            0.189,
            0.195,
            0.191,
            0.169,
            0.153,
            0.166,
            0.189,
            0.193,
            0.189,
            7.407
        ],
        [
            0.213,
            0.196,
            0.184,
            0.194,
            0.2,
            0.185,
            0.166,
            0.155,
            0.154,
            0.185,
            0.196,
            0.191,
            7.402
        ],
        [
            0.221,
            0.198,
            0.185,
            0.189,
            0.192,
            0.184,
            0.156,
            0.156,
            0.155,
            0.187,
            0.199,
            0.198,
            7.397
        ],
        [
            0.22,
            0.199,
            0.186,
            0.189,
            0.19,
            0.174,
            0.155,
            0.16,
            0.165,
            0.197,
            0.204,
            0.202,
            5.594
        ],
        [
            0.216,
            0.196,
            0.185,
            0.189,
            0.191,
            0.164,
