{
    "event_type": "flower_visit",
    "event_id": "flower_1_20260410191636099901",
    "flower_id": "flower_1",
    "background_dist": 0.38,
    "start_time": 1775866592.432257,
    "end_time": 1775866596.099762,
    "num_scans": 55,
    "angles": [
        128,
        129,
        130,
        131,
        132,
        133,
        134
    ],
    "distance_series": [
        [
            0.334,
            0.357,
            0.363,
            0.375,
            0.366,
            0.373,
            0.374
        ],
        [
            0.336,
            0.36,
            0.37,
            0.376,
            0.376,
            0.374,
            0.374
        ],
        [
            0.374,
            0.36,
            0.367,
            0.376,
            0.369,
            0.375,
            0.372
        ],
        [
            0.424,
            0.36,
            0.364,
            0.373,
            0.376,
            0.377,
            0.369
        ],
        [
            0.479,
            0.353,
            0.359,
            0.376,
            0.373,
            0.373,
            0.376
        ],
        [
            0.522,
            0.351,
            0.359,
            0.373,
            0.371,
            0.37,
            0.385
        ],
        [
            0.47,
            0.34,
            0.362,
            0.371,
            0.374,
            0.372,
            0.383
        ],
        [
            0.427,
            0.342,
            0.362,
            0.372,
            0.375,
            0.37,
            0.387
        ],
        [
            0.378,
            0.339,
            0.367,
            0.369,
            0.366,
            0.369,
            0.39
        ],
        [
            0.335,
            0.343,
            0.367,
            0.372,
            0.368,
            0.374,
            0.385
        ],
        [
            0.337,
            0.345,
            0.362,
            0.37,
            0.368,
            0.372,
            0.386
        ],
        [
            0.339,
            0.343,
            0.359,
            0.363,
            0.372,
            0.375,
            0.38
        ],
        [
            0.337,
            0.347,
            0.356,
            0.363,
            0.372,
            0.38,
            0.379
        ],
        [
            0.34,
            0.344,
            0.365,
            0.359,
            0.372,
            0.375,
            0.382
        ],
        [
            0.382,
            0.34,
            0.363,
            0.356,
            0.374,
            0.376,
            0.386
        ],
        [
            0.39,
            0.332,
            0.362,
            0.363,
            0.369,
            0.379,
            0.385
        ],
        [
            0.39,
            0.332,
            0.364,
            0.365,
            0.371,
            0.375,
            0.382
        ],
        [
            0.389,
            0.329,
            0.364,
            0.365,
            0.372,
            0.38,
            0.38
        ],
        [
            0.356,
            0.344,
            0.374,
            0.371,
            0.376,
            0.375,
            0.38
        ],
        [
            0.35,
            0.34,
            0.36,
            0.368,
            0.379,
            0.375,
            0.381
        ],
        [
            0.353,
            0.343,
            0.362,
            0.367,
            0.378,
            0.379,
            0.385
        ],
        [
            0.351,
            0.344,
            0.355,
            0.357,
            0.37,
            0.38,
            0.391
        ],
        [
            0.353,
            0.346,
            0.358,
            0.355,
            0.372,
            0.374,
            0.387
        ],
        [
            0.346,
            0.343,
            0.351,
            0.346,
            0.368,
            0.374,
            0.386
        ],
        [
            0.337,
            0.338,
            0.349,
            0.344,
            0.365,
            0.374,
            0.379
        ],
        [
            0.359,
            0.348,
            0.357,
            0.358,
            0.366,
            0.373,
            0.383
        ],
        [
            0.393,
            0.342,
            0.355,
            0.359,
            0.37,
            0.378,
            0.381
        ],
        [
            0.394,
            0.342,
            0.357,
            0.371,
            0.375,
            0.377,
            0.377
        ],
        [
            0.393,
            0.344,
            0.357,
            0.374,
            0.374,
            0.373,
            0.375
        ],
        [
            0.378,
            0.332,
            0.355,
            0.375,
            0.376,
            0.372,
            0.373
        ],
        [
            0.329,
            0.324,
            0.354,
            0.374,
            0.377,
            0.368,
            0.38
        ],
        [
            0.331,
            0.329,
            0.342,
            0.358,
            0.375,
            0.364,
            0.385
        ],
        [
            0.343,
            0.334,
            0.354,
            0.36,
            0.374,
            0.368,
            0.387
        ],
        [
            0.34,
            0.331,
            0.343,
            0.357,
            0.374,
            0.373,
            0.388
        ],
        [
            0.342,
            0.33,
            0.345,
            0.353,
            0.369,
            0.373,
            0.381
        ],
        [
            0.393,
            0.343,
            0.352,
            0.365,
            0.372,
            0.377,
            0.383
        ],
        [
            0.385,
            0.346,
            0.343,
            0.355,
            0.359,
            0.373,
            0.381
        ],
        [
            0.417,
            0.344,
            0.345,
            0.359,
            0.364,
            0.374,
            0.38
        ],
        [
            0.475,
            0.35,
            0.347,
            0.36,
            0.366,
            0.372,
            0.385
        ],
        [
            0.441,
            0.352,
            0.358,
            0.359,
            0.363,
            0.371,
            0.38
        ],
        [
            0.437,
            0.346,
            0.357,
            0.362,
            0.37,
            0.374,
            0.379
        ],
        [
            0.391,
            0.345,
            0.35,
            0.355,
            0.37,
            0.375,
            0.382
        ],
        [
            0.364,
            0.35,
            0.353,
            0.356,
            0.369,
            0.378,
            0.388
        ],
        [
            0.396,
            0.344,
            0.335,
            0.353,
            0.367,
            0.377,
            0.383
        ],
        [
            0.397,
            0.345,
            0.335,
            0.354,
            0.364,
            0.375,
            0.379
        ],
        [
            0.414,
            0.357,
            0.344,
            0.354,
            0.364,
            0.373,
            0.384
        ],
        [
            0.451,
            0.362,
            0.342,
            0.359,
            0.373,
            0.376,
            0.384
        ],
        [
            0.4,
            0.356,
            0.347,
            0.356,
            0.367,
            0.373,
            0.384
        ],
        [
            0.453,
            0.367,
            0.361,
            0.361,
            0.368,
            0.374,
            0.381
        ],
        [
            0.452,
            0.366,
            0.364,
            0.365,
            0.37,
            0.374,
            0.383
        ],
        [
