{
    "event_type": "flower_visit",
    "event_id": "flower_1_20260412165127275972",
    "flower_id": "flower_1",
    "background_dist": 0.27,
    "start_time": 1776030685.208763,
    "end_time": 1776030687.275827,
    "num_scans": 31,
    "angles": [
        126,
        127,
        128,
        129,
        130,
        131,
        132,
        133,
        134,
        135
    ],
    "distance_series": [
        [
            0.222,
            0.225,
            0.224,
            0.238,
            0.24,
            0.246,
            0.248,
            0.259,
            0.274,
            0.272
        ],
        [
            0.222,
            0.225,
            0.231,
            0.237,
            0.241,
            0.254,
            0.259,
            0.264,
            0.274,
            0.278
        ],
        [
            0.224,
            0.227,
            0.231,
            0.24,
            0.25,
            0.263,
            0.266,
            0.265,
            0.273,
            0.279
        ],
        [
            0.226,
            0.228,
            0.228,
            0.247,
            0.257,
            0.268,
            0.265,
            0.269,
            0.269,
            0.283
        ],
        [
            0.229,
            0.225,
            0.232,
            0.249,
            0.263,
            0.267,
            0.264,
            0.27,
            0.27,
            0.287
        ],
        [
            0.226,
            0.224,
            0.233,
            0.249,
            0.263,
            0.269,
            0.27,
            0.27,
            0.27,
            0.286
        ],
        [
            0.227,
            0.221,
            0.236,
            0.251,
            0.267,
            0.267,
            0.269,
            0.272,
            0.267,
            0.281
        ],
        [
            0.228,
            0.221,
            0.242,
            0.253,
            0.268,
            0.271,
            0.271,
            0.269,
            0.271,
            0.282
        ],
        [
            0.227,
            0.217,
            0.241,
            0.256,
            0.271,
            0.269,
            0.27,
            0.27,
            0.277,
            0.284
        ],
        [
            0.228,
            0.221,
            0.249,
            0.258,
            0.271,
            0.271,
            0.268,
            0.273,
            0.275,
            0.283
        ],
        [
            0.228,
            0.224,
            0.259,
            0.261,
            0.272,
            0.271,
            0.268,
            0.266,
            0.274,
            0.285
        ],
        [
            0.223,
            0.226,
            0.259,
            0.261,
            0.272,
            0.273,
            0.269,
            0.267,
            0.277,
            0.284
        ],
        [
            0.224,
            0.229,
            0.26,
            0.262,
            0.275,
            0.27,
            0.27,
            0.263,
            0.273,
            0.286
        ],
        [
            0.219,
            0.224,
            0.256,
            0.265,
            0.274,
            0.269,
            0.264,
            0.259,
            0.27,
            0.281
        ],
        [
            0.215,
            0.221,
            0.255,
            0.266,
            0.268,
            0.268,
            0.266,
            0.261,
            0.275,
            0.278
        ],
        [
            0.215,
            0.219,
            0.256,
            0.266,
            0.266,
            0.266,
            0.265,
            0.259,
            0.27,
            0.276
        ],
        [
            0.214,
            0.225,
            0.253,
            0.265,
            0.268,
            0.264,
            0.265,
            0.264,
            0.277,
            0.276
        ],
        [
            0.221,
            0.232,
            0.259,
            0.265,
            0.269,
            0.265,
            0.269,
            0.268,
            0.278,
            0.278
        ],
        [
            0.221,
            0.239,
            0.261,
            0.261,
            0.267,
            0.266,
            0.264,
            0.269,
            0.276,
            0.273
        ],
        [
            0.225,
            0.247,
            0.264,
            0.265,
            0.269,
            0.264,
            0.263,
            0.267,
            0.277,
            0.273
        ],
        [
            0.227,
            0.251,
            0.266,
            0.263,
            0.269,
            0.266,
            0.264,
            0.263,
            0.268,
            0.272
        ],
        [
            0.229,
            0.26,
            0.267,
            0.267,
            0.268,
            0.266,
            0.269,
            0.264,
            0.264,
            0.272
        ],
        [
            0.232,
            0.26,
            0.268,
            0.265,
            0.267,
            0.266,
            0.271,
            0.259,
            0.263,
            0.278
        ],
        [
            0.238,
            0.26,
            0.266,
            0.263,
            0.267,
            0.27,
            0.271,
            0.259,
            0.265,
            0.279
        ],
        [
            0.245,
            0.263,
            0.267,
            0.263,
            0.265,
            0.269,
            0.273,
            0.263,
            0.265,
            0.285
        ],
        [
            0.257,
            0.262,
            0.262,
            0.26,
            0.269,
            0.269,
            0.266,
            0.261,
            0.267,
            0.284
        ],
        [
            0.264,
            0.262,
            0.263,
            0.265,
            0.269,
            0.269,
            0.266,
            0.265,
            0.27,
            0.281
        ],
        [
            0.267,
            0.266,
            0.264,
            0.268,
            0.271,
            0.269,
            0.265,
            0.265,
            0.269,
            0.277
        ],
        [
            0.267,
            0.26,
            0.261,
            0.27,
            0.271,
            0.268,
            0.267,
            0.267,
            0.269,
            0.277
        ],
        [
            0.261,
            0.256,
            0.257,
            0.268,
            0.269,
            0.268,
            0.269,
            0.273,
            0.266,
            0.275
        ],
        [
            0.256,
            0.25,
            0.254,
            0.265,
            0.265,
            0.269,
            0.274,
            0.273,
            0.267,
            0.278
        ]
    ],
    "timestamp": "2026-04-12T16:51:27.276063",
    "label": "not_bee"
}