{
    "event_type": "flower_visit",
    "event_id": "flower_2_20260409163515209907",
    "flower_id": "flower_2",
    "background_dist": 0.42,
    "start_time": 1775770513.409847,
    "end_time": 1775770515.2097468,
    "num_scans": 27,
    "angles": [
        194,
        195,
        196,
        197,
        198,
        199,
        200
    ],
    "distance_series": [
        [
            0.482,
            0.4,
            0.384,
            0.385,
            0.404,
            0.449,
            0.582
        ],
        [
            0.48,
            0.398,
            0.383,
            0.39,
            0.402,
            0.449,
            0.583
        ],
        [
            0.481,
            0.396,
            0.384,
            0.394,
            0.4,
            0.449,
            0.584
        ],
        [
            0.48,
            0.398,
            0.387,
            0.394,
            0.406,
            0.446,
            0.578
        ],
        [
            0.479,
            0.4,
            0.392,
            0.387,
            0.404,
            0.449,
            0.577
        ],
        [
            0.478,
            0.397,
            0.391,
            0.383,
            0.411,
            0.45,
            0.576
        ],
        [
            0.479,
            0.399,
            0.387,
            0.383,
            0.421,
            0.451,
            0.577
        ],
        [
            0.48,
            0.4,
            0.385,
            0.383,
            0.413,
            0.453,
            0.577
        ],
        [
            0.483,
            0.4,
            0.383,
            0.392,
            0.416,
            0.45,
            0.577
        ],
        [
            0.486,
            0.402,
            0.384,
            0.392,
            0.404,
            0.446,
            0.58
        ],
        [
            0.482,
            0.406,
            0.386,
            0.388,
            0.394,
            0.443,
            0.581
        ],
        [
            0.478,
            0.408,
            0.387,
            0.387,
            0.39,
            0.443,
            0.58
        ],
        [
            0.478,
            0.411,
            0.389,
            0.389,
            0.392,
            0.445,
            0.58
        ],
        [
            0.475,
            0.413,
            0.385,
            0.386,
            0.39,
            0.446,
            0.581
        ],
        [
            0.478,
            0.416,
            0.381,
            0.383,
            0.393,
            0.447,
            0.582
        ],
        [
            0.478,
            0.416,
            0.388,
            0.386,
            0.387,
            0.443,
            0.581
        ],
        [
            0.475,
            0.418,
            0.392,
            0.39,
            0.387,
            0.452,
            0.583
        ],
        [
            0.478,
            0.423,
            0.395,
            0.385,
            0.386,
            0.456,
            0.581
        ],
        [
            0.476,
            0.42,
            0.405,
            0.393,
            0.384,
            0.457,
            0.578
        ],
        [
            0.477,
            0.418,
            0.405,
            0.389,
            0.387,
            0.458,
            0.575
        ],
        [
            0.475,
            0.419,
            0.409,
            0.393,
            0.394,
            0.448,
            0.573
        ],
        [
            0.474,
            0.417,
            0.41,
            0.406,
            0.404,
            0.444,
            0.58
        ],
        [
            0.472,
            0.416,
            0.409,
            0.413,
            0.414,
            0.442,
            0.579
        ],
        [
            0.469,
            0.419,
            0.414,
            0.42,
            0.423,
            0.447,
            0.579
        ],
        [
            0.47,
            0.42,
            0.413,
            0.413,
            0.42,
            0.446,
            0.576
        ],
        [
            0.469,
            0.417,
            0.411,
            0.413,
            0.417,
            0.445,
            0.574
        ],
        [
            0.47,
            0.419,
            0.413,
            0.412,
            0.419,
            0.45,
            0.576
        ]
    ],
    "timestamp": "2026-04-09T16:35:15.209988",
    "label": "bee"
}