{
    "event_type": "flower_visit",
    "event_id": "flower_2_20260410195724414307",
    "flower_id": "flower_2",
    "background_dist": 0.28,
    "start_time": 1775869041.28354,
    "end_time": 1775869044.414141,
    "num_scans": 47,
    "angles": [
        144,
        145,
        146,
        147,
        148,
        149,
        150,
        151,
        152,
        153
    ],
    "distance_series": [
        [
            0.238,
            0.245,
            0.244,
            0.248,
            0.262,
            0.274,
            0.275,
            0.278,
            0.271,
            0.289
        ],
        [
            0.241,
            0.247,
            0.243,
            0.245,
            0.264,
            0.271,
            0.274,
            0.279,
            0.272,
            0.289
        ],
        [
            0.248,
            0.246,
            0.246,
            0.243,
            0.263,
            0.27,
            0.274,
            0.275,
            0.272,
            0.292
        ],
        [
            0.244,
            0.244,
            0.25,
            0.244,
            0.259,
            0.271,
            0.277,
            0.274,
            0.273,
            0.289
        ],
        [
            0.246,
            0.247,
            0.245,
            0.244,
            0.264,
            0.268,
            0.278,
            0.275,
            0.273,
            0.293
        ],
        [
            0.241,
            0.242,
            0.246,
            0.245,
            0.26,
            0.268,
            0.277,
            0.274,
            0.275,
            0.287
        ],
        [
            0.242,
            0.24,
            0.246,
            0.247,
            0.258,
            0.268,
            0.275,
            0.276,
            0.276,
            0.285
        ],
        [
            0.245,
            0.244,
            0.242,
            0.244,
            0.261,
            0.267,
            0.275,
            0.275,
            0.274,
            0.287
        ],
        [
            0.247,
            0.242,
            0.243,
            0.248,
            0.259,
            0.269,
            0.275,
            0.281,
            0.273,
            0.29
        ],
        [
            0.249,
            0.241,
            0.24,
            0.252,
            0.261,
            0.263,
            0.278,
            0.273,
            0.274,
            0.292
        ],
        [
            0.246,
            0.242,
            0.239,
            0.25,
            0.264,
            0.261,
            0.279,
            0.275,
            0.272,
            0.29
        ],
        [
            0.246,
            0.24,
            0.242,
            0.254,
            0.26,
            0.262,
            0.279,
            0.276,
            0.273,
            0.291
        ],
        [
            0.245,
            0.241,
            0.242,
            0.252,
            0.261,
            0.266,
            0.278,
            0.278,
            0.273,
            0.289
        ],
        [
            0.247,
            0.244,
            0.239,
            0.253,
            0.26,
            0.267,
            0.279,
            0.278,
            0.272,
            0.297
        ],
        [
            0.252,
            0.244,
            0.243,
            0.256,
            0.257,
            0.271,
            0.277,
            0.278,
            0.271,
            0.303
        ],
        [
            0.29,
            0.248,
            0.24,
            0.254,
            0.261,
            0.267,
            0.281,
            0.278,
            0.274,
            0.304
        ],
        [
            0.333,
            0.245,
            0.244,
            0.253,
            0.258,
            0.269,
            0.276,
            0.279,
            0.275,
            0.302
        ],
        [
            0.334,
            0.245,
            0.244,
            0.256,
            0.263,
            0.272,
            0.278,
            0.279,
            0.276,
            0.297
        ],
        [
            0.332,
            0.242,
            0.239,
            0.258,
            0.266,
            0.269,
            0.279,
            0.282,
            0.277,
            0.29
        ],
        [
            0.33,
            0.242,
            0.242,
            0.254,
            0.272,
            0.266,
            0.278,
            0.277,
            0.281,
            0.288
        ],
        [
            0.331,
            0.241,
            0.239,
            0.253,
            0.271,
            0.266,
            0.279,
            0.273,
            0.279,
            0.29
        ],
        [
            0.369,
            0.242,
            0.244,
            0.246,
            0.27,
            0.264,
            0.278,
            0.277,
            0.276,
            0.289
        ],
        [
            0.414,
            0.244,
            0.246,
            0.242,
            0.262,
            0.268,
            0.278,
            0.278,
            0.275,
            0.291
        ],
        [
            0.417,
            0.25,
            0.241,
            0.242,
            0.255,
            0.266,
            0.277,
            0.278,
            0.275,
            0.293
        ],
        [
            0.413,
            0.249,
            0.242,
            0.245,
            0.255,
            0.271,
            0.278,
            0.278,
            0.28,
            0.29
        ],
        [
            0.418,
            0.25,
            0.242,
            0.247,
            0.254,
            0.272,
            0.279,
            0.276,
            0.279,
            0.297
        ],
        [
            0.414,
            0.249,
            0.242,
            0.247,
            0.258,
            0.27,
            0.279,
            0.273,
            0.28,
            0.291
        ],
        [
            0.373,
            0.245,
            0.246,
            0.245,
            0.257,
            0.275,
            0.28,
            0.275,
            0.277,
            0.299
        ],
        [
            0.371,
            0.245,
            0.246,
            0.248,
            0.261,
            0.275,
            0.277,
            0.273,
            0.272,
            0.292
        ],
        [
            0.373,
            0.243,
            0.238,
            0.248,
            0.255,
            0.279,
            0.276,
            0.274,
            0.269,
            0.292
        ],
        [
            0.378,
            0.243,
            0.24,
            0.247,
            0.256,
            0.273,
            0.273,
            0.275,
            0.271,
            0.294
        ],
        [
            0.424,
            0.243,
            0.24,
            0.244,
            0.252,
            0.269,
            0.272,
            0.273,
            0.273,
            0.291
        ],
        [
            0.39,
            0.245,
            0.237,
            0.247,
            0.254,
            0.267,
            0.272,
            0.279,
            0.277,
            0.287
        ],
        [
            0.384,
            0.245,
            0.243,
            0.246,
            0.263,
            0.265,
            0.272,
            0.278,
            0.277,
            0.289
        ],
        [
            0.338,
            0.245,
            0.247,
            0.245,
            0.263,
            0.263,
            0.273,
            0.277,
            0.273,
            0.291
        ],
        [
            0.293,
            0.243,
            0.246,
            0.253,
            0.26,
            0.262,
            0.273,
            0.278,
            0.273,
            0.285
        ],
        [
            0.291,
            0.245,
