{
    "event_type": "flower_visit",
    "event_id": "flower_1_20260412163716019869",
    "flower_id": "flower_1",
    "background_dist": 0.2,
    "start_time": 1776029832.152936,
    "end_time": 1776029836.019732,
    "num_scans": 58,
    "angles": [
        56,
        57,
        58,
        59,
        60,
        61,
        62,
        63,
        64,
        65,
        66
    ],
    "distance_series": [
        [
            0.386,
            0.201,
            0.191,
            0.195,
            0.198,
            0.206,
            0.198,
            0.202,
            0.186,
            0.175,
            0.16
        ],
        [
            0.395,
            0.199,
            0.192,
            0.191,
            0.195,
            0.204,
            0.196,
            0.195,
            0.182,
            0.174,
            0.161
        ],
        [
            0.402,
            0.195,
            0.19,
            0.187,
            0.195,
            0.199,
            0.196,
            0.188,
            0.172,
            0.167,
            0.154
        ],
        [
            0.4,
            0.199,
            0.189,
            0.189,
            0.197,
            0.202,
            0.191,
            0.188,
            0.17,
            0.161,
            0.15
        ],
        [
            0.398,
            0.196,
            0.189,
            0.193,
            0.192,
            0.202,
            0.187,
            0.187,
            0.175,
            0.166,
            0.156
        ],
        [
            0.347,
            0.194,
            0.188,
            0.195,
            0.195,
            0.201,
            0.189,
            0.196,
            0.184,
            0.172,
            0.164
        ],
        [
            0.36,
            0.197,
            0.193,
            0.196,
            0.196,
            0.2,
            0.195,
            0.204,
            0.19,
            0.18,
            0.171
        ],
        [
            0.361,
            0.199,
            0.191,
            0.194,
            0.196,
            0.196,
            0.198,
            0.196,
            0.191,
            0.181,
            0.176
        ],
        [
            0.3,
            0.202,
            0.192,
            0.192,
            0.197,
            0.194,
            0.197,
            0.191,
            0.178,
            0.177,
            0.17
        ],
        [
            0.357,
            0.201,
            0.192,
            0.193,
            0.198,
            0.197,
            0.197,
            0.186,
            0.17,
            0.168,
            0.164
        ],
        [
            0.356,
            0.203,
            0.19,
            0.195,
            0.2,
            0.194,
            0.201,
            0.183,
            0.173,
            0.164,
            0.158
        ],
        [
            0.344,
            0.2,
            0.19,
            0.195,
            0.199,
            0.198,
            0.197,
            0.187,
            0.171,
            0.171,
            0.16
        ],
        [
            0.362,
            0.199,
            0.194,
            0.197,
            0.2,
            0.198,
            0.194,
            0.197,
            0.18,
            0.176,
            0.166
        ],
        [
            0.391,
            0.203,
            0.195,
            0.199,
            0.2,
            0.198,
            0.2,
            0.202,
            0.19,
            0.184,
            0.168
        ],
        [
            0.394,
            0.199,
            0.195,
            0.195,
            0.199,
            0.2,
            0.197,
            0.199,
            0.188,
            0.18,
            0.174
        ],
        [
            0.389,
            0.198,
            0.196,
            0.196,
            0.2,
            0.2,
            0.199,
            0.192,
            0.185,
            0.174,
            0.169
        ],
        [
            0.398,
            0.202,
            0.195,
            0.193,
            0.202,
            0.202,
            0.203,
            0.192,
            0.179,
            0.169,
            0.161
        ],
        [
            0.392,
            0.197,
            0.194,
            0.192,
            0.194,
            0.202,
            0.2,
            0.193,
            0.181,
            0.168,
            0.159
        ],
        [
            0.405,
            0.203,
            0.196,
            0.192,
            0.198,
            0.203,
            0.206,
            0.198,
            0.185,
            0.174,
            0.161
        ],
        [
            0.406,
            0.204,
            0.194,
            0.194,
            0.196,
            0.203,
            0.199,
            0.205,
            0.188,
            0.18,
            0.163
        ],
        [
            0.35,
            0.199,
            0.194,
            0.192,
            0.2,
            0.202,
            0.201,
            0.202,
            0.187,
            0.178,
            0.165
        ],
        [
            0.302,
            0.198,
            0.197,
            0.189,
            0.201,
            0.208,
            0.197,
            0.196,
            0.18,
            0.172,
            0.165
        ],
        [
            0.357,
            0.198,
            0.198,
            0.193,
            0.198,
            0.202,
            0.202,
            0.193,
            0.174,
            0.161,
            0.164
        ],
        [
            0.376,
            0.208,
            0.199,
            0.196,
            0.199,
            0.205,
            0.201,
            0.197,
            0.174,
            0.156,
            0.159
        ],
        [
            0.434,
            0.211,
            0.198,
            0.197,
            0.199,
            0.207,
            0.196,
            0.198,
            0.18,
            0.165,
            0.16
        ],
        [
            0.427,
            0.211,
            0.198,
            0.201,
            0.203,
            0.205,
            0.202,
            0.206,
            0.184,
            0.172,
            0.165
        ],
        [
            0.422,
            0.208,
            0.197,
            0.199,
            0.203,
            0.207,
            0.201,
            0.204,
            0.192,
            0.176,
            0.164
        ],
        [
            0.406,
            0.205,
            0.195,
            0.197,
            0.202,
            0.21,
            0.204,
            0.201,
            0.189,
            0.175,
            0.167
        ],
        [
            0.39,
            0.203,
            0.194,
            0.197,
            0.2,
            0.208,
            0.211,
            0.203,
            0.183,
            0.172,
            0.159
        ],
        [
            0.412,
            0.204,
            0.194,
            0.195,
            0.195,
            0.204,
            0.209,
            0.195,
            0.173,
            0.163,
            0.154
        ],
        [
            0.409,
            0.205,
            0.197,
            0.196,
            0.199,
            0.206,
            0.207,
            0.194,
            0.171,
            0.165,
            0.156
        ],
        [
            0.397,
            0.205,
            0.197,
            0.199,
            0.199,
            0.213,
            0.204,
            0.201,
            0.178,
            0.172,
            0.164
        ],
        [
            0.369,
            0.206,
            0.197,
            0.201,
            0.201,
            0.218,
            0.205,
            0.203,
            0.186,
            0.178,
            0.161
        ],
        [
            0.375,
            0.205,
            0.195,
