{
    "event_type": "flower_visit",
    "event_id": "flower_1_20260410204945852623",
    "flower_id": "flower_1",
    "background_dist": 0.34,
    "start_time": 1775872183.052716,
    "end_time": 1775872185.852486,
    "num_scans": 42,
    "angles": [
        124,
        125,
        126,
        127,
        128,
        129,
        130,
        131,
        132
    ],
    "distance_series": [
        [
            0.5,
            0.311,
            0.293,
            0.294,
            0.306,
            0.308,
            0.311,
            0.332,
            0.34
        ],
        [
            0.493,
            0.31,
            0.294,
            0.295,
            0.308,
            0.309,
            0.307,
            0.331,
            0.34
        ],
        [
            0.452,
            0.313,
            0.294,
            0.293,
            0.308,
            0.309,
            0.311,
            0.334,
            0.344
        ],
        [
            0.451,
            0.316,
            0.298,
            0.291,
            0.305,
            0.309,
            0.299,
            0.334,
            0.348
        ],
        [
            0.456,
            0.317,
            0.297,
            0.293,
            0.303,
            0.31,
            0.307,
            0.34,
            0.346
        ],
        [
            0.459,
            0.32,
            0.298,
            0.294,
            0.306,
            0.31,
            0.31,
            0.335,
            0.346
        ],
        [
            0.5,
            0.319,
            0.298,
            0.296,
            0.302,
            0.31,
            0.308,
            0.334,
            0.344
        ],
        [
            0.501,
            0.317,
            0.296,
            0.299,
            0.303,
            0.306,
            0.31,
            0.33,
            0.34
        ],
        [
            0.495,
            0.316,
            0.301,
            0.298,
            0.305,
            0.304,
            0.311,
            0.329,
            0.344
        ],
        [
            0.493,
            0.313,
            0.3,
            0.299,
            0.305,
            0.303,
            0.318,
            0.325,
            0.347
        ],
        [
            0.495,
            0.311,
            0.298,
            0.297,
            0.302,
            0.303,
            0.312,
            0.328,
            0.345
        ],
        [
            0.496,
            0.311,
            0.298,
            0.3,
            0.305,
            0.307,
            0.315,
            0.331,
            0.347
        ],
        [
            0.499,
            0.311,
            0.3,
            0.3,
            0.305,
            0.309,
            0.318,
            0.327,
            0.343
        ],
        [
            0.465,
            0.308,
            0.298,
            0.298,
            0.304,
            0.304,
            0.315,
            0.334,
            0.341
        ],
        [
            0.427,
            0.308,
            0.297,
            0.298,
            0.317,
            0.305,
            0.322,
            0.331,
            0.34
        ],
        [
            0.428,
            0.308,
            0.296,
            0.292,
            0.314,
            0.307,
            0.316,
            0.33,
            0.338
        ],
        [
            0.426,
            0.307,
            0.296,
            0.287,
            0.314,
            0.309,
            0.306,
            0.331,
            0.336
        ],
        [
            0.423,
            0.316,
            0.297,
            0.286,
            0.316,
            0.311,
            0.302,
            0.33,
            0.335
        ],
        [
            0.462,
            0.316,
            0.302,
            0.287,
            0.307,
            0.31,
            0.308,
            0.331,
            0.336
        ],
        [
            0.456,
            0.317,
            0.302,
            0.287,
            0.297,
            0.308,
            0.309,
            0.333,
            0.34
        ],
        [
            0.459,
            0.319,
            0.301,
            0.292,
            0.297,
            0.31,
            0.305,
            0.332,
            0.34
        ],
        [
            0.493,
            0.32,
            0.301,
            0.293,
            0.296,
            0.312,
            0.303,
            0.33,
            0.335
        ],
        [
            0.488,
            0.32,
            0.296,
            0.294,
            0.301,
            0.312,
            0.302,
            0.33,
            0.334
        ],
        [
            0.485,
            0.319,
            0.291,
            0.29,
            0.299,
            0.314,
            0.301,
            0.331,
            0.333
        ],
        [
            0.492,
            0.318,
            0.29,
            0.288,
            0.302,
            0.313,
            0.302,
            0.333,
            0.334
        ],
        [
            0.493,
            0.316,
            0.292,
            0.288,
            0.304,
            0.316,
            0.304,
            0.327,
            0.337
        ],
        [
            0.501,
            0.318,
            0.294,
            0.285,
            0.304,
            0.314,
            0.302,
            0.32,
            0.337
        ],
        [
            0.505,
            0.322,
            0.296,
            0.29,
            0.309,
            0.312,
            0.302,
            0.316,
            0.336
        ],
        [
            0.461,
            0.326,
            0.302,
            0.29,
            0.311,
            0.31,
            0.306,
            0.313,
            0.334
        ],
        [
            0.422,
            0.331,
            0.305,
            0.295,
            0.302,
            0.304,
            0.311,
            0.319,
            0.336
        ],
        [
            0.412,
            0.332,
            0.307,
            0.301,
            0.3,
            0.306,
            0.314,
            0.322,
            0.334
        ],
        [
            0.368,
            0.332,
            0.314,
            0.304,
            0.298,
            0.304,
            0.322,
            0.327,
            0.332
        ],
        [
            0.368,
            0.331,
            0.316,
            0.306,
            0.294,
            0.313,
            0.323,
            0.332,
            0.331
        ],
        [
            0.409,
            0.324,
            0.314,
            0.306,
            0.3,
            0.316,
            0.329,
            0.334,
            0.33
        ],
        [
            0.366,
            0.322,
            0.315,
            0.307,
            0.308,
            0.324,
            0.337,
            0.338,
            0.332
        ],
        [
            0.363,
            0.318,
            0.316,
            0.318,
            0.314,
            0.332,
            0.335,
            0.34,
            0.338
        ],
        [
            0.358,
            0.321,
            0.323,
            0.323,
            0.325,
            0.329,
            0.334,
            0.34,
            0.338
        ],
        [
            0.32,
            0.325,
            0.334,
            0.328,
            0.332,
            0.331,
            0.337,
            0.339,
            0.341
        ],
        [
            0.366,
            0.336,
            0.342,
            0.335,
            0.336,
            0.33,
            0.337,
            0.34,
            0.34
        ],
        [
            0.374,
            0.339,
            0.339,
            0.333,
            0.335,
            0.332,
            0.335,
            0.341,
            0.339
        ],
        [
