{
    "event_type": "flower_visit",
    "event_id": "flower_1_20260409163938807309",
    "flower_id": "flower_1",
    "background_dist": 0.2,
    "start_time": 1775770774.674334,
    "end_time": 1775770778.807171,
    "num_scans": 62,
    "angles": [
        76,
        77,
        78,
        79,
        80,
        81,
        82,
        83,
        84,
        85,
        86,
        87,
        88
    ],
    "distance_series": [
        [
            0.209,
            0.206,
            0.198,
            0.197,
            0.183,
            0.168,
            0.159,
            0.174,
            0.201,
            0.197,
            0.207,
            0.198,
            0.194
        ],
        [
            0.208,
            0.206,
            0.196,
            0.199,
            0.188,
            0.168,
            0.158,
            0.17,
            0.202,
            0.196,
            0.21,
            0.202,
            0.194
        ],
        [
            0.206,
            0.209,
            0.197,
            0.194,
            0.187,
            0.165,
            0.157,
            0.174,
            0.197,
            0.201,
            0.208,
            0.198,
            0.201
        ],
        [
            0.206,
            0.203,
            0.197,
            0.197,
            0.193,
            0.164,
            0.158,
            0.186,
            0.201,
            0.203,
            0.204,
            0.2,
            0.209
        ],
        [
            0.211,
            0.205,
            0.198,
            0.198,
            0.193,
            0.157,
            0.165,
            0.183,
            0.2,
            0.201,
            0.204,
            0.203,
            0.202
        ],
        [
            0.21,
            0.202,
            0.197,
            0.194,
            0.188,
            0.16,
            0.173,
            0.185,
            0.201,
            0.201,
            0.198,
            0.203,
            0.211
        ],
        [
            0.211,
            0.192,
            0.199,
            0.199,
            0.188,
            0.161,
            0.174,
            0.192,
            0.201,
            0.208,
            0.201,
            0.205,
            0.203
        ],
        [
            0.212,
            0.197,
            0.197,
            0.2,
            0.184,
            0.164,
            0.174,
            0.194,
            0.198,
            0.203,
            0.208,
            0.207,
            0.2
        ],
        [
            0.215,
            0.196,
            0.193,
            0.199,
            0.186,
            0.169,
            0.169,
            0.196,
            0.2,
            0.203,
            0.207,
            0.206,
            0.203
        ],
        [
            0.221,
            0.199,
            0.196,
            0.199,
            0.189,
            0.169,
            0.168,
            0.2,
            0.202,
            0.202,
            0.205,
            0.203,
            0.21
        ],
        [
            0.219,
            0.207,
            0.189,
            0.191,
            0.189,
            0.17,
            0.169,
            0.202,
            0.201,
            0.198,
            0.211,
            0.201,
            0.206
        ],
        [
            0.22,
            0.198,
            0.194,
            0.194,
            0.184,
            0.165,
            0.171,
            0.205,
            0.198,
            0.199,
            0.213,
            0.202,
            0.204
        ],
        [
            0.216,
            0.197,
            0.198,
            0.19,
            0.18,
            0.161,
            0.176,
            0.201,
            0.197,
            0.201,
            0.211,
            0.202,
            0.208
        ],
        [
            0.216,
            0.195,
            0.196,
            0.186,
            0.171,
            0.154,
            0.174,
            0.195,
            0.187,
            0.199,
            0.213,
            0.204,
            0.205
        ],
        [
            0.218,
            0.197,
            0.198,
            0.187,
            0.169,
            0.153,
            0.179,
            0.194,
            0.19,
            0.196,
            0.212,
            0.202,
            0.207
        ],
        [
            0.216,
            0.198,
            0.194,
            0.19,
            0.173,
            0.16,
            0.171,
            0.187,
            0.196,
            0.199,
            0.211,
            0.202,
            0.208
        ],
        [
            0.217,
            0.198,
            0.195,
            0.193,
            0.175,
            0.163,
            0.165,
            0.184,
            0.196,
            0.2,
            0.212,
            0.206,
            0.207
        ],
        [
            0.216,
            0.197,
            0.194,
            0.194,
            0.181,
            0.175,
            0.165,
            0.182,
            0.198,
            0.208,
            0.21,
            0.203,
            0.202
        ],
        [
            0.218,
            0.193,
            0.196,
            0.195,
            0.189,
            0.186,
            0.156,
            0.171,
            0.193,
            0.205,
            0.206,
            0.204,
            0.208
        ],
        [
            0.217,
            0.191,
            0.195,
            0.193,
            0.195,
            0.199,
            0.16,
            0.169,
            0.188,
            0.202,
            0.211,
            0.204,
            0.207
        ],
        [
            0.217,
            0.194,
            0.195,
            0.188,
            0.193,
            0.203,
            0.163,
            0.169,
            0.188,
            0.205,
            0.208,
            0.207,
            0.212
        ],
        [
            0.214,
            0.198,
            0.195,
            0.189,
            0.193,
            0.192,
            0.165,
            0.17,
            0.193,
            0.205,
            0.208,
            0.209,
            0.209
        ],
        [
            0.215,
            0.201,
            0.193,
            0.186,
            0.193,
            0.182,
            0.168,
            0.172,
            0.204,
            0.201,
            0.205,
            0.209,
            0.206
        ],
        [
            0.215,
            0.202,
            0.191,
            0.193,
            0.189,
            0.172,
            0.171,
            0.179,
            0.202,
            0.2,
            0.205,
            0.209,
            0.212
        ],
        [
            0.216,
            0.201,
            0.194,
            0.193,
            0.19,
            0.171,
            0.169,
            0.177,
            0.2,
            0.198,
            0.2,
            0.207,
            0.202
        ],
        [
            0.215,
            0.199,
            0.19,
            0.193,
            0.188,
            0.174,
            0.167,
            0.171,
            0.199,
            0.192,
            0.2,
            0.206,
            0.197
        ],
        [
            0.216,
            0.198,
            0.192,
            0.189,
            0.193,
            0.181,
            0.162,
            0.169,
            0.187,
            0.194,
            0.201,
            0.204,
            0.195
        ],
        [
            0.215,
            0.195,
            0.188,
            0.19,
            0.192,
            0.189,
            0.156,
            0.161,
            0.183,
            0.198,
            0.195,
            0.203,
            0.184
        ],
        [
            0.216,
            0.199,
            0.186,
            0.192,
            0.196,
            0.191,
