{
    "event_type": "flower_visit",
    "event_id": "flower_1_20260410195026148917",
    "flower_id": "flower_1",
    "background_dist": 0.19,
    "start_time": 1775868623.082218,
    "end_time": 1775868626.148781,
    "num_scans": 46,
    "angles": [
        105,
        106,
        107,
        108,
        109,
        110,
        111,
        112,
        113,
        114,
        115,
        116
    ],
    "distance_series": [
        [
            0.149,
            0.151,
            0.155,
            0.158,
            0.154,
            0.146,
            0.155,
            0.162,
            0.173,
            0.173,
            0.175,
            0.196
        ],
        [
            0.148,
            0.148,
            0.154,
            0.156,
            0.16,
            0.151,
            0.157,
            0.158,
            0.175,
            0.172,
            0.172,
            0.194
        ],
        [
            0.146,
            0.146,
            0.154,
            0.157,
            0.158,
            0.148,
            0.154,
            0.156,
            0.173,
            0.17,
            0.175,
            0.198
        ],
        [
            0.148,
            0.143,
            0.158,
            0.156,
            0.149,
            0.146,
            0.155,
            0.151,
            0.173,
            0.164,
            0.18,
            0.196
        ],
        [
            0.146,
            0.145,
            0.156,
            0.157,
            0.142,
            0.145,
            0.15,
            0.152,
            0.168,
            0.161,
            0.182,
            0.197
        ],
        [
            0.146,
            0.142,
            0.153,
            0.152,
            0.142,
            0.144,
            0.151,
            0.153,
            0.162,
            0.16,
            0.182,
            0.196
        ],
        [
            0.147,
            0.146,
            0.156,
            0.149,
            0.146,
            0.151,
            0.153,
            0.155,
            0.161,
            0.159,
            0.171,
            0.198
        ],
        [
            0.149,
            0.15,
            0.152,
            0.15,
            0.151,
            0.153,
            0.158,
            0.159,
            0.163,
            0.159,
            0.168,
            0.198
        ],
        [
            0.146,
            0.148,
            0.151,
            0.148,
            0.148,
            0.151,
            0.156,
            0.16,
            0.164,
            0.159,
            0.168,
            0.201
        ],
        [
            0.146,
            0.147,
            0.153,
            0.148,
            0.148,
            0.148,
            0.152,
            0.153,
            0.167,
            0.154,
            0.167,
            0.2
        ],
        [
            0.141,
            0.147,
            0.152,
            0.153,
            0.148,
            0.147,
            0.148,
            0.144,
            0.169,
            0.158,
            0.17,
            0.197
        ],
        [
            0.141,
            0.144,
            0.151,
            0.153,
            0.152,
            0.144,
            0.147,
            0.153,
            0.166,
            0.16,
            0.166,
            0.196
        ],
        [
            0.14,
            0.141,
            0.15,
            0.149,
            0.152,
            0.145,
            0.146,
            0.157,
            0.167,
            0.161,
            0.172,
            0.193
        ],
        [
            0.139,
            0.142,
            0.149,
            0.151,
            0.144,
            0.145,
            0.148,
            0.153,
            0.169,
            0.166,
            0.177,
            0.197
        ],
        [
            0.14,
            0.147,
            0.147,
            0.152,
            0.14,
            0.146,
            0.143,
            0.15,
            0.17,
            0.167,
            0.182,
            0.196
        ],
        [
            0.141,
            0.149,
            0.15,
            0.151,
            0.136,
            0.143,
            0.141,
            0.15,
            0.172,
            0.168,
            0.179,
            0.2
        ],
        [
            0.143,
            0.151,
            0.147,
            0.15,
            0.137,
            0.143,
            0.146,
            0.147,
            0.172,
            0.167,
            0.178,
            0.195
        ],
        [
            0.143,
            0.149,
            0.147,
            0.15,
            0.137,
            0.141,
            0.144,
            0.139,
            0.172,
            0.169,
            0.177,
            0.194
        ],
        [
            0.139,
            0.147,
            0.146,
            0.149,
            0.138,
            0.14,
            0.143,
            0.142,
            0.171,
            0.168,
            0.175,
            0.194
        ],
        [
            0.142,
            0.146,
            0.145,
            0.143,
            0.137,
            0.141,
            0.141,
            0.144,
            0.17,
            0.173,
            0.181,
            0.196
        ],
        [
            0.139,
            0.148,
            0.146,
            0.141,
            0.141,
            0.143,
            0.139,
            0.142,
            0.171,
            0.173,
            0.185,
            0.201
        ],
        [
            0.137,
            0.151,
            0.147,
            0.147,
            0.145,
            0.142,
            0.142,
            0.151,
            0.171,
            0.168,
            0.18,
            0.201
        ],
        [
            0.139,
            0.149,
            0.146,
            0.145,
            0.148,
            0.138,
            0.143,
            0.156,
            0.173,
            0.168,
            0.175,
            0.202
        ],
        [
            0.142,
            0.151,
            0.147,
            0.142,
            0.148,
            0.138,
            0.142,
            0.159,
            0.17,
            0.167,
            0.177,
            0.204
        ],
        [
            0.145,
            0.151,
            0.147,
            0.147,
            0.146,
            0.14,
            0.14,
            0.157,
            0.171,
            0.166,
            0.176,
            0.204
        ],
        [
            0.143,
            0.152,
            0.143,
            0.149,
            0.146,
            0.143,
            0.138,
            0.151,
            0.171,
            0.167,
            0.178,
            0.201
        ],
        [
            0.145,
            0.152,
            0.139,
            0.15,
            0.146,
            0.144,
            0.143,
            0.144,
            0.173,
            0.164,
            0.18,
            0.198
        ],
        [
            0.143,
            0.15,
            0.14,
            0.155,
            0.14,
            0.146,
            0.137,
            0.146,
            0.166,
            0.163,
            0.183,
            0.198
        ],
        [
            0.138,
            0.151,
            0.142,
            0.145,
            0.141,
            0.14,
            0.138,
            0.14,
            0.172,
            0.162,
            0.173,
            0.199
        ],
        [
            0.138,
            0.146,
            0.148,
            0.149,
            0.141,
            0.139,
            0.14,
            0.142,
            0.171,
            0.157,
            0.176,
            0.201
        ],
        [
            0.139,
            0.147,
            0.146,
            0.143,
            0.138,
            0.136,
            0.136,
