{
    "event_type": "flower_visit",
    "event_id": "flower_1_20260410204346455613",
    "flower_id": "flower_1",
    "background_dist": 0.34,
    "start_time": 1775871824.6555672,
    "end_time": 1775871826.455473,
    "num_scans": 27,
    "angles": [
        124,
        125,
        126,
        127,
        128,
        129,
        130,
        131,
        132
    ],
    "distance_series": [
        [
            0.371,
            0.338,
            0.337,
            0.334,
            0.331,
            0.325,
            0.301,
            0.311,
            0.322
        ],
        [
            0.409,
            0.344,
            0.336,
            0.334,
            0.33,
            0.33,
            0.312,
            0.309,
            0.31
        ],
        [
            0.411,
            0.345,
            0.338,
            0.335,
            0.328,
            0.331,
            0.319,
            0.306,
            0.3
        ],
        [
            0.412,
            0.344,
            0.335,
            0.333,
            0.33,
            0.336,
            0.322,
            0.307,
            0.304
        ],
        [
            0.415,
            0.343,
            0.332,
            0.334,
            0.328,
            0.334,
            0.324,
            0.306,
            0.299
        ],
        [
            0.411,
            0.34,
            0.338,
            0.331,
            0.331,
            0.33,
            0.322,
            0.314,
            0.298
        ],
        [
            0.415,
            0.339,
            0.339,
            0.334,
            0.332,
            0.329,
            0.327,
            0.315,
            0.298
        ],
        [
            0.411,
            0.339,
            0.336,
            0.335,
            0.337,
            0.329,
            0.33,
            0.319,
            0.297
        ],
        [
            0.421,
            0.342,
            0.336,
            0.332,
            0.337,
            0.329,
            0.331,
            0.314,
            0.292
        ],
        [
            0.425,
            0.344,
            0.333,
            0.331,
            0.328,
            0.327,
            0.317,
            0.307,
            0.291
        ],
        [
            0.421,
            0.343,
            0.337,
            0.332,
            0.326,
            0.331,
            0.314,
            0.303,
            0.287
        ],
        [
            0.461,
            0.343,
            0.332,
            0.33,
            0.333,
            0.327,
            0.307,
            0.298,
            0.287
        ],
        [
            0.415,
            0.346,
            0.331,
            0.329,
            0.333,
            0.322,
            0.3,
            0.294,
            0.293
        ],
        [
            0.374,
            0.347,
            0.338,
            0.329,
            0.336,
            0.325,
            0.306,
            0.294,
            0.295
        ],
        [
            0.378,
            0.344,
            0.335,
            0.331,
            0.335,
            0.329,
            0.302,
            0.299,
            0.298
        ],
        [
            0.343,
            0.344,
            0.339,
            0.331,
            0.333,
            0.326,
            0.3,
            0.295,
            0.3
        ],
        [
            0.346,
            0.34,
            0.338,
            0.334,
            0.334,
            0.32,
            0.298,
            0.293,
            0.296
        ],
        [
            0.353,
            0.343,
            0.332,
            0.338,
            0.326,
            0.307,
            0.298,
            0.294,
            0.298
        ],
        [
            0.35,
            0.341,
            0.336,
            0.338,
            0.331,
            0.307,
            0.305,
            0.303,
            0.311
        ],
        [
            0.35,
            0.339,
            0.335,
            0.336,
            0.329,
            0.312,
            0.308,
            0.315,
            0.315
        ],
        [
            0.35,
            0.341,
            0.331,
            0.342,
            0.335,
            0.32,
            0.314,
            0.316,
            0.323
        ],
        [
            0.347,
            0.342,
            0.329,
            0.337,
            0.338,
            0.339,
            0.326,
            0.329,
            0.339
        ],
        [
            0.385,
            0.345,
            0.331,
            0.336,
            0.341,
            0.339,
            0.32,
            0.325,
            0.335
        ],
        [
            0.385,
            0.345,
            0.334,
            0.335,
            0.336,
            0.34,
            0.316,
            0.313,
            0.321
        ],
        [
            0.379,
            0.343,
            0.34,
            0.333,
            0.333,
            0.341,
            0.322,
            0.321,
            0.324
        ],
        [
            0.377,
            0.342,
            0.34,
            0.33,
            0.333,
            0.334,
            0.324,
            0.316,
            0.313
        ],
        [
            0.377,
            0.343,
            0.339,
            0.328,
            0.334,
            0.328,
            0.323,
            0.313,
            0.308
        ]
    ],
    "timestamp": "2026-04-10T20:43:46.455701",
    "label": "bee"
}