{
    "event_type": "flower_visit",
    "event_id": "flower_1_20260412163526485396",
    "flower_id": "flower_1",
    "background_dist": 0.2,
    "start_time": 1776029721.884037,
    "end_time": 1776029726.485227,
    "num_scans": 69,
    "angles": [
        56,
        57,
        58,
        59,
        60,
        61,
        62,
        63,
        64,
        65,
        66
    ],
    "distance_series": [
        [
            0.214,
            0.174,
            0.174,
            0.168,
            0.164,
            0.163,
            0.164,
            0.157,
            0.15,
            0.142,
            0.151
        ],
        [
            0.28,
            0.184,
            0.185,
            0.18,
            0.18,
            0.173,
            0.178,
            0.169,
            0.159,
            0.15,
            0.149
        ],
        [
            0.343,
            0.2,
            0.193,
            0.187,
            0.178,
            0.175,
            0.177,
            0.174,
            0.161,
            0.151,
            0.15
        ],
        [
            0.337,
            0.192,
            0.186,
            0.181,
            0.178,
            0.177,
            0.181,
            0.173,
            0.163,
            0.155,
            0.149
        ],
        [
            0.274,
            0.178,
            0.175,
            0.166,
            0.164,
            0.166,
            0.171,
            0.16,
            0.154,
            0.152,
            0.145
        ],
        [
            0.211,
            0.186,
            0.172,
            0.162,
            0.154,
            0.154,
            0.152,
            0.15,
            0.143,
            0.142,
            0.147
        ],
        [
            0.205,
            0.184,
            0.175,
            0.167,
            0.168,
            0.173,
            0.167,
            0.161,
            0.15,
            0.148,
            0.147
        ],
        [
            0.261,
            0.192,
            0.182,
            0.178,
            0.178,
            0.189,
            0.185,
            0.172,
            0.153,
            0.148,
            0.147
        ],
        [
            0.325,
            0.208,
            0.194,
            0.19,
            0.191,
            0.192,
            0.188,
            0.174,
            0.158,
            0.149,
            0.154
        ],
        [
            0.336,
            0.197,
            0.189,
            0.185,
            0.186,
            0.188,
            0.187,
            0.173,
            0.156,
            0.15,
            0.153
        ],
        [
            0.272,
            0.188,
            0.172,
            0.17,
            0.172,
            0.17,
            0.172,
            0.164,
            0.157,
            0.147,
            0.146
        ],
        [
            0.264,
            0.18,
            0.178,
            0.167,
            0.165,
            0.162,
            0.159,
            0.151,
            0.149,
            0.145,
            0.149
        ],
        [
            0.265,
            0.186,
            0.177,
            0.172,
            0.17,
            0.168,
            0.167,
            0.153,
            0.147,
            0.146,
            0.152
        ],
        [
            0.294,
            0.193,
            0.18,
            0.179,
            0.181,
            0.183,
            0.177,
            0.165,
            0.151,
            0.145,
            0.151
        ],
        [
            0.355,
            0.207,
            0.193,
            0.189,
            0.192,
            0.189,
            0.177,
            0.168,
            0.152,
            0.148,
            0.151
        ],
        [
            0.416,
            0.209,
            0.189,
            0.19,
            0.185,
            0.188,
            0.18,
            0.171,
            0.157,
            0.147,
            0.148
        ],
        [
            0.354,
            0.195,
            0.178,
            0.176,
            0.177,
            0.176,
            0.171,
            0.171,
            0.15,
            0.146,
            0.144
        ],
        [
            0.288,
            0.199,
            0.176,
            0.175,
            0.171,
            0.167,
            0.161,
            0.162,
            0.148,
            0.145,
            0.143
        ],
        [
            0.285,
            0.198,
            0.175,
            0.176,
            0.169,
            0.172,
            0.172,
            0.167,
            0.152,
            0.147,
            0.145
        ],
        [
            0.283,
            0.195,
            0.179,
            0.179,
            0.182,
            0.185,
            0.182,
            0.183,
            0.162,
            0.153,
            0.15
        ],
        [
            0.326,
            0.204,
            0.194,
            0.194,
            0.194,
            0.191,
            0.189,
            0.186,
            0.168,
            0.156,
            0.156
        ],
        [
            0.377,
            0.201,
            0.194,
            0.192,
            0.192,
            0.188,
            0.191,
            0.183,
            0.169,
            0.16,
            0.156
        ],
        [
            0.354,
            0.194,
            0.182,
            0.177,
            0.182,
            0.174,
            0.173,
            0.177,
            0.165,
            0.157,
            0.154
        ],
        [
            0.312,
            0.192,
            0.181,
            0.177,
            0.174,
            0.169,
            0.165,
            0.169,
            0.157,
            0.152,
            0.154
        ],
        [
            0.325,
            0.193,
            0.18,
            0.177,
            0.175,
            0.178,
            0.167,
            0.171,
            0.159,
            0.152,
            0.155
        ],
        [
            0.311,
            0.195,
            0.184,
            0.184,
            0.182,
            0.189,
            0.179,
            0.18,
            0.169,
            0.157,
            0.165
        ],
        [
            0.37,
            0.2,
            0.195,
            0.196,
            0.195,
            0.198,
            0.192,
            0.19,
            0.175,
            0.166,
            0.171
        ],
        [
            0.989,
            0.201,
            0.194,
            0.196,
            0.194,
            0.2,
            0.19,
            0.187,
            0.178,
            0.167,
            0.168
        ],
        [
            1.608,
            0.196,
            0.192,
            0.186,
            0.182,
            0.18,
            0.18,
            0.178,
            0.174,
            0.166,
            0.164
        ],
        [
            2.229,
            0.198,
            0.19,
            0.18,
            0.178,
            0.177,
            0.173,
            0.17,
            0.165,
            0.16,
            0.161
        ],
        [
            2.236,
            0.207,
            0.187,
            0.181,
            0.177,
            0.181,
            0.171,
            0.17,
            0.162,
            0.158,
            0.154
        ],
        [
            1.626,
            0.209,
            0.186,
            0.183,
            0.186,
            0.185,
            0.182,
            0.182,
            0.164,
            0.164,
            0.158
        ],
        [
            0.953,
            0.211,
            0.19,
            0.194,
            0.201,
            0.193,
            0.192,
            0.189,
            0.167,
            0.167,
            0.165
        ],
        [
            0.355,
            0.205,
            0.19,
