{
    "event_type": "flower_visit",
    "event_id": "flower_1_20260410192000634332",
    "flower_id": "flower_1",
    "background_dist": 0.38,
    "start_time": 1775866797.0341618,
    "end_time": 1775866800.63418,
    "num_scans": 54,
    "angles": [
        128,
        129,
        130,
        131,
        132,
        133,
        134
    ],
    "distance_series": [
        [
            0.379,
            0.33,
            0.358,
            0.376,
            0.373,
            0.375,
            0.377
        ],
        [
            0.335,
            0.325,
            0.368,
            0.378,
            0.376,
            0.378,
            0.383
        ],
        [
            0.335,
            0.327,
            0.37,
            0.379,
            0.378,
            0.372,
            0.381
        ],
        [
            0.333,
            0.329,
            0.368,
            0.378,
            0.377,
            0.377,
            0.384
        ],
        [
            0.332,
            0.331,
            0.364,
            0.374,
            0.379,
            0.377,
            0.386
        ],
        [
            0.334,
            0.335,
            0.363,
            0.372,
            0.38,
            0.373,
            0.389
        ],
        [
            0.334,
            0.337,
            0.365,
            0.374,
            0.374,
            0.377,
            0.388
        ],
        [
            0.337,
            0.34,
            0.368,
            0.37,
            0.372,
            0.371,
            0.383
        ],
        [
            0.341,
            0.341,
            0.366,
            0.371,
            0.375,
            0.373,
            0.38
        ],
        [
            0.341,
            0.341,
            0.367,
            0.372,
            0.377,
            0.379,
            0.382
        ],
        [
            0.344,
            0.343,
            0.374,
            0.372,
            0.376,
            0.372,
            0.387
        ],
        [
            0.342,
            0.341,
            0.375,
            0.37,
            0.376,
            0.374,
            0.384
        ],
        [
            0.342,
            0.342,
            0.371,
            0.374,
            0.373,
            0.371,
            0.382
        ],
        [
            0.337,
            0.337,
            0.367,
            0.37,
            0.369,
            0.369,
            0.378
        ],
        [
            0.336,
            0.34,
            0.37,
            0.37,
            0.372,
            0.377,
            0.374
        ],
        [
            0.333,
            0.347,
            0.369,
            0.374,
            0.371,
            0.378,
            0.373
        ],
        [
            0.327,
            0.35,
            0.37,
            0.371,
            0.375,
            0.377,
            0.37
        ],
        [
            0.326,
            0.357,
            0.37,
            0.372,
            0.375,
            0.376,
            0.375
        ],
        [
            0.325,
            0.352,
            0.369,
            0.371,
            0.371,
            0.371,
            0.373
        ],
        [
            0.328,
            0.35,
            0.371,
            0.369,
            0.37,
            0.37,
            0.372
        ],
        [
            0.333,
            0.35,
            0.366,
            0.364,
            0.366,
            0.371,
            0.375
        ],
        [
            0.34,
            0.342,
            0.364,
            0.365,
            0.365,
            0.37,
            0.373
        ],
        [
            0.344,
            0.341,
            0.367,
            0.37,
            0.37,
            0.374,
            0.375
        ],
        [
            0.346,
            0.34,
            0.365,
            0.369,
            0.37,
            0.373,
            0.379
        ],
        [
            0.341,
            0.338,
            0.365,
            0.37,
            0.368,
            0.369,
            0.371
        ],
        [
            0.34,
            0.334,
            0.365,
            0.369,
            0.37,
            0.371,
            0.37
        ],
        [
            0.34,
            0.343,
            0.369,
            0.368,
            0.369,
            0.373,
            0.379
        ],
        [
            0.337,
            0.354,
            0.366,
            0.367,
            0.374,
            0.375,
            0.378
        ],
        [
            0.336,
            0.362,
            0.366,
            0.363,
            0.376,
            0.375,
            0.372
        ],
        [
            0.333,
            0.374,
            0.371,
            0.364,
            0.371,
            0.375,
            0.372
        ],
        [
            0.335,
            0.374,
            0.37,
            0.365,
            0.372,
            0.371,
            0.373
        ],
        [
            0.336,
            0.365,
            0.368,
            0.365,
            0.369,
            0.37,
            0.377
        ],
        [
            0.341,
            0.356,
            0.368,
            0.364,
            0.366,
            0.369,
            0.38
        ],
        [
            0.376,
            0.348,
            0.373,
            0.365,
            0.369,
            0.368,
            0.389
        ],
        [
            0.42,
            0.342,
            0.367,
            0.367,
            0.368,
            0.371,
            0.389
        ],
        [
            0.468,
            0.34,
            0.359,
            0.365,
            0.368,
            0.376,
            0.387
        ],
        [
            0.517,
            0.341,
            0.355,
            0.369,
            0.37,
            0.371,
            0.386
        ],
        [
            0.519,
            0.345,
            0.355,
            0.371,
            0.37,
            0.375,
            0.381
        ],
        [
            0.478,
            0.345,
            0.358,
            0.374,
            0.371,
            0.374,
            0.379
        ],
        [
            0.429,
            0.343,
            0.364,
            0.371,
            0.371,
            0.372,
            0.379
        ],
        [
            0.378,
            0.349,
            0.372,
            0.371,
            0.371,
            0.377,
            0.377
        ],
        [
            0.34,
            0.352,
            0.376,
            0.368,
            0.367,
            0.374,
            0.38
        ],
        [
            0.339,
            0.353,
            0.371,
            0.367,
            0.368,
            0.372,
            0.377
        ],
        [
            0.337,
            0.36,
            0.375,
            0.366,
            0.366,
            0.374,
            0.379
        ],
        [
            0.343,
            0.36,
            0.374,
            0.372,
            0.366,
            0.371,
            0.382
        ],
        [
            0.341,
            0.36,
            0.372,
            0.368,
            0.368,
            0.375,
            0.379
        ],
        [
            0.345,
            0.354,
            0.373,
            0.367,
            0.365,
            0.377,
            0.384
        ],
        [
            0.346,
            0.354,
            0.374,
            0.369,
            0.367,
            0.376,
            0.382
        ],
        [
            0.393,
            0.368,
            0.369,
            0.366,
            0.369,
            0.378,
            0.375
        ],
        [
            0.439,
            0.373,
            0.373,
            0.369,
            0.37,
            0.377,
            0.375
        ],
        [
