{
    "event_type": "flower_visit",
    "event_id": "flower_2_20260409163112612709",
    "flower_id": "flower_2",
    "background_dist": 0.42,
    "start_time": 1775770271.545894,
    "end_time": 1775770272.612553,
    "num_scans": 16,
    "angles": [
        194,
        195,
        196,
        197,
        198,
        199,
        200
    ],
    "distance_series": [
        [
            0.489,
            0.402,
            0.374,
            0.378,
            0.413,
            0.433,
            0.556
        ],
        [
            0.488,
            0.402,
            0.374,
            0.38,
            0.407,
            0.437,
            0.553
        ],
        [
            0.488,
            0.407,
            0.378,
            0.381,
            0.405,
            0.44,
            0.554
        ],
        [
            0.492,
            0.411,
            0.383,
            0.384,
            0.405,
            0.445,
            0.553
        ],
        [
            0.496,
            0.411,
            0.39,
            0.39,
            0.405,
            0.449,
            0.557
        ],
        [
            0.498,
            0.41,
            0.392,
            0.397,
            0.415,
            0.446,
            0.56
        ],
        [
            0.494,
            0.408,
            0.392,
            0.401,
            0.416,
            0.445,
            0.558
        ],
        [
            0.492,
            0.401,
            0.383,
            0.412,
            0.417,
            0.443,
            0.561
        ],
        [
            0.489,
            0.405,
            0.393,
            0.415,
            0.425,
            0.442,
            0.56
        ],
        [
            0.488,
            0.399,
            0.404,
            0.413,
            0.425,
            0.446,
            0.56
        ],
        [
            0.49,
            0.399,
            0.408,
            0.417,
            0.421,
            0.445,
            0.559
        ],
        [
            0.49,
            0.402,
            0.409,
            0.416,
            0.42,
            0.448,
            0.563
        ],
        [
            0.49,
            0.4,
            0.408,
            0.417,
            0.422,
            0.447,
            0.561
        ],
        [
            0.49,
            0.408,
            0.402,
            0.418,
            0.417,
            0.444,
            0.562
        ],
        [
            0.489,
            0.404,
            0.401,
            0.421,
            0.418,
            0.443,
            0.557
        ],
        [
            0.487,
            0.409,
            0.393,
            0.417,
            0.421,
            0.443,
            0.56
        ]
    ],
    "timestamp": "2026-04-09T16:31:12.612799",
    "label": "bee"
}