{
    "event_type": "flower_visit",
    "event_id": "flower_1_20260410192046233397",
    "flower_id": "flower_1",
    "background_dist": 0.38,
    "start_time": 1775866840.033904,
    "end_time": 1775866846.233313,
    "num_scans": 93,
    "angles": [
        128,
        129,
        130,
        131,
        132,
        133,
        134
    ],
    "distance_series": [
        [
            0.355,
            0.343,
            0.332,
            0.356,
            0.373,
            0.372,
            0.383
        ],
        [
            0.35,
            0.339,
            0.334,
            0.358,
            0.37,
            0.376,
            0.385
        ],
        [
            0.344,
            0.342,
            0.333,
            0.356,
            0.371,
            0.381,
            0.388
        ],
        [
            0.346,
            0.34,
            0.334,
            0.351,
            0.365,
            0.379,
            0.388
        ],
        [
            0.348,
            0.341,
            0.338,
            0.345,
            0.357,
            0.38,
            0.388
        ],
        [
            0.39,
            0.342,
            0.338,
            0.345,
            0.355,
            0.372,
            0.384
        ],
        [
            0.405,
            0.345,
            0.336,
            0.344,
            0.352,
            0.366,
            0.372
        ],
        [
            0.449,
            0.356,
            0.342,
            0.342,
            0.349,
            0.35,
            0.361
        ],
        [
            0.492,
            0.368,
            0.339,
            0.338,
            0.347,
            0.346,
            0.348
        ],
        [
            0.459,
            0.377,
            0.347,
            0.337,
            0.337,
            0.339,
            0.344
        ],
        [
            0.492,
            0.38,
            0.357,
            0.337,
            0.331,
            0.339,
            0.347
        ],
        [
            0.46,
            0.383,
            0.364,
            0.338,
            0.333,
            0.346,
            0.358
        ],
        [
            0.425,
            0.38,
            0.364,
            0.338,
            0.332,
            0.355,
            0.37
        ],
        [
            0.463,
            0.372,
            0.357,
            0.337,
            0.34,
            0.362,
            0.376
        ],
        [
            0.426,
            0.356,
            0.347,
            0.349,
            0.353,
            0.366,
            0.378
        ],
        [
            0.415,
            0.348,
            0.336,
            0.347,
            0.362,
            0.375,
            0.378
        ],
        [
            0.403,
            0.336,
            0.338,
            0.348,
            0.368,
            0.369,
            0.378
        ],
        [
            0.353,
            0.332,
            0.342,
            0.362,
            0.368,
            0.373,
            0.381
        ],
        [
            0.343,
            0.334,
            0.346,
            0.366,
            0.368,
            0.372,
            0.379
        ],
        [
            0.34,
            0.334,
            0.353,
            0.369,
            0.367,
            0.373,
            0.376
        ],
        [
            0.349,
            0.34,
            0.349,
            0.368,
            0.367,
            0.375,
            0.379
        ],
        [
            0.36,
            0.35,
            0.347,
            0.351,
            0.365,
            0.374,
            0.381
        ],
        [
            0.401,
            0.353,
            0.347,
            0.342,
            0.362,
            0.373,
            0.383
        ],
        [
            0.414,
            0.358,
            0.352,
            0.344,
            0.353,
            0.368,
            0.379
        ],
        [
            0.423,
            0.361,
            0.362,
            0.347,
            0.348,
            0.36,
            0.377
        ],
        [
            0.424,
            0.368,
            0.366,
            0.356,
            0.341,
            0.352,
            0.37
        ],
        [
            0.425,
            0.378,
            0.37,
            0.356,
            0.337,
            0.349,
            0.369
        ],
        [
            0.425,
            0.378,
            0.374,
            0.362,
            0.338,
            0.346,
            0.37
        ],
        [
            0.426,
            0.378,
            0.372,
            0.357,
            0.336,
            0.354,
            0.375
        ],
        [
            0.469,
            0.373,
            0.359,
            0.347,
            0.348,
            0.363,
            0.376
        ],
        [
            0.429,
            0.363,
            0.353,
            0.343,
            0.36,
            0.374,
            0.38
        ],
        [
            0.426,
            0.351,
            0.343,
            0.345,
            0.368,
            0.373,
            0.379
        ],
        [
            0.449,
            0.34,
            0.338,
            0.347,
            0.371,
            0.373,
            0.378
        ],
        [
            0.394,
            0.335,
            0.342,
            0.359,
            0.369,
            0.377,
            0.382
        ],
        [
            0.383,
            0.332,
            0.352,
            0.37,
            0.369,
            0.374,
            0.381
        ],
        [
            0.41,
            0.334,
            0.35,
            0.37,
            0.373,
            0.371,
            0.378
        ],
        [
            0.38,
            0.34,
            0.344,
            0.366,
            0.372,
            0.375,
            0.38
        ],
        [
            0.389,
            0.348,
            0.346,
            0.363,
            0.374,
            0.378,
            0.382
        ],
        [
            0.405,
            0.354,
            0.343,
            0.354,
            0.367,
            0.368,
            0.383
        ],
        [
            0.377,
            0.361,
            0.348,
            0.346,
            0.36,
            0.367,
            0.387
        ],
        [
            0.381,
            0.367,
            0.363,
            0.348,
            0.352,
            0.361,
            0.385
        ],
        [
            0.386,
            0.374,
            0.37,
            0.351,
            0.342,
            0.351,
            0.378
        ],
        [
            0.392,
            0.378,
            0.38,
            0.362,
            0.335,
            0.353,
            0.372
        ],
        [
            0.409,
            0.381,
            0.378,
            0.361,
            0.333,
            0.359,
            0.371
        ],
        [
            0.412,
            0.379,
            0.374,
            0.356,
            0.339,
            0.369,
            0.371
        ],
        [
            0.411,
            0.372,
            0.362,
            0.351,
            0.353,
            0.374,
            0.369
        ],
        [
            0.41,
            0.359,
            0.35,
            0.351,
            0.357,
            0.378,
            0.376
        ],
        [
            0.366,
            0.349,
            0.339,
            0.355,
            0.37,
            0.376,
            0.376
        ],
        [
            0.353,
            0.342,
            0.337,
            0.365,
            0.376,
            0.377,
            0.379
        ],
        [
            0.343,
            0.335,
            0.344,
            0.372,
            0.379,
            0.377,
            0.385
        ],
        [
