{
    "event_type": "flower_visit",
    "event_id": "flower_1_20260412181024696774",
    "flower_id": "flower_1",
    "background_dist": 0.35,
    "start_time": 1776035422.562646,
    "end_time": 1776035424.696637,
    "num_scans": 32,
    "angles": [
        88,
        89,
        90,
        91,
        92,
        93,
        94
    ],
    "distance_series": [
        [
            0.354,
            0.359,
            0.337,
            0.308,
            0.306,
            0.314,
            0.35
        ],
        [
            0.354,
            0.358,
            0.337,
            0.31,
            0.307,
            0.316,
            0.351
        ],
        [
            0.352,
            0.355,
            0.336,
            0.313,
            0.311,
            0.315,
            0.351
        ],
        [
            0.351,
            0.35,
            0.339,
            0.313,
            0.312,
            0.312,
            0.343
        ],
        [
            0.354,
            0.343,
            0.34,
            0.314,
            0.308,
            0.314,
            0.348
        ],
        [
            0.353,
            0.345,
            0.336,
            0.312,
            0.31,
            0.315,
            0.35
        ],
        [
            0.358,
            0.344,
            0.342,
            0.314,
            0.307,
            0.316,
            0.35
        ],
        [
            0.353,
            0.344,
            0.342,
            0.313,
            0.308,
            0.315,
            0.348
        ],
        [
            0.354,
            0.346,
            0.347,
            0.313,
            0.306,
            0.312,
            0.338
        ],
        [
            0.354,
            0.348,
            0.351,
            0.312,
            0.306,
            0.311,
            0.336
        ],
        [
            0.357,
            0.35,
            0.353,
            0.312,
            0.309,
            0.309,
            0.332
        ],
        [
            0.359,
            0.357,
            0.357,
            0.31,
            0.31,
            0.311,
            0.33
        ],
        [
            0.359,
            0.357,
            0.353,
            0.312,
            0.311,
            0.311,
            0.329
        ],
        [
            0.358,
            0.352,
            0.351,
            0.311,
            0.312,
            0.31,
            0.329
        ],
        [
            0.357,
            0.354,
            0.345,
            0.311,
            0.313,
            0.309,
            0.334
        ],
        [
            0.36,
            0.355,
            0.342,
            0.318,
            0.312,
            0.313,
            0.337
        ],
        [
            0.36,
            0.359,
            0.345,
            0.318,
            0.311,
            0.315,
            0.337
        ],
        [
            0.358,
            0.354,
            0.34,
            0.318,
            0.311,
            0.317,
            0.337
        ],
        [
            0.36,
            0.352,
            0.348,
            0.319,
            0.31,
            0.319,
            0.337
        ],
        [
            0.358,
            0.355,
            0.348,
            0.315,
            0.313,
            0.321,
            0.339
        ],
        [
            0.356,
            0.355,
            0.35,
            0.316,
            0.315,
            0.319,
            0.343
        ],
        [
            0.358,
            0.355,
            0.357,
            0.319,
            0.316,
            0.321,
            0.344
        ],
        [
            0.359,
            0.36,
            0.358,
            0.318,
            0.312,
            0.319,
            0.331
        ],
        [
            0.362,
            0.354,
            0.356,
            0.323,
            0.31,
            0.313,
            0.323
        ],
        [
            0.363,
            0.348,
            0.359,
            0.329,
            0.317,
            0.319,
            0.318
        ],
        [
            0.366,
            0.348,
            0.359,
            0.332,
            0.329,
            0.324,
            0.323
        ],
        [
            0.364,
            0.352,
            0.354,
            0.339,
            0.336,
            0.336,
            0.337
        ],
        [
            0.363,
            0.352,
            0.354,
            0.348,
            0.348,
            0.346,
            0.353
        ],
        [
            0.362,
            0.348,
            0.347,
            0.352,
            0.354,
            0.349,
            0.359
        ],
        [
            0.362,
            0.351,
            0.346,
            0.354,
            0.355,
            0.352,
            0.357
        ],
        [
            0.364,
            0.353,
            0.345,
            0.353,
            0.354,
            0.353,
            0.357
        ],
        [
            0.363,
            0.351,
            0.35,
            0.351,
            0.353,
            0.354,
            0.353
        ]
    ],
    "timestamp": "2026-04-12T18:10:24.696862",
    "label": "not_bee"
}