{
    "event_type": "flower_visit",
    "event_id": "flower_2_20260410191601966753",
    "flower_id": "flower_2",
    "background_dist": 0.25,
    "start_time": 1775866559.365789,
    "end_time": 1775866561.966586,
    "num_scans": 39,
    "angles": [
        171,
        172,
        173,
        174,
        175,
        176,
        177,
        178,
        179,
        180,
        181,
        182,
        183
    ],
    "distance_series": [
        [
            0.249,
            0.208,
            0.204,
            0.222,
            0.218,
            0.221,
            0.228,
            0.234,
            0.242,
            0.244,
            0.247,
            0.26,
            0.336
        ],
        [
            0.25,
            0.206,
            0.204,
            0.217,
            0.21,
            0.21,
            0.222,
            0.233,
            0.24,
            0.244,
            0.245,
            0.258,
            0.337
        ],
        [
            0.25,
            0.212,
            0.207,
            0.221,
            0.211,
            0.21,
            0.228,
            0.234,
            0.237,
            0.246,
            0.248,
            0.256,
            0.332
        ],
        [
            0.268,
            0.224,
            0.219,
            0.222,
            0.216,
            0.216,
            0.228,
            0.234,
            0.238,
            0.242,
            0.247,
            0.256,
            0.369
        ],
        [
            0.257,
            0.223,
            0.217,
            0.223,
            0.222,
            0.218,
            0.228,
            0.237,
            0.235,
            0.241,
            0.25,
            0.253,
            0.328
        ],
        [
            0.259,
            0.224,
            0.223,
            0.231,
            0.229,
            0.23,
            0.233,
            0.238,
            0.236,
            0.24,
            0.251,
            0.255,
            0.36
        ],
        [
            0.257,
            0.226,
            0.233,
            0.238,
            0.234,
            0.238,
            0.234,
            0.239,
            0.24,
            0.242,
            0.25,
            0.256,
            0.36
        ],
        [
            0.242,
            0.213,
            0.235,
            0.236,
            0.233,
            0.235,
            0.236,
            0.241,
            0.238,
            0.244,
            0.25,
            0.262,
            0.32
        ],
        [
            0.189,
            0.2,
            0.233,
            0.223,
            0.22,
            0.227,
            0.236,
            0.238,
            0.242,
            0.239,
            0.248,
            0.258,
            0.316
        ],
        [
            0.191,
            0.198,
            0.225,
            0.217,
            0.212,
            0.217,
            0.224,
            0.234,
            0.244,
            0.237,
            0.247,
            0.26,
            0.323
        ],
        [
            0.252,
            0.215,
            0.225,
            0.221,
            0.216,
            0.221,
            0.226,
            0.232,
            0.238,
            0.239,
            0.252,
            0.264,
            0.329
        ],
        [
            0.253,
            0.216,
            0.218,
            0.21,
            0.216,
            0.219,
            0.227,
            0.231,
            0.233,
            0.237,
            0.251,
            0.266,
            0.329
        ],
        [
            0.254,
            0.22,
            0.219,
            0.212,
            0.221,
            0.22,
            0.219,
            0.233,
            0.237,
            0.24,
            0.254,
            0.268,
            0.37
        ],
        [
            0.254,
            0.224,
            0.214,
            0.221,
            0.229,
            0.226,
            0.234,
            0.237,
            0.236,
            0.242,
            0.251,
            0.267,
            0.371
        ],
        [
            0.197,
            0.203,
            0.206,
            0.211,
            0.223,
            0.221,
            0.233,
            0.243,
            0.241,
            0.243,
            0.253,
            0.264,
            0.369
        ],
        [
            0.2,
            0.197,
            0.204,
            0.214,
            0.222,
            0.227,
            0.232,
            0.245,
            0.243,
            0.246,
            0.248,
            0.268,
            0.373
        ],
        [
            0.202,
            0.196,
            0.207,
            0.219,
            0.23,
            0.236,
            0.24,
            0.24,
            0.242,
            0.247,
            0.249,
            0.266,
            0.333
        ],
        [
            0.199,
            0.19,
            0.213,
            0.22,
            0.222,
            0.237,
            0.241,
            0.245,
            0.24,
            0.246,
            0.251,
            0.259,
            0.332
        ],
        [
            0.25,
            0.198,
            0.224,
            0.23,
            0.229,
            0.239,
            0.24,
            0.24,
            0.238,
            0.249,
            0.25,
            0.264,
            0.293
        ],
        [
            0.249,
            0.214,
            0.217,
            0.225,
            0.218,
            0.226,
            0.232,
            0.24,
            0.237,
            0.248,
            0.251,
            0.262,
            0.29
        ],
        [
            0.254,
            0.211,
            0.217,
            0.219,
            0.213,
            0.225,
            0.233,
            0.243,
            0.239,
            0.246,
            0.25,
            0.268,
            0.331
        ],
        [
            0.32,
            0.224,
            0.22,
            0.225,
            0.22,
            0.225,
            0.229,
            0.243,
            0.239,
            0.243,
            0.249,
            0.269,
            0.293
        ],
        [
            0.326,
            0.227,
            0.216,
            0.22,
            0.224,
            0.226,
            0.229,
            0.247,
            0.243,
            0.242,
            0.25,
            0.265,
            0.329
        ],
        [
            0.325,
            0.227,
            0.221,
            0.215,
            0.237,
            0.235,
            0.241,
            0.244,
            0.249,
            0.242,
            0.251,
            0.266,
            0.364
        ],
        [
            0.326,
            0.222,
            0.223,
            0.216,
            0.231,
            0.227,
            0.231,
            0.242,
            0.249,
            0.244,
            0.249,
            0.262,
            0.363
        ],
        [
            0.322,
            0.214,
            0.221,
            0.216,
            0.228,
            0.23,
            0.233,
            0.236,
            0.245,
            0.243,
            0.251,
            0.263,
            0.403
        ],
        [
            0.245,
            0.2,
            0.214,
            0.222,
            0.226,
            0.228,
            0.235,
            0.238,
            0.241,
            0.246,
            0.249,
            0.265,
            0.367
        ],
        [
            0.245,
            0.2,
            0.211,
            0.227,
            0.225,
            0.229,
            0.234,
            0.235,
            0.242,
            0.245,
            0.253,
            0.263,
            0.367
        ],
        [
            0.267,
            0.209,
            0.219,
            0.241,
            0.233,
