{
    "event_type": "flower_visit",
    "event_id": "flower_2_20260410192251832487",
    "flower_id": "flower_2",
    "background_dist": 0.25,
    "start_time": 1775866967.2320378,
    "end_time": 1775866971.8323112,
    "num_scans": 69,
    "angles": [
        171,
        172,
        173,
        174,
        175,
        176,
        177,
        178,
        179,
        180,
        181,
        182,
        183
    ],
    "distance_series": [
        [
            0.457,
            0.255,
            0.238,
            0.242,
            0.24,
            0.225,
            0.214,
            0.239,
            0.243,
            0.243,
            0.253,
            0.264,
            0.365
        ],
        [
            0.45,
            0.248,
            0.239,
            0.242,
            0.243,
            0.226,
            0.218,
            0.229,
            0.243,
            0.241,
            0.252,
            0.26,
            0.332
        ],
        [
            0.464,
            0.248,
            0.239,
            0.241,
            0.242,
            0.214,
            0.224,
            0.234,
            0.245,
            0.239,
            0.252,
            0.258,
            0.331
        ],
        [
            0.455,
            0.247,
            0.242,
            0.242,
            0.234,
            0.204,
            0.224,
            0.238,
            0.246,
            0.241,
            0.247,
            0.257,
            0.329
        ],
        [
            0.45,
            0.245,
            0.245,
            0.24,
            0.229,
            0.198,
            0.222,
            0.237,
            0.239,
            0.239,
            0.243,
            0.261,
            0.334
        ],
        [
            0.456,
            0.244,
            0.241,
            0.237,
            0.218,
            0.19,
            0.22,
            0.236,
            0.233,
            0.239,
            0.246,
            0.256,
            0.327
        ],
        [
            0.449,
            0.244,
            0.243,
            0.238,
            0.212,
            0.197,
            0.212,
            0.234,
            0.233,
            0.235,
            0.247,
            0.258,
            0.323
        ],
        [
            0.444,
            0.245,
            0.238,
            0.24,
            0.22,
            0.206,
            0.21,
            0.229,
            0.239,
            0.238,
            0.25,
            0.258,
            0.368
        ],
        [
            0.449,
            0.25,
            0.24,
            0.24,
            0.227,
            0.219,
            0.214,
            0.221,
            0.234,
            0.237,
            0.245,
            0.259,
            0.324
        ],
        [
            0.438,
            0.251,
            0.241,
            0.244,
            0.234,
            0.231,
            0.216,
            0.215,
            0.228,
            0.235,
            0.246,
            0.262,
            0.369
        ],
        [
            0.443,
            0.25,
            0.243,
            0.24,
            0.239,
            0.236,
            0.227,
            0.217,
            0.217,
            0.227,
            0.245,
            0.256,
            0.373
        ],
        [
            0.461,
            0.249,
            0.238,
            0.238,
            0.24,
            0.237,
            0.231,
            0.223,
            0.221,
            0.211,
            0.245,
            0.256,
            0.379
        ],
        [
            0.472,
            0.249,
            0.238,
            0.237,
            0.243,
            0.235,
            0.232,
            0.233,
            0.221,
            0.203,
            0.246,
            0.255,
            0.379
        ],
        [
            0.469,
            0.249,
            0.235,
            0.236,
            0.238,
            0.234,
            0.235,
            0.233,
            0.227,
            0.203,
            0.246,
            0.255,
            0.384
        ],
        [
            0.472,
            0.247,
            0.235,
            0.236,
            0.234,
            0.232,
            0.229,
            0.236,
            0.223,
            0.203,
            0.242,
            0.256,
            0.381
        ],
        [
            0.472,
            0.245,
            0.237,
            0.237,
            0.238,
            0.231,
            0.228,
            0.223,
            0.217,
            0.215,
            0.245,
            0.26,
            0.375
        ],
        [
            0.469,
            0.247,
            0.243,
            0.237,
            0.236,
            0.23,
            0.223,
            0.217,
            0.219,
            0.23,
            0.251,
            0.257,
            0.373
        ],
        [
            0.484,
            0.247,
            0.243,
            0.234,
            0.244,
            0.218,
            0.214,
            0.217,
            0.221,
            0.243,
            0.25,
            0.261,
            0.328
        ],
        [
            0.458,
            0.246,
            0.238,
            0.237,
            0.238,
            0.213,
            0.218,
            0.22,
            0.229,
            0.241,
            0.258,
            0.264,
            0.329
        ],
        [
            0.848,
            0.25,
            0.237,
            0.237,
            0.225,
            0.211,
            0.223,
            0.231,
            0.233,
            0.245,
            0.254,
            0.266,
            0.283
        ],
        [
            1.235,
            0.247,
            0.236,
            0.237,
            0.211,
            0.202,
            0.229,
            0.234,
            0.235,
            0.241,
            0.25,
            0.264,
            0.289
        ],
        [
            1.244,
            0.248,
            0.236,
            0.238,
            0.204,
            0.203,
            0.233,
            0.234,
            0.239,
            0.244,
            0.251,
            0.256,
            0.287
        ],
        [
            1.264,
            0.25,
            0.235,
            0.237,
            0.205,
            0.206,
            0.223,
            0.23,
            0.232,
            0.247,
            0.251,
            0.257,
            0.294
        ],
        [
            0.865,
            0.25,
            0.239,
            0.244,
            0.209,
            0.207,
            0.211,
            0.22,
            0.224,
            0.245,
            0.252,
            0.26,
            0.299
        ],
        [
            0.474,
            0.249,
            0.242,
            0.243,
            0.224,
            0.216,
            0.212,
            0.219,
            0.211,
            0.231,
            0.247,
            0.26,
            0.295
        ],
        [
            0.462,
            0.25,
            0.241,
            0.238,
            0.235,
            0.22,
            0.223,
            0.219,
            0.213,
            0.218,
            0.236,
            0.257,
            0.293
        ],
        [
            0.463,
            0.25,
            0.245,
            0.239,
            0.235,
            0.23,
            0.236,
            0.226,
            0.213,
            0.21,
            0.224,
            0.246,
            0.297
        ],
        [
            0.457,
            0.251,
            0.24,
            0.237,
            0.235,
            0.237,
            0.242,
            0.236,
            0.222,
            0.2,
            0.215,
            0.239,
            0.293
        ],
        [
            0.451,
            0.249,
            0.241,
            0.235,
            0.234,
