{
    "event_type": "flower_visit",
    "event_id": "flower_1_20260412163932751437",
    "flower_id": "flower_1",
    "background_dist": 0.2,
    "start_time": 1776029967.3512902,
    "end_time": 1776029972.751295,
    "num_scans": 81,
    "angles": [
        56,
        57,
        58,
        59,
        60,
        61,
        62,
        63,
        64,
        65,
        66
    ],
    "distance_series": [
        [
            0.161,
            0.189,
            0.191,
            0.194,
            0.2,
            0.202,
            0.201,
            0.191,
            0.174,
            0.179,
            0.148
        ],
        [
            0.162,
            0.195,
            0.19,
            0.193,
            0.197,
            0.196,
            0.203,
            0.185,
            0.174,
            0.177,
            0.147
        ],
        [
            0.161,
            0.194,
            0.187,
            0.196,
            0.194,
            0.198,
            0.195,
            0.184,
            0.17,
            0.177,
            0.146
        ],
        [
            0.161,
            0.189,
            0.189,
            0.197,
            0.197,
            0.196,
            0.205,
            0.185,
            0.166,
            0.175,
            0.147
        ],
        [
            0.159,
            0.19,
            0.188,
            0.195,
            0.199,
            0.198,
            0.193,
            0.181,
            0.164,
            0.175,
            0.147
        ],
        [
            0.157,
            0.188,
            0.19,
            0.194,
            0.199,
            0.197,
            0.2,
            0.183,
            0.163,
            0.174,
            0.148
        ],
        [
            0.161,
            0.188,
            0.191,
            0.194,
            0.201,
            0.198,
            0.203,
            0.179,
            0.166,
            0.175,
            0.148
        ],
        [
            0.161,
            0.193,
            0.19,
            0.194,
            0.198,
            0.198,
            0.204,
            0.181,
            0.168,
            0.17,
            0.149
        ],
        [
            0.161,
            0.189,
            0.19,
            0.194,
            0.199,
            0.196,
            0.206,
            0.188,
            0.165,
            0.172,
            0.148
        ],
        [
            0.157,
            0.187,
            0.187,
            0.197,
            0.193,
            0.199,
            0.202,
            0.189,
            0.166,
            0.176,
            0.15
        ],
        [
            0.155,
            0.185,
            0.188,
            0.2,
            0.193,
            0.2,
            0.202,
            0.193,
            0.167,
            0.18,
            0.15
        ],
        [
            0.156,
            0.185,
            0.189,
            0.195,
            0.198,
            0.202,
            0.206,
            0.192,
            0.163,
            0.181,
            0.149
        ],
        [
            0.161,
            0.187,
            0.189,
            0.194,
            0.198,
            0.201,
            0.203,
            0.192,
            0.165,
            0.179,
            0.15
        ],
        [
            0.161,
            0.186,
            0.189,
            0.193,
            0.201,
            0.201,
            0.203,
            0.195,
            0.165,
            0.177,
            0.15
        ],
        [
            0.162,
            0.19,
            0.19,
            0.193,
            0.2,
            0.202,
            0.205,
            0.198,
            0.168,
            0.179,
            0.149
        ],
        [
            0.163,
            0.188,
            0.19,
            0.195,
            0.199,
            0.205,
            0.203,
            0.198,
            0.17,
            0.178,
            0.151
        ],
        [
            0.163,
            0.188,
            0.19,
            0.191,
            0.199,
            0.205,
            0.201,
            0.192,
            0.172,
            0.175,
            0.15
        ],
        [
            0.163,
            0.187,
            0.19,
            0.191,
            0.196,
            0.204,
            0.205,
            0.187,
            0.175,
            0.179,
            0.15
        ],
        [
            0.161,
            0.184,
            0.189,
            0.191,
            0.193,
            0.201,
            0.204,
            0.185,
            0.178,
            0.176,
            0.154
        ],
        [
            0.164,
            0.184,
            0.192,
            0.192,
            0.194,
            0.202,
            0.201,
            0.183,
            0.179,
            0.178,
            0.155
        ],
        [
            0.158,
            0.188,
            0.191,
            0.194,
            0.195,
            0.2,
            0.202,
            0.179,
            0.18,
            0.18,
            0.155
        ],
        [
            0.16,
            0.19,
            0.192,
            0.194,
            0.197,
            0.203,
            0.197,
            0.181,
            0.177,
            0.181,
            0.156
        ],
        [
            0.159,
            0.187,
            0.192,
            0.193,
            0.198,
            0.204,
            0.198,
            0.183,
            0.173,
            0.182,
            0.159
        ],
        [
            0.159,
            0.185,
            0.19,
            0.195,
            0.198,
            0.21,
            0.194,
            0.181,
            0.168,
            0.181,
            0.156
        ],
        [
            0.161,
            0.183,
            0.19,
            0.19,
            0.197,
            0.208,
            0.199,
            0.187,
            0.166,
            0.175,
            0.156
        ],
        [
            0.157,
            0.18,
            0.189,
            0.188,
            0.199,
            0.205,
            0.199,
            0.186,
            0.168,
            0.174,
            0.15
        ],
        [
            0.159,
            0.177,
            0.189,
            0.191,
            0.197,
            0.207,
            0.206,
            0.186,
            0.169,
            0.174,
            0.148
        ],
        [
            0.163,
            0.176,
            0.19,
            0.19,
            0.2,
            0.204,
            0.203,
            0.184,
            0.17,
            0.173,
            0.147
        ],
        [
            0.165,
            0.183,
            0.191,
            0.192,
            0.198,
            0.207,
            0.199,
            0.184,
            0.173,
            0.174,
            0.147
        ],
        [
            0.168,
            0.188,
            0.191,
            0.195,
            0.198,
            0.212,
            0.2,
            0.185,
            0.171,
            0.175,
            0.147
        ],
        [
            0.167,
            0.193,
            0.192,
            0.193,
            0.198,
            0.211,
            0.195,
            0.19,
            0.173,
            0.172,
            0.147
        ],
        [
            0.166,
            0.195,
            0.189,
            0.192,
            0.196,
            0.212,
            0.201,
            0.186,
            0.172,
            0.17,
            0.145
        ],
        [
            0.163,
            0.192,
            0.19,
            0.193,
            0.198,
            0.212,
            0.202,
            0.187,
            0.17,
            0.169,
            0.146
        ],
        [
            0.165,
            0.189,
            0.19,
