{
    "event_type": "flower_visit",
    "event_id": "flower_2_20260410204519788401",
    "flower_id": "flower_2",
    "background_dist": 0.22,
    "start_time": 1775871917.721505,
    "end_time": 1775871919.788237,
    "num_scans": 31,
    "angles": [
        169,
        170,
        171,
        172,
        173,
        174,
        175,
        176,
        177,
        178,
        179,
        180,
        181,
        182
    ],
    "distance_series": [
        [
            3.315,
            0.18,
            0.212,
            0.218,
            0.205,
            0.181,
            0.185,
            0.21,
            0.205,
            0.217,
            0.219,
            0.22,
            0.224,
            0.23
        ],
        [
            2.539,
            0.181,
            0.198,
            0.201,
            0.197,
            0.182,
            0.185,
            0.2,
            0.203,
            0.207,
            0.208,
            0.221,
            0.226,
            0.234
        ],
        [
            2.541,
            0.173,
            0.186,
            0.19,
            0.184,
            0.183,
            0.189,
            0.197,
            0.198,
            0.2,
            0.211,
            0.214,
            0.225,
            0.231
        ],
        [
            2.543,
            0.18,
            0.185,
            0.189,
            0.186,
            0.182,
            0.19,
            0.192,
            0.198,
            0.197,
            0.205,
            0.209,
            0.226,
            0.234
        ],
        [
            2.548,
            0.187,
            0.197,
            0.2,
            0.187,
            0.188,
            0.189,
            0.189,
            0.19,
            0.194,
            0.193,
            0.199,
            0.22,
            0.235
        ],
        [
            3.312,
            0.186,
            0.207,
            0.203,
            0.186,
            0.185,
            0.187,
            0.185,
            0.19,
            0.195,
            0.191,
            0.196,
            0.222,
            0.236
        ],
        [
            3.315,
            0.187,
            0.217,
            0.207,
            0.187,
            0.182,
            0.181,
            0.181,
            0.185,
            0.188,
            0.186,
            0.186,
            0.22,
            0.242
        ],
        [
            3.316,
            0.19,
            0.217,
            0.204,
            0.195,
            0.187,
            0.184,
            0.182,
            0.184,
            0.188,
            0.194,
            0.194,
            0.219,
            0.239
        ],
        [
            2.557,
            0.192,
            0.223,
            0.209,
            0.205,
            0.196,
            0.192,
            0.191,
            0.19,
            0.189,
            0.202,
            0.204,
            0.228,
            0.237
        ],
        [
            1.774,
            0.209,
            0.228,
            0.22,
            0.221,
            0.21,
            0.201,
            0.197,
            0.189,
            0.188,
            0.208,
            0.214,
            0.226,
            0.237
        ],
        [
            0.981,
            0.209,
            0.23,
            0.228,
            0.229,
            0.22,
            0.212,
            0.197,
            0.19,
            0.193,
            0.215,
            0.222,
            0.231,
            0.236
        ],
        [
            0.977,
            0.225,
            0.23,
            0.225,
            0.225,
            0.223,
            0.215,
            0.202,
            0.199,
            0.2,
            0.214,
            0.218,
            0.234,
            0.241
        ],
        [
            0.979,
            0.225,
            0.231,
            0.224,
            0.226,
            0.224,
            0.208,
            0.184,
            0.208,
            0.204,
            0.22,
            0.22,
            0.234,
            0.243
        ],
        [
            0.984,
            0.213,
            0.233,
            0.232,
            0.226,
            0.22,
            0.205,
            0.18,
            0.211,
            0.214,
            0.22,
            0.221,
            0.232,
            0.243
        ],
        [
            0.975,
            0.214,
            0.232,
            0.23,
            0.225,
            0.224,
            0.199,
            0.19,
            0.206,
            0.21,
            0.22,
            0.224,
            0.231,
            0.241
        ],
        [
            0.212,
            0.206,
            0.233,
            0.231,
            0.225,
            0.225,
            0.197,
            0.188,
            0.194,
            0.202,
            0.218,
            0.224,
            0.23,
            0.235
        ],
        [
            0.191,
            0.207,
            0.23,
            0.234,
            0.222,
            0.223,
            0.203,
            0.207,
            0.193,
            0.195,
            0.211,
            0.216,
            0.229,
            0.232
        ],
        [
            0.968,
            0.211,
            0.229,
            0.226,
            0.222,
            0.222,
            0.213,
            0.218,
            0.19,
            0.194,
            0.201,
            0.209,
            0.228,
            0.235
        ],
        [
            0.98,
            0.218,
            0.23,
            0.228,
            0.227,
            0.227,
            0.216,
            0.218,
            0.197,
            0.188,
            0.184,
            0.2,
            0.225,
            0.244
        ],
        [
            0.982,
            0.218,
            0.23,
            0.224,
            0.225,
            0.225,
            0.218,
            0.222,
            0.208,
            0.186,
            0.177,
            0.188,
            0.217,
            0.231
        ],
        [
            0.979,
            0.224,
            0.23,
            0.22,
            0.229,
            0.228,
            0.213,
            0.222,
            0.208,
            0.183,
            0.176,
            0.182,
            0.206,
            0.222
        ],
        [
            0.207,
            0.223,
            0.232,
            0.218,
            0.227,
            0.23,
            0.218,
            0.216,
            0.203,
            0.184,
            0.183,
            0.184,
            0.198,
            0.213
        ],
        [
            0.207,
            0.222,
            0.228,
            0.22,
            0.227,
            0.229,
            0.221,
            0.207,
            0.197,
            0.183,
            0.184,
            0.182,
            0.191,
            0.201
        ],
        [
            0.204,
            0.225,
            0.228,
            0.222,
            0.228,
            0.228,
            0.22,
            0.201,
            0.19,
            0.186,
            0.187,
            0.185,
            0.192,
            0.213
        ],
        [
            0.206,
            0.218,
            0.232,
            0.224,
            0.226,
            0.218,
            0.221,
            0.21,
            0.191,
            0.198,
            0.197,
            0.193,
            0.207,
            0.226
        ],
        [
            0.2,
            0.22,
            0.23,
            0.225,
            0.227,
            0.215,
            0.215,
            0.203,
            0.188,
            0.201,
            0.202,
            0.197,
            0.208,
            0.228
        ],
        [
            0.201,
            0.22,
            0.236,
            0.229,
            0.226,
            0.209,
            0.2,
