{
    "event_type": "flower_visit",
    "event_id": "flower_1_20260410192009167424",
    "flower_id": "flower_1",
    "background_dist": 0.38,
    "start_time": 1775866803.433492,
    "end_time": 1775866809.167288,
    "num_scans": 86,
    "angles": [
        128,
        129,
        130,
        131,
        132,
        133,
        134
    ],
    "distance_series": [
        [
            0.332,
            0.341,
            0.372,
            0.374,
            0.363,
            0.371,
            0.376
        ],
        [
            0.337,
            0.345,
            0.374,
            0.372,
            0.366,
            0.371,
            0.375
        ],
        [
            0.344,
            0.339,
            0.366,
            0.372,
            0.37,
            0.372,
            0.373
        ],
        [
            0.394,
            0.345,
            0.351,
            0.369,
            0.37,
            0.371,
            0.378
        ],
        [
            0.403,
            0.345,
            0.339,
            0.36,
            0.37,
            0.378,
            0.376
        ],
        [
            0.444,
            0.351,
            0.338,
            0.347,
            0.371,
            0.376,
            0.381
        ],
        [
            0.454,
            0.351,
            0.341,
            0.342,
            0.37,
            0.376,
            0.381
        ],
        [
            0.453,
            0.353,
            0.34,
            0.345,
            0.37,
            0.374,
            0.381
        ],
        [
            0.485,
            0.347,
            0.34,
            0.355,
            0.376,
            0.37,
            0.382
        ],
        [
            0.441,
            0.337,
            0.343,
            0.363,
            0.37,
            0.371,
            0.381
        ],
        [
            0.426,
            0.334,
            0.352,
            0.369,
            0.372,
            0.368,
            0.382
        ],
        [
            0.374,
            0.331,
            0.357,
            0.372,
            0.372,
            0.371,
            0.38
        ],
        [
            0.335,
            0.336,
            0.363,
            0.371,
            0.372,
            0.377,
            0.377
        ],
        [
            0.339,
            0.338,
            0.368,
            0.373,
            0.371,
            0.374,
            0.376
        ],
        [
            0.344,
            0.346,
            0.369,
            0.375,
            0.37,
            0.382,
            0.371
        ],
        [
            0.352,
            0.345,
            0.369,
            0.372,
            0.375,
            0.384,
            0.376
        ],
        [
            0.391,
            0.344,
            0.363,
            0.369,
            0.373,
            0.377,
            0.378
        ],
        [
            0.436,
            0.351,
            0.356,
            0.369,
            0.374,
            0.379,
            0.378
        ],
        [
            0.485,
            0.352,
            0.343,
            0.368,
            0.376,
            0.376,
            0.379
        ],
        [
            0.524,
            0.352,
            0.336,
            0.366,
            0.376,
            0.376,
            0.381
        ],
        [
            0.534,
            0.352,
            0.339,
            0.367,
            0.369,
            0.376,
            0.381
        ],
        [
            0.486,
            0.347,
            0.347,
            0.367,
            0.372,
            0.376,
            0.38
        ],
        [
            0.435,
            0.346,
            0.357,
            0.371,
            0.367,
            0.373,
            0.383
        ],
        [
            0.393,
            0.343,
            0.362,
            0.373,
            0.364,
            0.375,
            0.379
        ],
        [
            0.338,
            0.345,
            0.369,
            0.367,
            0.368,
            0.366,
            0.384
        ],
        [
            0.336,
            0.347,
            0.37,
            0.369,
            0.368,
            0.364,
            0.379
        ],
        [
            0.336,
            0.347,
            0.366,
            0.371,
            0.373,
            0.371,
            0.378
        ],
        [
            0.333,
            0.347,
            0.365,
            0.369,
            0.374,
            0.373,
            0.38
        ],
        [
            0.376,
            0.347,
            0.364,
            0.368,
            0.375,
            0.373,
            0.375
        ],
        [
            0.427,
            0.343,
            0.354,
            0.363,
            0.373,
            0.376,
            0.377
        ],
        [
            0.477,
            0.35,
            0.343,
            0.357,
            0.373,
            0.374,
            0.381
        ],
        [
            0.491,
            0.352,
            0.337,
            0.348,
            0.37,
            0.377,
            0.381
        ],
        [
            0.499,
            0.354,
            0.335,
            0.352,
            0.367,
            0.379,
            0.376
        ],
        [
            0.499,
            0.351,
            0.334,
            0.356,
            0.37,
            0.376,
            0.376
        ],
        [
            0.451,
            0.346,
            0.341,
            0.359,
            0.366,
            0.371,
            0.376
        ],
        [
            0.44,
            0.344,
            0.354,
            0.37,
            0.366,
            0.371,
            0.373
        ],
        [
            0.394,
            0.343,
            0.362,
            0.374,
            0.367,
            0.378,
            0.38
        ],
        [
            0.344,
            0.34,
            0.372,
            0.374,
            0.367,
            0.376,
            0.38
        ],
        [
            0.342,
            0.341,
            0.371,
            0.376,
            0.372,
            0.377,
            0.381
        ],
        [
            0.344,
            0.343,
            0.368,
            0.375,
            0.374,
            0.376,
            0.382
        ],
        [
            0.345,
            0.348,
            0.362,
            0.372,
            0.373,
            0.372,
            0.381
        ],
        [
            0.352,
            0.341,
            0.353,
            0.372,
            0.375,
            0.375,
            0.381
        ],
        [
            0.4,
            0.343,
            0.351,
            0.367,
            0.372,
            0.374,
            0.379
        ],
        [
            0.404,
            0.345,
            0.349,
            0.363,
            0.373,
            0.371,
            0.378
        ],
        [
            0.456,
            0.348,
            0.343,
            0.361,
            0.372,
            0.369,
            0.376
        ],
        [
            0.498,
            0.351,
            0.338,
            0.367,
            0.369,
            0.365,
            0.377
        ],
        [
            0.491,
            0.352,
            0.341,
            0.365,
            0.371,
            0.37,
            0.378
        ],
        [
            0.523,
            0.349,
            0.344,
            0.361,
            0.373,
            0.372,
            0.379
        ],
        [
            0.471,
            0.341,
            0.355,
            0.365,
            0.378,
            0.375,
            0.384
        ],
        [
            0.422,
            0.339,
            0.363,
            0.366,
            0.378,
            0.372,
            0.377
        ],
