{
    "event_type": "flower_visit",
    "event_id": "flower_1_20260410191308368140",
    "flower_id": "flower_1",
    "background_dist": 0.38,
    "start_time": 1775866386.3012218,
    "end_time": 1775866388.368002,
    "num_scans": 31,
    "angles": [
        128,
        129,
        130,
        131,
        132,
        133,
        134
    ],
    "distance_series": [
        [
            0.34,
            0.327,
            0.338,
            0.34,
            0.363,
            0.372,
            0.378
        ],
        [
            0.345,
            0.333,
            0.341,
            0.344,
            0.365,
            0.374,
            0.379
        ],
        [
            0.35,
            0.342,
            0.355,
            0.355,
            0.368,
            0.373,
            0.377
        ],
        [
            0.338,
            0.346,
            0.359,
            0.36,
            0.377,
            0.37,
            0.379
        ],
        [
            0.339,
            0.353,
            0.364,
            0.358,
            0.377,
            0.37,
            0.382
        ],
        [
            0.336,
            0.352,
            0.372,
            0.364,
            0.374,
            0.372,
            0.376
        ],
        [
            0.336,
            0.35,
            0.371,
            0.363,
            0.374,
            0.375,
            0.377
        ],
        [
            0.372,
            0.346,
            0.361,
            0.356,
            0.368,
            0.382,
            0.378
        ],
        [
            0.417,
            0.339,
            0.343,
            0.351,
            0.372,
            0.379,
            0.382
        ],
        [
            0.467,
            0.348,
            0.338,
            0.344,
            0.367,
            0.377,
            0.385
        ],
        [
            0.512,
            0.353,
            0.328,
            0.329,
            0.36,
            0.377,
            0.384
        ],
        [
            0.481,
            0.358,
            0.327,
            0.325,
            0.357,
            0.374,
            0.387
        ],
        [
            0.482,
            0.37,
            0.34,
            0.332,
            0.354,
            0.374,
            0.383
        ],
        [
            0.435,
            0.359,
            0.339,
            0.34,
            0.354,
            0.374,
            0.381
        ],
        [
            0.386,
            0.35,
            0.336,
            0.353,
            0.361,
            0.376,
            0.38
        ],
        [
            0.431,
            0.359,
            0.355,
            0.365,
            0.373,
            0.369,
            0.375
        ],
        [
            0.347,
            0.367,
            0.36,
            0.365,
            0.372,
            0.374,
            0.378
        ],
        [
            0.352,
            0.372,
            0.367,
            0.369,
            0.37,
            0.375,
            0.376
        ],
        [
            0.36,
            0.374,
            0.378,
            0.367,
            0.376,
            0.373,
            0.381
        ],
        [
            0.347,
            0.361,
            0.368,
            0.371,
            0.372,
            0.374,
            0.378
        ],
        [
            0.344,
            0.345,
            0.354,
            0.364,
            0.372,
            0.369,
            0.378
        ],
        [
            0.357,
            0.352,
            0.345,
            0.361,
            0.379,
            0.374,
            0.38
        ],
        [
            0.402,
            0.362,
            0.344,
            0.354,
            0.371,
            0.373,
            0.377
        ],
        [
            0.445,
            0.37,
            0.351,
            0.347,
            0.369,
            0.371,
            0.381
        ],
        [
            0.454,
            0.382,
            0.355,
            0.346,
            0.373,
            0.379,
            0.378
        ],
        [
            0.454,
            0.383,
            0.364,
            0.352,
            0.371,
            0.374,
            0.378
        ],
        [
            0.405,
            0.368,
            0.356,
            0.35,
            0.372,
            0.372,
            0.383
        ],
        [
            0.363,
            0.363,
            0.361,
            0.355,
            0.374,
            0.376,
            0.382
        ],
        [
            0.396,
            0.36,
            0.37,
            0.364,
            0.37,
            0.377,
            0.383
        ],
        [
            0.391,
            0.355,
            0.365,
            0.361,
            0.372,
            0.376,
            0.378
        ],
        [
            0.398,
            0.358,
            0.37,
            0.367,
            0.373,
            0.379,
            0.378
        ]
    ],
    "timestamp": "2026-04-10T19:13:08.368228",
    "label": "bee"
}