{
    "event_type": "flower_visit",
    "event_id": "flower_1_20260415095526200645",
    "flower_id": "flower_1",
    "background_dist": 0.36,
    "start_time": 1776264921.267306,
    "end_time": 1776264926.200486,
    "num_scans": 74,
    "angles": [
        121,
        122,
        123,
        124,
        125,
        126
    ],
    "distance_series": [
        [
            0.411,
            0.336,
            0.334,
            0.315,
            0.315,
            0.322
        ],
        [
            0.411,
            0.333,
            0.335,
            0.311,
            0.317,
            0.332
        ],
        [
            0.41,
            0.339,
            0.332,
            0.312,
            0.315,
            0.327
        ],
        [
            0.414,
            0.335,
            0.32,
            0.311,
            0.314,
            0.324
        ],
        [
            0.418,
            0.334,
            0.322,
            0.309,
            0.323,
            0.333
        ],
        [
            0.419,
            0.336,
            0.328,
            0.311,
            0.317,
            0.33
        ],
        [
            0.419,
            0.34,
            0.333,
            0.314,
            0.31,
            0.33
        ],
        [
            0.417,
            0.342,
            0.326,
            0.317,
            0.318,
            0.339
        ],
        [
            0.418,
            0.341,
            0.324,
            0.315,
            0.314,
            0.329
        ],
        [
            0.42,
            0.336,
            0.326,
            0.311,
            0.314,
            0.326
        ],
        [
            0.424,
            0.33,
            0.329,
            0.314,
            0.315,
            0.328
        ],
        [
            0.429,
            0.329,
            0.331,
            0.314,
            0.311,
            0.327
        ],
        [
            0.427,
            0.334,
            0.327,
            0.314,
            0.314,
            0.335
        ],
        [
            0.431,
            0.33,
            0.323,
            0.313,
            0.311,
            0.332
        ],
        [
            0.429,
            0.327,
            0.322,
            0.306,
            0.311,
            0.319
        ],
        [
            0.425,
            0.326,
            0.321,
            0.302,
            0.31,
            0.314
        ],
        [
            0.421,
            0.331,
            0.321,
            0.3,
            0.301,
            0.311
        ],
        [
            0.418,
            0.332,
            0.318,
            0.301,
            0.302,
            0.312
        ],
        [
            0.42,
            0.331,
            0.323,
            0.303,
            0.306,
            0.319
        ],
        [
            0.421,
            0.333,
            0.319,
            0.307,
            0.31,
            0.318
        ],
        [
            0.424,
            0.334,
            0.319,
            0.306,
            0.314,
            0.322
        ],
        [
            0.422,
            0.338,
            0.318,
            0.306,
            0.305,
            0.319
        ],
        [
            0.42,
            0.341,
            0.316,
            0.303,
            0.304,
            0.32
        ],
        [
            0.422,
            0.339,
            0.322,
            0.305,
            0.306,
            0.328
        ],
        [
            0.424,
            0.332,
            0.319,
            0.307,
            0.303,
            0.324
        ],
        [
            0.425,
            0.331,
            0.321,
            0.303,
            0.304,
            0.32
        ],
        [
            0.425,
            0.334,
            0.318,
            0.302,
            0.302,
            0.314
        ],
        [
            0.427,
            0.335,
            0.311,
            0.3,
            0.303,
            0.311
        ],
        [
            0.43,
            0.334,
            0.312,
            0.302,
            0.306,
            0.317
        ],
        [
            0.429,
            0.334,
            0.31,
            0.306,
            0.311,
            0.321
        ],
        [
            0.43,
            0.331,
            0.313,
            0.311,
            0.312,
            0.322
        ],
        [
            0.426,
            0.333,
            0.327,
            0.313,
            0.311,
            0.321
        ],
        [
            0.423,
            0.336,
            0.329,
            0.309,
            0.308,
            0.316
        ],
        [
            0.423,
            0.336,
            0.33,
            0.305,
            0.305,
            0.32
        ],
        [
            0.427,
            0.338,
            0.328,
            0.307,
            0.308,
            0.325
        ],
        [
            0.429,
            0.339,
            0.317,
            0.304,
            0.305,
            0.318
        ],
        [
            0.426,
            0.335,
            0.317,
            0.306,
            0.308,
            0.32
        ],
        [
            0.423,
            0.334,
            0.323,
            0.303,
            0.306,
            0.317
        ],
        [
            0.418,
            0.333,
            0.331,
            0.299,
            0.302,
            0.312
        ],
        [
            0.413,
            0.332,
            0.332,
            0.301,
            0.304,
            0.316
        ],
        [
            0.416,
            0.337,
            0.328,
            0.3,
            0.305,
            0.311
        ],
        [
            0.42,
            0.339,
            0.319,
            0.301,
            0.306,
            0.308
        ],
        [
            0.42,
            0.334,
            0.317,
            0.303,
            0.305,
            0.31
        ],
        [
            0.421,
            0.33,
            0.318,
            0.301,
            0.3,
            0.309
        ],
        [
            0.419,
            0.334,
            0.32,
            0.301,
            0.3,
            0.313
        ],
        [
            0.418,
            0.338,
            0.319,
            0.303,
            0.302,
            0.32
        ],
        [
            0.419,
            0.341,
            0.313,
            0.304,
            0.305,
            0.318
        ],
        [
            0.419,
            0.335,
            0.316,
            0.305,
            0.306,
            0.318
        ],
        [
            0.416,
            0.335,
            0.317,
            0.306,
            0.302,
            0.313
        ],
        [
            0.413,
            0.337,
            0.327,
            0.305,
            0.3,
            0.313
        ],
        [
            0.411,
            0.34,
            0.322,
            0.306,
            0.301,
            0.318
        ],
        [
            0.413,
            0.339,
            0.324,
            0.306,
            0.303,
            0.318
        ],
        [
            0.418,
            0.341,
            0.325,
            0.308,
            0.305,
            0.318
        ],
        [
            0.419,
            0.342,
            0.33,
            0.31,
            0.301,
            0.314
        ],
        [
            0.419,
            0.336,
            0.333,
            0.307,
            0.299,
            0.313
        ],
        [
            0.419,
            0.336,
            0.322,
            0.306,
            0.301,
            0.322
        ],
        [
            0.42,
            0.328,
            0.318,
            0.305,
            0.307,
            0.328
        ],
        [
            0.422,
