{
    "event_type": "flower_visit",
    "event_id": "flower_1_20260415095447134727",
    "flower_id": "flower_1",
    "background_dist": 0.36,
    "start_time": 1776264884.933889,
    "end_time": 1776264887.134576,
    "num_scans": 33,
    "angles": [
        121,
        122,
        123,
        124,
        125,
        126
    ],
    "distance_series": [
        [
            0.411,
            0.338,
            0.333,
            0.324,
            0.298,
            0.299
        ],
        [
            0.411,
            0.341,
            0.33,
            0.317,
            0.301,
            0.301
        ],
        [
            0.41,
            0.339,
            0.332,
            0.31,
            0.3,
            0.299
        ],
        [
            0.409,
            0.337,
            0.336,
            0.315,
            0.296,
            0.296
        ],
        [
            0.408,
            0.338,
            0.342,
            0.321,
            0.297,
            0.295
        ],
        [
            0.407,
            0.338,
            0.344,
            0.329,
            0.308,
            0.299
        ],
        [
            0.405,
            0.34,
            0.342,
            0.327,
            0.307,
            0.305
        ],
        [
            0.409,
            0.339,
            0.337,
            0.323,
            0.303,
            0.308
        ],
        [
            0.408,
            0.338,
            0.334,
            0.319,
            0.297,
            0.302
        ],
        [
            0.409,
            0.337,
            0.332,
            0.321,
            0.294,
            0.297
        ],
        [
            0.41,
            0.341,
            0.333,
            0.33,
            0.302,
            0.3
        ],
        [
            0.405,
            0.343,
            0.336,
            0.333,
            0.311,
            0.3
        ],
        [
            0.405,
            0.343,
            0.336,
            0.329,
            0.313,
            0.307
        ],
        [
            0.405,
            0.338,
            0.335,
            0.319,
            0.311,
            0.308
        ],
        [
            0.406,
            0.329,
            0.334,
            0.313,
            0.302,
            0.3
        ],
        [
            0.409,
            0.33,
            0.334,
            0.315,
            0.297,
            0.294
        ],
        [
            0.41,
            0.33,
            0.341,
            0.317,
            0.302,
            0.295
        ],
        [
            0.408,
            0.337,
            0.34,
            0.325,
            0.307,
            0.294
        ],
        [
            0.409,
            0.335,
            0.343,
            0.32,
            0.311,
            0.303
        ],
        [
            0.409,
            0.34,
            0.341,
            0.314,
            0.309,
            0.309
        ],
        [
            0.407,
            0.339,
            0.339,
            0.311,
            0.3,
            0.304
        ],
        [
            0.409,
            0.336,
            0.337,
            0.315,
            0.302,
            0.304
        ],
        [
            0.406,
            0.335,
            0.337,
            0.326,
            0.313,
            0.309
        ],
        [
            0.404,
            0.335,
            0.337,
            0.334,
            0.324,
            0.313
        ],
        [
            0.404,
            0.332,
            0.342,
            0.342,
            0.336,
            0.322
        ],
        [
            0.401,
            0.332,
            0.339,
            0.341,
            0.339,
            0.332
        ],
        [
            0.402,
            0.337,
            0.34,
            0.341,
            0.341,
            0.334
        ],
        [
            0.404,
            0.333,
            0.34,
            0.345,
            0.342,
            0.335
        ],
        [
            0.405,
            0.338,
            0.342,
            0.346,
            0.342,
            0.342
        ],
        [
            0.408,
            0.341,
            0.343,
            0.346,
            0.345,
            0.344
        ],
        [
            0.409,
            0.342,
            0.342,
            0.344,
            0.345,
            0.35
        ],
        [
            0.413,
            0.34,
            0.339,
            0.341,
            0.346,
            0.35
        ],
        [
            0.411,
            0.341,
            0.335,
            0.345,
            0.342,
            0.346
        ]
    ],
    "timestamp": "2026-04-15T09:54:47.134816",
    "label": "bee"
}