{
    "event_type": "flower_visit",
    "event_id": "flower_1_20260415095807597248",
    "flower_id": "flower_1",
    "background_dist": 0.36,
    "start_time": 1776265080.731153,
    "end_time": 1776265087.5971048,
    "num_scans": 103,
    "angles": [
        121,
        122,
        123,
        124,
        125,
        126
    ],
    "distance_series": [
        [
            0.365,
            0.31,
            0.316,
            0.324,
            0.332,
            0.339
        ],
        [
            0.351,
            0.31,
            0.316,
            0.33,
            0.336,
            0.343
        ],
        [
            0.349,
            0.311,
            0.319,
            0.333,
            0.338,
            0.343
        ],
        [
            0.349,
            0.311,
            0.319,
            0.326,
            0.338,
            0.348
        ],
        [
            0.341,
            0.317,
            0.317,
            0.33,
            0.337,
            0.346
        ],
        [
            0.342,
            0.323,
            0.323,
            0.334,
            0.335,
            0.344
        ],
        [
            0.336,
            0.318,
            0.327,
            0.336,
            0.332,
            0.351
        ],
        [
            0.331,
            0.318,
            0.329,
            0.334,
            0.333,
            0.351
        ],
        [
            0.329,
            0.315,
            0.324,
            0.327,
            0.337,
            0.35
        ],
        [
            0.334,
            0.312,
            0.32,
            0.334,
            0.336,
            0.349
        ],
        [
            0.332,
            0.312,
            0.317,
            0.331,
            0.341,
            0.347
        ],
        [
            0.33,
            0.311,
            0.317,
            0.333,
            0.334,
            0.342
        ],
        [
            0.332,
            0.312,
            0.318,
            0.329,
            0.332,
            0.34
        ],
        [
            0.327,
            0.314,
            0.318,
            0.325,
            0.328,
            0.342
        ],
        [
            0.327,
            0.312,
            0.317,
            0.326,
            0.329,
            0.34
        ],
        [
            0.328,
            0.311,
            0.323,
            0.325,
            0.329,
            0.342
        ],
        [
            0.323,
            0.308,
            0.322,
            0.325,
            0.326,
            0.342
        ],
        [
            0.326,
            0.308,
            0.316,
            0.33,
            0.328,
            0.347
        ],
        [
            0.325,
            0.308,
            0.318,
            0.324,
            0.324,
            0.347
        ],
        [
            0.323,
            0.309,
            0.317,
            0.325,
            0.324,
            0.344
        ],
        [
            0.331,
            0.31,
            0.32,
            0.326,
            0.326,
            0.342
        ],
        [
            0.332,
            0.311,
            0.317,
            0.324,
            0.329,
            0.343
        ],
        [
            0.331,
            0.311,
            0.318,
            0.323,
            0.334,
            0.344
        ],
        [
            0.334,
            0.316,
            0.32,
            0.325,
            0.337,
            0.343
        ],
        [
            0.328,
            0.316,
            0.324,
            0.327,
            0.341,
            0.343
        ],
        [
            0.326,
            0.312,
            0.32,
            0.326,
            0.339,
            0.348
        ],
        [
            0.329,
            0.311,
            0.32,
            0.329,
            0.336,
            0.349
        ],
        [
            0.334,
            0.307,
            0.321,
            0.325,
            0.333,
            0.348
        ],
        [
            0.34,
            0.309,
            0.318,
            0.326,
            0.333,
            0.348
        ],
        [
            0.34,
            0.312,
            0.318,
            0.325,
            0.333,
            0.346
        ],
        [
            0.346,
            0.309,
            0.318,
            0.325,
            0.333,
            0.346
        ],
        [
            0.344,
            0.312,
            0.318,
            0.322,
            0.328,
            0.345
        ],
        [
            0.346,
            0.314,
            0.314,
            0.322,
            0.325,
            0.346
        ],
        [
            0.346,
            0.311,
            0.315,
            0.325,
            0.325,
            0.343
        ],
        [
            0.341,
            0.311,
            0.318,
            0.322,
            0.323,
            0.345
        ],
        [
            0.346,
            0.312,
            0.317,
            0.325,
            0.327,
            0.339
        ],
        [
            0.348,
            0.313,
            0.313,
            0.322,
            0.332,
            0.342
        ],
        [
            0.352,
            0.314,
            0.313,
            0.323,
            0.333,
            0.344
        ],
        [
            0.361,
            0.315,
            0.314,
            0.324,
            0.331,
            0.341
        ],
        [
            0.358,
            0.311,
            0.318,
            0.326,
            0.331,
            0.342
        ],
        [
            0.355,
            0.316,
            0.318,
            0.328,
            0.334,
            0.338
        ],
        [
            0.354,
            0.314,
            0.316,
            0.328,
            0.338,
            0.336
        ],
        [
            0.351,
            0.314,
            0.315,
            0.326,
            0.342,
            0.33
        ],
        [
            0.35,
            0.314,
            0.313,
            0.326,
            0.342,
            0.331
        ],
        [
            0.355,
            0.31,
            0.312,
            0.321,
            0.336,
            0.331
        ],
        [
            0.357,
            0.312,
            0.31,
            0.319,
            0.332,
            0.331
        ],
        [
            0.359,
            0.314,
            0.309,
            0.319,
            0.333,
            0.33
        ],
        [
            0.367,
            0.318,
            0.312,
            0.316,
            0.332,
            0.335
        ],
        [
            0.368,
            0.315,
            0.314,
            0.316,
            0.335,
            0.335
        ],
        [
            0.367,
            0.315,
            0.314,
            0.317,
            0.334,
            0.333
        ],
        [
            0.363,
            0.317,
            0.318,
            0.314,
            0.331,
            0.34
        ],
        [
            0.361,
            0.314,
            0.317,
            0.315,
            0.331,
            0.335
        ],
        [
            0.356,
            0.314,
            0.315,
            0.311,
            0.33,
            0.331
        ],
        [
            0.366,
            0.314,
            0.318,
            0.31,
            0.329,
            0.328
        ],
        [
            0.371,
            0.315,
            0.314,
            0.305,
            0.327,
            0.327
        ],
        [
            0.377,
            0.315,
            0.31,
            0.306,
            0.325,
            0.331
        ],
        [
            0.384,
            0.314,
            0.31,
            0.31,
            0.328,
            0.334
        ],
        [
