{
    "event_type": "flower_visit",
    "event_id": "flower_1_20260415095518266583",
    "flower_id": "flower_1",
    "background_dist": 0.36,
    "start_time": 1776264916.4666219,
    "end_time": 1776264918.266467,
    "num_scans": 27,
    "angles": [
        121,
        122,
        123,
        124,
        125,
        126
    ],
    "distance_series": [
        [
            0.431,
            0.318,
            0.312,
            0.312,
            0.315,
            0.331
        ],
        [
            0.44,
            0.311,
            0.307,
            0.309,
            0.318,
            0.339
        ],
        [
            0.443,
            0.31,
            0.301,
            0.309,
            0.321,
            0.334
        ],
        [
            0.427,
            0.324,
            0.309,
            0.312,
            0.313,
            0.321
        ],
        [
            0.427,
            0.331,
            0.305,
            0.303,
            0.312,
            0.321
        ],
        [
            0.414,
            0.326,
            0.315,
            0.312,
            0.314,
            0.324
        ],
        [
            0.401,
            0.322,
            0.313,
            0.322,
            0.328,
            0.333
        ],
        [
            0.408,
            0.313,
            0.317,
            0.321,
            0.333,
            0.338
        ],
        [
            0.404,
            0.316,
            0.333,
            0.326,
            0.327,
            0.328
        ],
        [
            0.409,
            0.329,
            0.328,
            0.314,
            0.315,
            0.313
        ],
        [
            0.431,
            0.327,
            0.321,
            0.314,
            0.313,
            0.318
        ],
        [
            0.416,
            0.322,
            0.319,
            0.32,
            0.319,
            0.326
        ],
        [
            0.422,
            0.326,
            0.315,
            0.328,
            0.328,
            0.336
        ],
        [
            0.422,
            0.321,
            0.321,
            0.34,
            0.335,
            0.341
        ],
        [
            0.42,
            0.332,
            0.328,
            0.338,
            0.327,
            0.335
        ],
        [
            0.441,
            0.329,
            0.323,
            0.333,
            0.327,
            0.336
        ],
        [
            0.446,
            0.324,
            0.323,
            0.336,
            0.328,
            0.334
        ],
        [
            0.447,
            0.325,
            0.323,
            0.334,
            0.335,
            0.343
        ],
        [
            0.439,
            0.325,
            0.324,
            0.337,
            0.344,
            0.349
        ],
        [
            0.428,
            0.33,
            0.338,
            0.332,
            0.345,
            0.344
        ],
        [
            0.425,
            0.331,
            0.334,
            0.328,
            0.345,
            0.347
        ],
        [
            0.441,
            0.327,
            0.331,
            0.326,
            0.347,
            0.347
        ],
        [
            0.442,
            0.326,
            0.33,
            0.326,
            0.345,
            0.351
        ],
        [
            0.44,
            0.331,
            0.328,
            0.33,
            0.349,
            0.352
        ],
        [
            0.43,
            0.331,
            0.334,
            0.334,
            0.35,
            0.349
        ],
        [
            0.415,
            0.342,
            0.334,
            0.337,
            0.349,
            0.35
        ],
        [
            0.431,
            0.338,
            0.33,
            0.338,
            0.347,
            0.346
        ]
    ],
    "timestamp": "2026-04-15T09:55:18.266654",
    "label": "bee"
}