{
    "event_type": "flower_visit",
    "event_id": "flower_1_20260415095440268011",
    "flower_id": "flower_1",
    "background_dist": 0.36,
    "start_time": 1776264875.00078,
    "end_time": 1776264880.267769,
    "num_scans": 79,
    "angles": [
        121,
        122,
        123,
        124,
        125,
        126
    ],
    "distance_series": [
        [
            0.406,
            0.345,
            0.331,
            0.312,
            0.301,
            0.309
        ],
        [
            0.409,
            0.341,
            0.33,
            0.31,
            0.298,
            0.313
        ],
        [
            0.411,
            0.344,
            0.327,
            0.311,
            0.302,
            0.311
        ],
        [
            0.412,
            0.344,
            0.33,
            0.316,
            0.305,
            0.308
        ],
        [
            0.417,
            0.343,
            0.332,
            0.316,
            0.307,
            0.308
        ],
        [
            0.415,
            0.346,
            0.326,
            0.313,
            0.307,
            0.307
        ],
        [
            0.416,
            0.345,
            0.32,
            0.308,
            0.303,
            0.307
        ],
        [
            0.414,
            0.341,
            0.329,
            0.31,
            0.302,
            0.308
        ],
        [
            0.413,
            0.337,
            0.332,
            0.311,
            0.308,
            0.309
        ],
        [
            0.411,
            0.344,
            0.339,
            0.319,
            0.318,
            0.308
        ],
        [
            0.411,
            0.344,
            0.344,
            0.331,
            0.32,
            0.307
        ],
        [
            0.411,
            0.341,
            0.335,
            0.33,
            0.316,
            0.306
        ],
        [
            0.408,
            0.344,
            0.329,
            0.322,
            0.31,
            0.302
        ],
        [
            0.411,
            0.345,
            0.328,
            0.322,
            0.302,
            0.302
        ],
        [
            0.409,
            0.342,
            0.33,
            0.32,
            0.302,
            0.301
        ],
        [
            0.409,
            0.341,
            0.335,
            0.325,
            0.305,
            0.306
        ],
        [
            0.406,
            0.336,
            0.342,
            0.331,
            0.312,
            0.301
        ],
        [
            0.405,
            0.335,
            0.343,
            0.329,
            0.312,
            0.296
        ],
        [
            0.406,
            0.336,
            0.341,
            0.326,
            0.313,
            0.298
        ],
        [
            0.407,
            0.34,
            0.339,
            0.322,
            0.306,
            0.298
        ],
        [
            0.41,
            0.345,
            0.337,
            0.315,
            0.301,
            0.3
        ],
        [
            0.409,
            0.34,
            0.338,
            0.319,
            0.3,
            0.302
        ],
        [
            0.409,
            0.337,
            0.336,
            0.32,
            0.298,
            0.299
        ],
        [
            0.408,
            0.336,
            0.336,
            0.317,
            0.299,
            0.298
        ],
        [
            0.41,
            0.335,
            0.336,
            0.318,
            0.299,
            0.298
        ],
        [
            0.41,
            0.332,
            0.331,
            0.308,
            0.299,
            0.301
        ],
        [
            0.409,
            0.336,
            0.333,
            0.304,
            0.298,
            0.301
        ],
        [
            0.408,
            0.337,
            0.333,
            0.306,
            0.3,
            0.305
        ],
        [
            0.408,
            0.339,
            0.336,
            0.307,
            0.301,
            0.303
        ],
        [
            0.408,
            0.342,
            0.337,
            0.31,
            0.304,
            0.302
        ],
        [
            0.404,
            0.342,
            0.336,
            0.31,
            0.308,
            0.303
        ],
        [
            0.408,
            0.34,
            0.333,
            0.31,
            0.309,
            0.304
        ],
        [
            0.408,
            0.339,
            0.333,
            0.309,
            0.305,
            0.306
        ],
        [
            0.41,
            0.34,
            0.332,
            0.308,
            0.304,
            0.306
        ],
        [
            0.416,
            0.339,
            0.334,
            0.313,
            0.304,
            0.307
        ],
        [
            0.414,
            0.339,
            0.337,
            0.317,
            0.304,
            0.307
        ],
        [
            0.415,
            0.343,
            0.335,
            0.32,
            0.305,
            0.308
        ],
        [
            0.415,
            0.342,
            0.334,
            0.322,
            0.305,
            0.309
        ],
        [
            0.413,
            0.342,
            0.338,
            0.322,
            0.304,
            0.313
        ],
        [
            0.415,
            0.339,
            0.34,
            0.323,
            0.307,
            0.313
        ],
        [
            0.415,
            0.339,
            0.341,
            0.33,
            0.31,
            0.311
        ],
        [
            0.412,
            0.34,
            0.335,
            0.337,
            0.314,
            0.309
        ],
        [
            0.41,
            0.342,
            0.334,
            0.34,
            0.311,
            0.307
        ],
        [
            0.409,
            0.345,
            0.336,
            0.334,
            0.311,
            0.306
        ],
        [
            0.408,
            0.347,
            0.331,
            0.33,
            0.315,
            0.314
        ],
        [
            0.41,
            0.343,
            0.338,
            0.329,
            0.31,
            0.312
        ],
        [
            0.411,
            0.337,
            0.338,
            0.325,
            0.311,
            0.311
        ],
        [
            0.412,
            0.337,
            0.338,
            0.329,
            0.308,
            0.311
        ],
        [
            0.411,
            0.341,
            0.339,
            0.33,
            0.301,
            0.304
        ],
        [
            0.41,
            0.335,
            0.342,
            0.323,
            0.3,
            0.298
        ],
        [
            0.411,
            0.337,
            0.34,
            0.323,
            0.298,
            0.301
        ],
        [
            0.406,
            0.337,
            0.339,
            0.314,
            0.301,
            0.307
        ],
        [
            0.406,
            0.334,
            0.341,
            0.31,
            0.306,
            0.307
        ],
        [
            0.408,
            0.342,
            0.337,
            0.31,
            0.307,
            0.308
        ],
        [
            0.408,
            0.342,
            0.34,
            0.311,
            0.309,
            0.309
        ],
        [
            0.413,
            0.346,
            0.339,
            0.321,
            0.305,
            0.303
        ],
        [
            0.415,
            0.34,
            0.332,
            0.319,
            0.303,
            0.302
        ],
        [
            0.414,
            0.341,
