{
    "event_type": "flower_visit",
    "event_id": "flower_1_20260415095455400980",
    "flower_id": "flower_1",
    "background_dist": 0.36,
    "start_time": 1776264893.134447,
    "end_time": 1776264895.4008288,
    "num_scans": 34,
    "angles": [
        121,
        122,
        123,
        124,
        125,
        126
    ],
    "distance_series": [
        [
            0.417,
            0.338,
            0.321,
            0.301,
            0.294,
            0.303
        ],
        [
            0.42,
            0.33,
            0.312,
            0.302,
            0.304,
            0.317
        ],
        [
            0.419,
            0.327,
            0.303,
            0.3,
            0.309,
            0.323
        ],
        [
            0.411,
            0.325,
            0.315,
            0.303,
            0.306,
            0.32
        ],
        [
            0.405,
            0.329,
            0.31,
            0.301,
            0.298,
            0.311
        ],
        [
            0.403,
            0.334,
            0.31,
            0.298,
            0.293,
            0.304
        ],
        [
            0.413,
            0.329,
            0.313,
            0.298,
            0.296,
            0.307
        ],
        [
            0.428,
            0.325,
            0.307,
            0.298,
            0.302,
            0.318
        ],
        [
            0.432,
            0.322,
            0.316,
            0.31,
            0.313,
            0.331
        ],
        [
            0.432,
            0.325,
            0.324,
            0.322,
            0.322,
            0.333
        ],
        [
            0.422,
            0.334,
            0.328,
            0.328,
            0.319,
            0.319
        ],
        [
            0.42,
            0.336,
            0.334,
            0.33,
            0.317,
            0.324
        ],
        [
            0.42,
            0.339,
            0.336,
            0.332,
            0.319,
            0.324
        ],
        [
            0.421,
            0.336,
            0.336,
            0.329,
            0.327,
            0.335
        ],
        [
            0.42,
            0.333,
            0.339,
            0.331,
            0.334,
            0.349
        ],
        [
            0.414,
            0.335,
            0.341,
            0.333,
            0.329,
            0.335
        ],
        [
            0.411,
            0.333,
            0.337,
            0.334,
            0.327,
            0.321
        ],
        [
            0.414,
            0.334,
            0.338,
            0.336,
            0.315,
            0.32
        ],
        [
            0.413,
            0.332,
            0.336,
            0.334,
            0.319,
            0.319
        ],
        [
            0.412,
            0.335,
            0.341,
            0.333,
            0.326,
            0.328
        ],
        [
            0.414,
            0.335,
            0.338,
            0.332,
            0.325,
            0.342
        ],
        [
            0.408,
            0.335,
            0.338,
            0.329,
            0.326,
            0.336
        ],
        [
            0.405,
            0.334,
            0.337,
            0.332,
            0.319,
            0.322
        ],
        [
            0.408,
            0.336,
            0.333,
            0.331,
            0.306,
            0.32
        ],
        [
            0.412,
            0.336,
            0.332,
            0.328,
            0.308,
            0.322
        ],
        [
            0.414,
            0.332,
            0.329,
            0.324,
            0.316,
            0.328
        ],
        [
            0.411,
            0.331,
            0.327,
            0.33,
            0.325,
            0.345
        ],
        [
            0.403,
            0.327,
            0.333,
            0.333,
            0.333,
            0.344
        ],
        [
            0.4,
            0.331,
            0.335,
            0.338,
            0.33,
            0.342
        ],
        [
            0.403,
            0.331,
            0.343,
            0.341,
            0.329,
            0.339
        ],
        [
            0.405,
            0.332,
            0.344,
            0.34,
            0.333,
            0.339
        ],
        [
            0.406,
            0.336,
            0.341,
            0.337,
            0.339,
            0.336
        ],
        [
            0.4,
            0.336,
            0.336,
            0.33,
            0.341,
            0.342
        ],
        [
            0.395,
            0.336,
            0.338,
            0.33,
            0.347,
            0.343
        ]
    ],
    "timestamp": "2026-04-15T09:54:55.401063",
    "label": "bee"
}