{
    "event_type": "flower_visit",
    "event_id": "flower_1_20260401174425094748",
    "flower_id": "flower_1",
    "background_dist": 0.2,
    "start_time": 1775083463.2277849,
    "end_time": 1775083465.094613,
    "num_scans": 28,
    "angles": [
        132,
        133,
        134,
        135,
        136,
        137,
        138
    ],
    "distance_series": [
        [
            0.155,
            0.159,
            0.155,
            0.156,
            0.157,
            0.164,
            0.162
        ],
        [
            0.16,
            0.157,
            0.158,
            0.158,
            0.156,
            0.163,
            0.159
        ],
        [
            0.159,
            0.158,
            0.154,
            0.153,
            0.156,
            0.16,
            0.159
        ],
        [
            0.16,
            0.156,
            0.154,
            0.152,
            0.154,
            0.158,
            0.157
        ],
        [
            0.161,
            0.157,
            0.155,
            0.154,
            0.152,
            0.16,
            0.157
        ],
        [
            0.16,
            0.158,
            0.153,
            0.154,
            0.153,
            0.161,
            0.16
        ],
        [
            0.162,
            0.155,
            0.153,
            0.147,
            0.15,
            0.163,
            0.163
        ],
        [
            0.162,
            0.155,
            0.154,
            0.145,
            0.152,
            0.16,
            0.163
        ],
        [
            0.163,
            0.155,
            0.15,
            0.15,
            0.149,
            0.158,
            0.163
        ],
        [
            0.16,
            0.153,
            0.147,
            0.148,
            0.154,
            0.158,
            0.162
        ],
        [
            0.155,
            0.153,
            0.145,
            0.152,
            0.156,
            0.161,
            0.165
        ],
        [
            0.155,
            0.155,
            0.147,
            0.152,
            0.148,
            0.159,
            0.167
        ],
        [
            0.152,
            0.154,
            0.147,
            0.151,
            0.149,
            0.159,
            0.163
        ],
        [
            0.155,
            0.155,
            0.155,
            0.152,
            0.148,
            0.161,
            0.161
        ],
        [
            0.163,
            0.156,
            0.161,
            0.158,
            0.157,
            0.157,
            0.161
        ],
        [
            0.167,
            0.16,
            0.167,
            0.167,
            0.16,
            0.157,
            0.159
        ],
        [
            0.171,
            0.155,
            0.168,
            0.167,
            0.158,
            0.157,
            0.157
        ],
        [
            0.17,
            0.155,
            0.167,
            0.167,
            0.157,
            0.157,
            0.16
        ],
        [
            0.157,
            0.158,
            0.169,
            0.175,
            0.172,
            0.171,
            0.176
        ],
        [
            0.161,
            0.163,
            0.181,
            0.184,
            0.189,
            0.19,
            0.189
        ],
        [
            0.17,
            0.178,
            0.192,
            0.202,
            0.21,
            0.211,
            0.198
        ],
        [
            0.176,
            0.181,
            0.203,
            0.222,
            0.226,
            0.225,
            0.214
        ],
        [
            0.192,
            0.184,
            0.203,
            0.221,
            0.223,
            0.226,
            0.213
        ],
        [
            0.186,
            0.19,
            0.201,
            0.224,
            0.221,
            0.226,
            0.213
        ],
        [
            0.184,
            0.187,
            0.201,
            0.226,
            0.217,
            0.228,
            0.214
        ],
        [
            0.188,
            0.193,
            0.205,
            0.226,
            0.218,
            0.227,
            0.216
        ],
        [
            0.184,
            0.194,
            0.205,
            0.226,
            0.213,
            0.226,
            0.222
        ],
        [
            0.191,
            0.188,
            0.203,
            0.222,
            0.22,
            0.224,
            0.221
        ]
    ],
    "timestamp": "2026-04-01T17:44:25.094837",
    "label": "not_bee"
}