{
    "event_type": "flower_visit",
    "event_id": "flower_1_20260401173410634690",
    "flower_id": "flower_1",
    "background_dist": 0.2,
    "start_time": 1775082848.3014321,
    "end_time": 1775082850.63455,
    "num_scans": 35,
    "angles": [
        132,
        133,
        134,
        135,
        136,
        137,
        138
    ],
    "distance_series": [
        [
            0.15,
            0.144,
            0.142,
            0.149,
            0.158,
            0.149,
            0.154
        ],
        [
            0.149,
            0.138,
            0.142,
            0.149,
            0.158,
            0.15,
            0.154
        ],
        [
            0.153,
            0.143,
            0.141,
            0.145,
            0.156,
            0.152,
            0.153
        ],
        [
            0.152,
            0.144,
            0.141,
            0.144,
            0.153,
            0.149,
            0.151
        ],
        [
            0.152,
            0.145,
            0.141,
            0.143,
            0.15,
            0.151,
            0.153
        ],
        [
            0.152,
            0.146,
            0.142,
            0.145,
            0.154,
            0.145,
            0.152
        ],
        [
            0.15,
            0.145,
            0.143,
            0.148,
            0.154,
            0.149,
            0.152
        ],
        [
            0.145,
            0.145,
            0.145,
            0.152,
            0.156,
            0.144,
            0.152
        ],
        [
            0.146,
            0.145,
            0.147,
            0.154,
            0.16,
            0.145,
            0.148
        ],
        [
            0.146,
            0.147,
            0.148,
            0.155,
            0.16,
            0.15,
            0.148
        ],
        [
            0.148,
            0.152,
            0.148,
            0.154,
            0.162,
            0.152,
            0.147
        ],
        [
            0.157,
            0.151,
            0.15,
            0.153,
            0.161,
            0.155,
            0.155
        ],
        [
            0.159,
            0.155,
            0.147,
            0.149,
            0.157,
            0.153,
            0.156
        ],
        [
            0.16,
            0.154,
            0.146,
            0.148,
            0.152,
            0.155,
            0.159
        ],
        [
            0.161,
            0.153,
            0.147,
            0.142,
            0.152,
            0.157,
            0.162
        ],
        [
            0.162,
            0.149,
            0.149,
            0.142,
            0.152,
            0.154,
            0.159
        ],
        [
            0.163,
            0.149,
            0.151,
            0.141,
            0.152,
            0.156,
            0.156
        ],
        [
            0.165,
            0.153,
            0.151,
            0.149,
            0.154,
            0.163,
            0.155
        ],
        [
            0.167,
            0.152,
            0.146,
            0.154,
            0.157,
            0.157,
            0.153
        ],
        [
            0.169,
            0.154,
            0.152,
            0.155,
            0.154,
            0.159,
            0.154
        ],
        [
            0.169,
            0.156,
            0.153,
            0.16,
            0.156,
            0.158,
            0.156
        ],
        [
            0.165,
            0.157,
            0.152,
            0.16,
            0.155,
            0.158,
            0.152
        ],
        [
            0.164,
            0.155,
            0.152,
            0.162,
            0.154,
            0.16,
            0.152
        ],
        [
            0.16,
            0.151,
            0.148,
            0.159,
            0.151,
            0.158,
            0.146
        ],
        [
            0.156,
            0.148,
            0.148,
            0.16,
            0.155,
            0.161,
            0.146
        ],
        [
            0.162,
            0.153,
            0.153,
            0.157,
            0.16,
            0.164,
            0.166
        ],
        [
            0.17,
            0.163,
            0.168,
            0.176,
            0.174,
            0.18,
            0.185
        ],
        [
            0.178,
            0.172,
            0.185,
            0.19,
            0.194,
            0.198,
            0.201
        ],
        [
            0.189,
            0.178,
            0.201,
            0.206,
            0.207,
            0.214,
            0.217
        ],
        [
            0.188,
            0.182,
            0.208,
            0.223,
            0.218,
            0.224,
            0.22
        ],
        [
            0.186,
            0.187,
            0.208,
            0.224,
            0.222,
            0.223,
            0.217
        ],
        [
            0.188,
            0.189,
            0.209,
            0.225,
            0.217,
            0.224,
            0.222
        ],
        [
            0.184,
            0.193,
            0.209,
            0.226,
            0.217,
            0.222,
            0.225
        ],
        [
            0.186,
            0.191,
            0.209,
            0.225,
            0.215,
            0.221,
            0.225
        ],
        [
            0.182,
            0.188,
            0.207,
            0.218,
            0.216,
            0.216,
            0.224
        ]
    ],
    "timestamp": "2026-04-01T17:34:10.634781",
    "label": "bee"
}