{
    "event_type": "flower_visit",
    "event_id": "flower_1_20260401175316955328",
    "flower_id": "flower_1",
    "background_dist": 0.2,
    "start_time": 1775083991.8877382,
    "end_time": 1775083996.955209,
    "num_scans": 76,
    "angles": [
        132,
        133,
        134,
        135,
        136,
        137,
        138
    ],
    "distance_series": [
        [
            0.159,
            0.158,
            0.151,
            0.153,
            0.164,
            0.165,
            0.157
        ],
        [
            0.159,
            0.153,
            0.151,
            0.159,
            0.16,
            0.163,
            0.154
        ],
        [
            0.157,
            0.154,
            0.148,
            0.157,
            0.157,
            0.161,
            0.153
        ],
        [
            0.154,
            0.151,
            0.145,
            0.16,
            0.16,
            0.159,
            0.156
        ],
        [
            0.149,
            0.153,
            0.143,
            0.159,
            0.154,
            0.157,
            0.156
        ],
        [
            0.146,
            0.15,
            0.143,
            0.155,
            0.151,
            0.153,
            0.154
        ],
        [
            0.144,
            0.143,
            0.143,
            0.153,
            0.151,
            0.15,
            0.147
        ],
        [
            0.147,
            0.14,
            0.145,
            0.149,
            0.145,
            0.152,
            0.147
        ],
        [
            0.145,
            0.137,
            0.144,
            0.149,
            0.145,
            0.149,
            0.146
        ],
        [
            0.143,
            0.138,
            0.147,
            0.149,
            0.151,
            0.155,
            0.149
        ],
        [
            0.145,
            0.141,
            0.149,
            0.15,
            0.153,
            0.153,
            0.157
        ],
        [
            0.146,
            0.144,
            0.153,
            0.146,
            0.15,
            0.157,
            0.158
        ],
        [
            0.146,
            0.147,
            0.151,
            0.155,
            0.15,
            0.153,
            0.153
        ],
        [
            0.152,
            0.145,
            0.151,
            0.153,
            0.15,
            0.149,
            0.156
        ],
        [
            0.155,
            0.144,
            0.144,
            0.157,
            0.149,
            0.15,
            0.151
        ],
        [
            0.159,
            0.143,
            0.136,
            0.153,
            0.146,
            0.145,
            0.145
        ],
        [
            0.159,
            0.141,
            0.136,
            0.148,
            0.148,
            0.14,
            0.143
        ],
        [
            0.157,
            0.141,
            0.132,
            0.147,
            0.148,
            0.137,
            0.136
        ],
        [
            0.16,
            0.142,
            0.135,
            0.146,
            0.147,
            0.14,
            0.139
        ],
        [
            0.157,
            0.139,
            0.134,
            0.146,
            0.151,
            0.136,
            0.136
        ],
        [
            0.152,
            0.14,
            0.139,
            0.147,
            0.152,
            0.141,
            0.14
        ],
        [
            0.154,
            0.139,
            0.143,
            0.147,
            0.152,
            0.142,
            0.142
        ],
        [
            0.152,
            0.14,
            0.149,
            0.151,
            0.15,
            0.136,
            0.145
        ],
        [
            0.146,
            0.144,
            0.156,
            0.154,
            0.147,
            0.141,
            0.146
        ],
        [
            0.148,
            0.147,
            0.158,
            0.155,
            0.144,
            0.142,
            0.151
        ],
        [
            0.146,
            0.148,
            0.154,
            0.159,
            0.144,
            0.144,
            0.148
        ],
        [
            0.145,
            0.15,
            0.153,
            0.154,
            0.146,
            0.149,
            0.155
        ],
        [
            0.141,
            0.154,
            0.149,
            0.153,
            0.143,
            0.148,
            0.153
        ],
        [
            0.14,
            0.153,
            0.146,
            0.152,
            0.14,
            0.147,
            0.153
        ],
        [
            0.141,
            0.153,
            0.142,
            0.155,
            0.136,
            0.143,
            0.155
        ],
        [
            0.14,
            0.151,
            0.141,
            0.151,
            0.139,
            0.142,
            0.151
        ],
        [
            0.147,
            0.151,
            0.146,
            0.149,
            0.139,
            0.141,
            0.146
        ],
        [
            0.146,
            0.15,
            0.147,
            0.142,
            0.142,
            0.145,
            0.146
        ],
        [
            0.147,
            0.153,
            0.15,
            0.143,
            0.147,
            0.144,
            0.147
        ],
        [
            0.143,
            0.155,
            0.147,
            0.145,
            0.146,
            0.149,
            0.148
        ],
        [
            0.143,
            0.155,
            0.146,
            0.144,
            0.147,
            0.149,
            0.156
        ],
        [
            0.141,
            0.151,
            0.147,
            0.139,
            0.148,
            0.144,
            0.149
        ],
        [
            0.147,
            0.147,
            0.15,
            0.137,
            0.145,
            0.142,
            0.144
        ],
        [
            0.145,
            0.137,
            0.15,
            0.134,
            0.143,
            0.14,
            0.149
        ],
        [
            0.143,
            0.137,
            0.145,
            0.136,
            0.139,
            0.141,
            0.147
        ],
        [
            0.144,
            0.141,
            0.143,
            0.141,
            0.139,
            0.139,
            0.142
        ],
        [
            0.145,
            0.145,
            0.144,
            0.143,
            0.136,
            0.14,
            0.148
        ],
        [
            0.152,
            0.148,
            0.139,
            0.146,
            0.139,
            0.14,
            0.149
        ],
        [
            0.154,
            0.148,
            0.143,
            0.146,
            0.141,
            0.142,
            0.152
        ],
        [
            0.149,
            0.153,
            0.145,
            0.143,
            0.14,
            0.145,
            0.154
        ],
        [
            0.145,
            0.149,
            0.141,
            0.144,
            0.14,
            0.148,
            0.153
        ],
        [
            0.147,
            0.146,
            0.146,
            0.144,
            0.142,
            0.14,
            0.152
        ],
        [
            0.147,
            0.144,
            0.147,
            0.143,
            0.14,
            0.138,
            0.147
        ],
        [
            0.149,
            0.146,
            0.146,
            0.144,
            0.144,
            0.14,
            0.145
        ],
        [
            0.148,
            0.146,
            0.146,
            0.147,
            0.143,
            0.138,
            0.144
        ],
        [
