{
    "event_type": "flower_visit",
    "event_id": "flower_1_20260401175331222274",
    "flower_id": "flower_1",
    "background_dist": 0.2,
    "start_time": 1775084005.288697,
    "end_time": 1775084011.2221398,
    "num_scans": 89,
    "angles": [
        132,
        133,
        134,
        135,
        136,
        137,
        138
    ],
    "distance_series": [
        [
            0.143,
            0.146,
            0.148,
            0.15,
            0.155,
            0.151,
            0.143
        ],
        [
            0.146,
            0.146,
            0.148,
            0.144,
            0.157,
            0.154,
            0.149
        ],
        [
            0.15,
            0.149,
            0.145,
            0.142,
            0.154,
            0.154,
            0.147
        ],
        [
            0.152,
            0.144,
            0.138,
            0.146,
            0.148,
            0.151,
            0.146
        ],
        [
            0.152,
            0.146,
            0.139,
            0.139,
            0.144,
            0.151,
            0.146
        ],
        [
            0.149,
            0.144,
            0.135,
            0.134,
            0.14,
            0.143,
            0.144
        ],
        [
            0.144,
            0.145,
            0.136,
            0.133,
            0.136,
            0.145,
            0.145
        ],
        [
            0.143,
            0.15,
            0.137,
            0.136,
            0.137,
            0.146,
            0.143
        ],
        [
            0.141,
            0.148,
            0.133,
            0.137,
            0.134,
            0.14,
            0.148
        ],
        [
            0.141,
            0.15,
            0.138,
            0.14,
            0.132,
            0.145,
            0.147
        ],
        [
            0.146,
            0.15,
            0.149,
            0.146,
            0.141,
            0.141,
            0.149
        ],
        [
            0.143,
            0.147,
            0.153,
            0.147,
            0.138,
            0.143,
            0.144
        ],
        [
            0.144,
            0.148,
            0.152,
            0.152,
            0.143,
            0.148,
            0.151
        ],
        [
            0.143,
            0.145,
            0.149,
            0.151,
            0.144,
            0.151,
            0.152
        ],
        [
            0.144,
            0.144,
            0.148,
            0.154,
            0.147,
            0.148,
            0.144
        ],
        [
            0.137,
            0.143,
            0.147,
            0.147,
            0.149,
            0.143,
            0.144
        ],
        [
            0.141,
            0.146,
            0.15,
            0.146,
            0.147,
            0.129,
            0.139
        ],
        [
            0.138,
            0.145,
            0.148,
            0.144,
            0.144,
            0.123,
            0.138
        ],
        [
            0.138,
            0.139,
            0.141,
            0.139,
            0.142,
            0.125,
            0.135
        ],
        [
            0.14,
            0.138,
            0.143,
            0.142,
            0.135,
            0.125,
            0.137
        ],
        [
            0.133,
            0.14,
            0.139,
            0.144,
            0.135,
            0.129,
            0.135
        ],
        [
            0.132,
            0.14,
            0.142,
            0.143,
            0.132,
            0.133,
            0.138
        ],
        [
            0.133,
            0.146,
            0.143,
            0.151,
            0.135,
            0.135,
            0.141
        ],
        [
            0.137,
            0.142,
            0.148,
            0.149,
            0.145,
            0.138,
            0.142
        ],
        [
            0.141,
            0.142,
            0.15,
            0.151,
            0.147,
            0.145,
            0.149
        ],
        [
            0.146,
            0.144,
            0.15,
            0.15,
            0.149,
            0.148,
            0.146
        ],
        [
            0.145,
            0.145,
            0.145,
            0.148,
            0.149,
            0.15,
            0.146
        ],
        [
            0.143,
            0.141,
            0.142,
            0.143,
            0.148,
            0.147,
            0.142
        ],
        [
            0.139,
            0.141,
            0.141,
            0.137,
            0.144,
            0.144,
            0.14
        ],
        [
            0.136,
            0.138,
            0.139,
            0.137,
            0.141,
            0.143,
            0.141
        ],
        [
            0.135,
            0.137,
            0.134,
            0.131,
            0.141,
            0.142,
            0.142
        ],
        [
            0.135,
            0.136,
            0.135,
            0.134,
            0.138,
            0.143,
            0.142
        ],
        [
            0.137,
            0.135,
            0.137,
            0.135,
            0.14,
            0.143,
            0.144
        ],
        [
            0.138,
            0.132,
            0.137,
            0.133,
            0.14,
            0.143,
            0.148
        ],
        [
            0.138,
            0.132,
            0.136,
            0.133,
            0.138,
            0.145,
            0.147
        ],
        [
            0.141,
            0.134,
            0.137,
            0.133,
            0.137,
            0.142,
            0.146
        ],
        [
            0.142,
            0.136,
            0.138,
            0.136,
            0.139,
            0.146,
            0.147
        ],
        [
            0.142,
            0.14,
            0.14,
            0.141,
            0.139,
            0.149,
            0.146
        ],
        [
            0.141,
            0.14,
            0.139,
            0.147,
            0.146,
            0.146,
            0.147
        ],
        [
            0.142,
            0.144,
            0.144,
            0.148,
            0.147,
            0.145,
            0.142
        ],
        [
            0.137,
            0.148,
            0.144,
            0.148,
            0.146,
            0.139,
            0.145
        ],
        [
            0.136,
            0.145,
            0.147,
            0.146,
            0.144,
            0.134,
            0.139
        ],
        [
            0.135,
            0.144,
            0.148,
            0.149,
            0.138,
            0.136,
            0.137
        ],
        [
            0.133,
            0.141,
            0.146,
            0.148,
            0.133,
            0.131,
            0.136
        ],
        [
            0.134,
            0.139,
            0.146,
            0.152,
            0.14,
            0.134,
            0.133
        ],
        [
            0.136,
            0.137,
            0.146,
            0.147,
            0.142,
            0.138,
            0.136
        ],
        [
            0.136,
            0.139,
            0.142,
            0.148,
            0.148,
            0.141,
            0.131
        ],
        [
            0.14,
            0.138,
            0.139,
            0.151,
            0.149,
            0.147,
            0.135
        ],
        [
            0.137,
            0.14,
            0.14,
            0.147,
            0.153,
            0.151,
            0.141
        ],
        [
            0.137,
            0.143,
            0.139,
            0.149,
            0.153,
            0.153,
            0.143
        ],
