{
    "event_type": "flower_visit",
    "event_id": "flower_1_20260401174653759080",
    "flower_id": "flower_1",
    "background_dist": 0.2,
    "start_time": 1775083610.026073,
    "end_time": 1775083613.7589319,
    "num_scans": 56,
    "angles": [
        132,
        133,
        134,
        135,
        136,
        137,
        138
    ],
    "distance_series": [
        [
            0.162,
            0.17,
            0.161,
            0.171,
            0.206,
            0.222,
            0.204
        ],
        [
            0.162,
            0.169,
            0.158,
            0.175,
            0.21,
            0.217,
            0.194
        ],
        [
            0.162,
            0.166,
            0.163,
            0.178,
            0.206,
            0.22,
            0.19
        ],
        [
            0.162,
            0.161,
            0.16,
            0.18,
            0.21,
            0.213,
            0.185
        ],
        [
            0.162,
            0.162,
            0.154,
            0.178,
            0.206,
            0.211,
            0.182
        ],
        [
            0.161,
            0.159,
            0.15,
            0.165,
            0.196,
            0.21,
            0.19
        ],
        [
            0.157,
            0.159,
            0.151,
            0.152,
            0.185,
            0.199,
            0.19
        ],
        [
            0.151,
            0.159,
            0.157,
            0.145,
            0.176,
            0.198,
            0.184
        ],
        [
            0.155,
            0.164,
            0.158,
            0.145,
            0.158,
            0.188,
            0.184
        ],
        [
            0.156,
            0.158,
            0.155,
            0.141,
            0.163,
            0.177,
            0.177
        ],
        [
            0.153,
            0.153,
            0.154,
            0.149,
            0.162,
            0.172,
            0.167
        ],
        [
            0.156,
            0.152,
            0.148,
            0.148,
            0.166,
            0.167,
            0.163
        ],
        [
            0.158,
            0.154,
            0.147,
            0.147,
            0.17,
            0.165,
            0.154
        ],
        [
            0.158,
            0.156,
            0.15,
            0.152,
            0.169,
            0.165,
            0.153
        ],
        [
            0.161,
            0.157,
            0.144,
            0.15,
            0.167,
            0.164,
            0.152
        ],
        [
            0.163,
            0.155,
            0.143,
            0.151,
            0.17,
            0.164,
            0.154
        ],
        [
            0.164,
            0.154,
            0.136,
            0.15,
            0.156,
            0.165,
            0.153
        ],
        [
            0.166,
            0.151,
            0.136,
            0.151,
            0.154,
            0.168,
            0.159
        ],
        [
            0.167,
            0.154,
            0.143,
            0.153,
            0.154,
            0.167,
            0.164
        ],
        [
            0.162,
            0.152,
            0.149,
            0.152,
            0.156,
            0.166,
            0.165
        ],
        [
            0.164,
            0.155,
            0.149,
            0.155,
            0.154,
            0.16,
            0.169
        ],
        [
            0.157,
            0.158,
            0.151,
            0.152,
            0.151,
            0.155,
            0.171
        ],
        [
            0.155,
            0.153,
            0.159,
            0.148,
            0.155,
            0.152,
            0.17
        ],
        [
            0.155,
            0.154,
            0.157,
            0.149,
            0.152,
            0.146,
            0.167
        ],
        [
            0.155,
            0.15,
            0.155,
            0.15,
            0.153,
            0.157,
            0.165
        ],
        [
            0.156,
            0.153,
            0.157,
            0.148,
            0.153,
            0.158,
            0.165
        ],
        [
            0.156,
            0.155,
            0.153,
            0.15,
            0.151,
            0.16,
            0.166
        ],
        [
            0.158,
            0.156,
            0.158,
            0.145,
            0.151,
            0.166,
            0.168
        ],
        [
            0.154,
            0.156,
            0.161,
            0.144,
            0.149,
            0.163,
            0.169
        ],
        [
            0.151,
            0.157,
            0.159,
            0.146,
            0.149,
            0.167,
            0.166
        ],
        [
            0.155,
            0.161,
            0.16,
            0.143,
            0.149,
            0.16,
            0.167
        ],
        [
            0.153,
            0.161,
            0.159,
            0.155,
            0.148,
            0.152,
            0.16
        ],
        [
            0.155,
            0.161,
            0.156,
            0.153,
            0.144,
            0.148,
            0.157
        ],
        [
            0.154,
            0.16,
            0.156,
            0.149,
            0.141,
            0.148,
            0.151
        ],
        [
            0.148,
            0.155,
            0.153,
            0.15,
            0.144,
            0.16,
            0.151
        ],
        [
            0.146,
            0.155,
            0.153,
            0.148,
            0.139,
            0.159,
            0.153
        ],
        [
            0.149,
            0.154,
            0.155,
            0.151,
            0.145,
            0.163,
            0.152
        ],
        [
            0.151,
            0.155,
            0.155,
            0.151,
            0.146,
            0.161,
            0.157
        ],
        [
            0.152,
            0.157,
            0.16,
            0.156,
            0.147,
            0.157,
            0.159
        ],
        [
            0.151,
            0.16,
            0.16,
            0.156,
            0.151,
            0.154,
            0.16
        ],
        [
            0.149,
            0.16,
            0.156,
            0.15,
            0.153,
            0.15,
            0.158
        ],
        [
            0.148,
            0.156,
            0.157,
            0.155,
            0.152,
            0.153,
            0.157
        ],
        [
            0.149,
            0.154,
            0.155,
            0.152,
            0.15,
            0.152,
            0.152
        ],
        [
            0.151,
            0.156,
            0.152,
            0.155,
            0.153,
            0.155,
            0.157
        ],
        [
            0.15,
            0.154,
            0.16,
            0.161,
            0.151,
            0.161,
            0.172
        ],
        [
            0.151,
            0.16,
            0.173,
            0.175,
            0.175,
            0.179,
            0.191
        ],
        [
            0.159,
            0.169,
            0.183,
            0.191,
            0.197,
            0.2,
            0.203
        ],
        [
            0.163,
            0.174,
            0.2,
            0.208,
            0.213,
            0.219,
            0.214
        ],
        [
            0.175,
            0.183,
            0.206,
            0.217,
            0.228,
            0.232,
            0.217
        ],
        [
            0.183,
            0.184,
            0.206,
            0.218,
            0.226,
            0.23,
            0.218
        ],
        [
