{
    "event_type": "flower_visit",
    "event_id": "flower_1_20260401172942903947",
    "flower_id": "flower_1",
    "background_dist": 0.2,
    "start_time": 1775082581.636564,
    "end_time": 1775082582.903809,
    "num_scans": 19,
    "angles": [
        132,
        133,
        134,
        135,
        136,
        137,
        138
    ],
    "distance_series": [
        [
            0.174,
            0.158,
            0.172,
            0.176,
            0.167,
            0.166,
            0.164
        ],
        [
            0.174,
            0.157,
            0.169,
            0.168,
            0.162,
            0.164,
            0.159
        ],
        [
            0.182,
            0.154,
            0.166,
            0.165,
            0.161,
            0.167,
            0.161
        ],
        [
            0.184,
            0.159,
            0.17,
            0.17,
            0.166,
            0.174,
            0.159
        ],
        [
            0.187,
            0.163,
            0.18,
            0.175,
            0.166,
            0.169,
            0.159
        ],
        [
            0.183,
            0.164,
            0.188,
            0.189,
            0.179,
            0.172,
            0.161
        ],
        [
            0.182,
            0.166,
            0.191,
            0.195,
            0.185,
            0.171,
            0.16
        ],
        [
            0.184,
            0.166,
            0.187,
            0.194,
            0.184,
            0.173,
            0.161
        ],
        [
            0.185,
            0.165,
            0.181,
            0.186,
            0.176,
            0.168,
            0.161
        ],
        [
            0.186,
            0.163,
            0.173,
            0.171,
            0.165,
            0.165,
            0.162
        ],
        [
            0.183,
            0.167,
            0.174,
            0.173,
            0.162,
            0.165,
            0.162
        ],
        [
            0.182,
            0.171,
            0.184,
            0.181,
            0.173,
            0.176,
            0.174
        ],
        [
            0.186,
            0.183,
            0.193,
            0.2,
            0.188,
            0.191,
            0.187
        ],
        [
            0.186,
            0.188,
            0.207,
            0.217,
            0.203,
            0.207,
            0.204
        ],
        [
            0.182,
            0.189,
            0.21,
            0.222,
            0.214,
            0.221,
            0.224
        ],
        [
            0.183,
            0.186,
            0.209,
            0.22,
            0.223,
            0.22,
            0.227
        ],
        [
            0.176,
            0.183,
            0.209,
            0.214,
            0.224,
            0.221,
            0.223
        ],
        [
            0.188,
            0.185,
            0.208,
            0.218,
            0.222,
            0.217,
            0.228
        ],
        [
            0.192,
            0.19,
            0.207,
            0.221,
            0.217,
            0.221,
            0.228
        ]
    ],
    "timestamp": "2026-04-01T17:29:42.904036",
    "label": "bee"
}