{
    "event_type": "flower_visit",
    "event_id": "flower_1_20260401174314828715",
    "flower_id": "flower_1",
    "background_dist": 0.2,
    "start_time": 1775083388.296059,
    "end_time": 1775083394.8285692,
    "num_scans": 98,
    "angles": [
        132,
        133,
        134,
        135,
        136,
        137,
        138
    ],
    "distance_series": [
        [
            0.157,
            0.162,
            0.169,
            0.165,
            0.17,
            0.175,
            0.167
        ],
        [
            0.155,
            0.164,
            0.168,
            0.167,
            0.17,
            0.171,
            0.169
        ],
        [
            0.157,
            0.161,
            0.166,
            0.163,
            0.166,
            0.165,
            0.168
        ],
        [
            0.152,
            0.157,
            0.165,
            0.163,
            0.167,
            0.166,
            0.171
        ],
        [
            0.15,
            0.151,
            0.163,
            0.163,
            0.165,
            0.164,
            0.173
        ],
        [
            0.151,
            0.149,
            0.158,
            0.164,
            0.164,
            0.166,
            0.171
        ],
        [
            0.155,
            0.149,
            0.155,
            0.16,
            0.16,
            0.169,
            0.17
        ],
        [
            0.153,
            0.15,
            0.156,
            0.162,
            0.163,
            0.168,
            0.167
        ],
        [
            0.151,
            0.155,
            0.154,
            0.158,
            0.163,
            0.165,
            0.168
        ],
        [
            0.153,
            0.155,
            0.155,
            0.165,
            0.162,
            0.168,
            0.166
        ],
        [
            0.154,
            0.156,
            0.16,
            0.165,
            0.163,
            0.166,
            0.173
        ],
        [
            0.161,
            0.157,
            0.162,
            0.165,
            0.165,
            0.168,
            0.171
        ],
        [
            0.168,
            0.16,
            0.167,
            0.165,
            0.167,
            0.17,
            0.168
        ],
        [
            0.171,
            0.16,
            0.169,
            0.164,
            0.168,
            0.171,
            0.174
        ],
        [
            0.164,
            0.163,
            0.162,
            0.165,
            0.172,
            0.17,
            0.168
        ],
        [
            0.162,
            0.161,
            0.167,
            0.165,
            0.171,
            0.165,
            0.168
        ],
        [
            0.159,
            0.158,
            0.167,
            0.168,
            0.169,
            0.165,
            0.164
        ],
        [
            0.155,
            0.157,
            0.164,
            0.168,
            0.167,
            0.164,
            0.159
        ],
        [
            0.157,
            0.153,
            0.166,
            0.168,
            0.168,
            0.161,
            0.163
        ],
        [
            0.151,
            0.151,
            0.166,
            0.163,
            0.167,
            0.164,
            0.162
        ],
        [
            0.152,
            0.152,
            0.158,
            0.162,
            0.166,
            0.161,
            0.164
        ],
        [
            0.153,
            0.154,
            0.155,
            0.161,
            0.164,
            0.162,
            0.164
        ],
        [
            0.154,
            0.153,
            0.15,
            0.158,
            0.162,
            0.163,
            0.166
        ],
        [
            0.155,
            0.158,
            0.155,
            0.164,
            0.16,
            0.165,
            0.167
        ],
        [
            0.159,
            0.161,
            0.152,
            0.158,
            0.159,
            0.162,
            0.169
        ],
        [
            0.165,
            0.16,
            0.156,
            0.159,
            0.159,
            0.164,
            0.172
        ],
        [
            0.165,
            0.162,
            0.16,
            0.158,
            0.16,
            0.162,
            0.171
        ],
        [
            0.174,
            0.16,
            0.16,
            0.16,
            0.166,
            0.161,
            0.168
        ],
        [
            0.169,
            0.162,
            0.158,
            0.161,
            0.166,
            0.159,
            0.167
        ],
        [
            0.166,
            0.16,
            0.155,
            0.162,
            0.163,
            0.159,
            0.161
        ],
        [
            0.166,
            0.158,
            0.156,
            0.167,
            0.167,
            0.157,
            0.156
        ],
        [
            0.159,
            0.156,
            0.154,
            0.166,
            0.16,
            0.16,
            0.156
        ],
        [
            0.163,
            0.154,
            0.157,
            0.167,
            0.165,
            0.158,
            0.157
        ],
        [
            0.167,
            0.155,
            0.157,
            0.164,
            0.168,
            0.159,
            0.157
        ],
        [
            0.167,
            0.157,
            0.157,
            0.164,
            0.165,
            0.159,
            0.159
        ],
        [
            0.176,
            0.161,
            0.158,
            0.164,
            0.164,
            0.161,
            0.159
        ],
        [
            0.177,
            0.165,
            0.159,
            0.165,
            0.162,
            0.167,
            0.161
        ],
        [
            0.173,
            0.159,
            0.159,
            0.163,
            0.16,
            0.167,
            0.163
        ],
        [
            0.168,
            0.165,
            0.161,
            0.163,
            0.164,
            0.168,
            0.163
        ],
        [
            0.161,
            0.166,
            0.159,
            0.162,
            0.163,
            0.168,
            0.163
        ],
        [
            0.166,
            0.166,
            0.162,
            0.162,
            0.163,
            0.168,
            0.164
        ],
        [
            0.171,
            0.168,
            0.163,
            0.162,
            0.165,
            0.166,
            0.164
        ],
        [
            0.171,
            0.163,
            0.163,
            0.159,
            0.163,
            0.165,
            0.165
        ],
        [
            0.174,
            0.165,
            0.166,
            0.165,
            0.161,
            0.158,
            0.162
        ],
        [
            0.181,
            0.167,
            0.166,
            0.171,
            0.165,
            0.159,
            0.16
        ],
        [
            0.177,
            0.161,
            0.168,
            0.177,
            0.169,
            0.155,
            0.156
        ],
        [
            0.182,
            0.167,
            0.174,
            0.183,
            0.174,
            0.155,
            0.16
        ],
        [
            0.185,
            0.168,
            0.178,
            0.186,
            0.181,
            0.161,
            0.158
        ],
        [
            0.179,
            0.165,
            0.175,
            0.187,
            0.181,
            0.156,
            0.156
        ],
        [
            0.182,
            0.165,
            0.173,
            0.184,
            0.179,
            0.16,
            0.16
        ],
