{
    "event_type": "flower_visit",
    "event_id": "flower_1_20260401175218089630",
    "flower_id": "flower_1",
    "background_dist": 0.2,
    "start_time": 1775083932.82273,
    "end_time": 1775083938.0894651,
    "num_scans": 79,
    "angles": [
        132,
        133,
        134,
        135,
        136,
        137,
        138
    ],
    "distance_series": [
        [
            0.154,
            0.155,
            0.16,
            0.154,
            0.16,
            0.16,
            0.167
        ],
        [
            0.152,
            0.152,
            0.159,
            0.152,
            0.156,
            0.156,
            0.164
        ],
        [
            0.15,
            0.153,
            0.155,
            0.15,
            0.15,
            0.155,
            0.161
        ],
        [
            0.147,
            0.15,
            0.156,
            0.147,
            0.147,
            0.153,
            0.16
        ],
        [
            0.149,
            0.149,
            0.154,
            0.145,
            0.145,
            0.152,
            0.159
        ],
        [
            0.15,
            0.144,
            0.15,
            0.142,
            0.15,
            0.152,
            0.158
        ],
        [
            0.149,
            0.145,
            0.152,
            0.149,
            0.15,
            0.153,
            0.154
        ],
        [
            0.149,
            0.145,
            0.155,
            0.152,
            0.153,
            0.156,
            0.158
        ],
        [
            0.148,
            0.148,
            0.157,
            0.148,
            0.152,
            0.157,
            0.159
        ],
        [
            0.148,
            0.15,
            0.159,
            0.149,
            0.156,
            0.158,
            0.16
        ],
        [
            0.148,
            0.151,
            0.157,
            0.15,
            0.157,
            0.16,
            0.168
        ],
        [
            0.152,
            0.149,
            0.155,
            0.149,
            0.158,
            0.159,
            0.166
        ],
        [
            0.149,
            0.15,
            0.156,
            0.148,
            0.159,
            0.163,
            0.166
        ],
        [
            0.152,
            0.153,
            0.157,
            0.149,
            0.159,
            0.164,
            0.164
        ],
        [
            0.156,
            0.156,
            0.156,
            0.149,
            0.158,
            0.166,
            0.165
        ],
        [
            0.155,
            0.157,
            0.151,
            0.151,
            0.156,
            0.167,
            0.162
        ],
        [
            0.151,
            0.156,
            0.149,
            0.154,
            0.152,
            0.162,
            0.16
        ],
        [
            0.148,
            0.155,
            0.15,
            0.154,
            0.151,
            0.157,
            0.162
        ],
        [
            0.152,
            0.151,
            0.145,
            0.148,
            0.146,
            0.153,
            0.157
        ],
        [
            0.153,
            0.149,
            0.144,
            0.147,
            0.147,
            0.147,
            0.157
        ],
        [
            0.151,
            0.148,
            0.147,
            0.148,
            0.147,
            0.144,
            0.156
        ],
        [
            0.151,
            0.143,
            0.145,
            0.15,
            0.144,
            0.147,
            0.154
        ],
        [
            0.148,
            0.148,
            0.149,
            0.154,
            0.145,
            0.149,
            0.153
        ],
        [
            0.149,
            0.15,
            0.148,
            0.156,
            0.155,
            0.154,
            0.15
        ],
        [
            0.152,
            0.149,
            0.149,
            0.153,
            0.157,
            0.158,
            0.153
        ],
        [
            0.152,
            0.152,
            0.149,
            0.152,
            0.161,
            0.159,
            0.161
        ],
        [
            0.154,
            0.153,
            0.149,
            0.152,
            0.16,
            0.157,
            0.163
        ],
        [
            0.148,
            0.152,
            0.15,
            0.151,
            0.158,
            0.156,
            0.162
        ],
        [
            0.147,
            0.151,
            0.149,
            0.152,
            0.155,
            0.156,
            0.159
        ],
        [
            0.144,
            0.15,
            0.145,
            0.15,
            0.154,
            0.155,
            0.155
        ],
        [
            0.142,
            0.147,
            0.145,
            0.15,
            0.161,
            0.157,
            0.152
        ],
        [
            0.15,
            0.147,
            0.148,
            0.157,
            0.171,
            0.165,
            0.151
        ],
        [
            0.153,
            0.147,
            0.148,
            0.165,
            0.183,
            0.174,
            0.155
        ],
        [
            0.157,
            0.152,
            0.155,
            0.179,
            0.199,
            0.179,
            0.158
        ],
        [
            0.16,
            0.161,
            0.163,
            0.19,
            0.199,
            0.184,
            0.157
        ],
        [
            0.163,
            0.164,
            0.176,
            0.199,
            0.198,
            0.181,
            0.158
        ],
        [
            0.164,
            0.164,
            0.174,
            0.197,
            0.189,
            0.172,
            0.16
        ],
        [
            0.163,
            0.168,
            0.177,
            0.187,
            0.179,
            0.166,
            0.162
        ],
        [
            0.157,
            0.166,
            0.165,
            0.176,
            0.166,
            0.163,
            0.163
        ],
        [
            0.159,
            0.165,
            0.163,
            0.166,
            0.159,
            0.16,
            0.16
        ],
        [
            0.16,
            0.165,
            0.166,
            0.165,
            0.161,
            0.161,
            0.161
        ],
        [
            0.163,
            0.162,
            0.17,
            0.173,
            0.162,
            0.164,
            0.156
        ],
        [
            0.159,
            0.165,
            0.177,
            0.184,
            0.169,
            0.162,
            0.157
        ],
        [
            0.163,
            0.166,
            0.175,
            0.194,
            0.18,
            0.167,
            0.158
        ],
        [
            0.165,
            0.166,
            0.168,
            0.198,
            0.192,
            0.171,
            0.162
        ],
        [
            0.163,
            0.16,
            0.162,
            0.195,
            0.197,
            0.175,
            0.162
        ],
        [
            0.158,
            0.158,
            0.156,
            0.184,
            0.197,
            0.176,
            0.16
        ],
        [
            0.157,
            0.15,
            0.152,
            0.174,
            0.191,
            0.174,
            0.163
        ],
        [
            0.154,
            0.148,
            0.148,
            0.178,
            0.184,
            0.167,
            0.159
        ],
        [
            0.156,
            0.151,
            0.154,
            0.18,
            0.187,
            0.166,
            0.161
        ],
        [
