{
    "event_type": "flower_visit",
    "event_id": "flower_1_20260401173049703168",
    "flower_id": "flower_1",
    "background_dist": 0.2,
    "start_time": 1775082647.836642,
    "end_time": 1775082649.703029,
    "num_scans": 28,
    "angles": [
        132,
        133,
        134,
        135,
        136,
        137,
        138
    ],
    "distance_series": [
        [
            0.188,
            0.159,
            0.177,
            0.187,
            0.18,
            0.168,
            0.168
        ],
        [
            0.179,
            0.155,
            0.165,
            0.182,
            0.18,
            0.171,
            0.168
        ],
        [
            0.167,
            0.157,
            0.163,
            0.179,
            0.173,
            0.168,
            0.17
        ],
        [
            0.157,
            0.152,
            0.159,
            0.164,
            0.168,
            0.169,
            0.171
        ],
        [
            0.153,
            0.148,
            0.153,
            0.157,
            0.164,
            0.172,
            0.177
        ],
        [
            0.155,
            0.149,
            0.151,
            0.156,
            0.155,
            0.167,
            0.179
        ],
        [
            0.153,
            0.151,
            0.154,
            0.153,
            0.154,
            0.163,
            0.174
        ],
        [
            0.151,
            0.158,
            0.156,
            0.155,
            0.151,
            0.158,
            0.163
        ],
        [
            0.15,
            0.159,
            0.156,
            0.153,
            0.147,
            0.148,
            0.152
        ],
        [
            0.145,
            0.162,
            0.156,
            0.147,
            0.145,
            0.144,
            0.146
        ],
        [
            0.15,
            0.158,
            0.158,
            0.15,
            0.143,
            0.146,
            0.144
        ],
        [
            0.158,
            0.159,
            0.155,
            0.155,
            0.146,
            0.143,
            0.144
        ],
        [
            0.157,
            0.157,
            0.155,
            0.157,
            0.152,
            0.147,
            0.141
        ],
        [
            0.155,
            0.155,
            0.157,
            0.161,
            0.154,
            0.151,
            0.142
        ],
        [
            0.154,
            0.156,
            0.153,
            0.161,
            0.157,
            0.153,
            0.144
        ],
        [
            0.156,
            0.153,
            0.151,
            0.155,
            0.163,
            0.159,
            0.144
        ],
        [
            0.153,
            0.149,
            0.146,
            0.156,
            0.16,
            0.16,
            0.146
        ],
        [
            0.147,
            0.147,
            0.145,
            0.153,
            0.163,
            0.157,
            0.146
        ],
        [
            0.148,
            0.146,
            0.145,
            0.15,
            0.163,
            0.166,
            0.161
        ],
        [
            0.156,
            0.158,
            0.16,
            0.17,
            0.18,
            0.18,
            0.179
        ],
        [
            0.168,
            0.165,
            0.177,
            0.19,
            0.195,
            0.193,
            0.201
        ],
        [
            0.179,
            0.174,
            0.195,
            0.208,
            0.211,
            0.216,
            0.219
        ],
        [
            0.186,
            0.186,
            0.21,
            0.228,
            0.224,
            0.222,
            0.223
        ],
        [
            0.185,
            0.189,
            0.209,
            0.226,
            0.225,
            0.223,
            0.228
        ],
        [
            0.186,
            0.192,
            0.208,
            0.222,
            0.219,
            0.222,
            0.223
        ],
        [
            0.183,
            0.186,
            0.208,
            0.223,
            0.219,
            0.221,
            0.226
        ],
        [
            0.184,
            0.186,
            0.208,
            0.223,
            0.22,
            0.216,
            0.223
        ],
        [
            0.18,
            0.187,
            0.208,
            0.22,
            0.219,
            0.216,
            0.222
        ]
    ],
    "timestamp": "2026-04-01T17:30:49.703253",
    "label": "bee"
}