{
    "event_type": "flower_visit",
    "event_id": "flower_1_20260401173530634471",
    "flower_id": "flower_1",
    "background_dist": 0.2,
    "start_time": 1775082928.5674508,
    "end_time": 1775082930.6343338,
    "num_scans": 31,
    "angles": [
        132,
        133,
        134,
        135,
        136,
        137,
        138
    ],
    "distance_series": [
        [
            0.155,
            0.156,
            0.165,
            0.172,
            0.172,
            0.179,
            0.181
        ],
        [
            0.157,
            0.162,
            0.166,
            0.168,
            0.158,
            0.162,
            0.164
        ],
        [
            0.153,
            0.159,
            0.166,
            0.17,
            0.158,
            0.158,
            0.156
        ],
        [
            0.148,
            0.156,
            0.162,
            0.174,
            0.157,
            0.156,
            0.153
        ],
        [
            0.148,
            0.155,
            0.154,
            0.166,
            0.156,
            0.154,
            0.151
        ],
        [
            0.149,
            0.148,
            0.149,
            0.164,
            0.156,
            0.156,
            0.155
        ],
        [
            0.152,
            0.149,
            0.15,
            0.163,
            0.16,
            0.164,
            0.168
        ],
        [
            0.156,
            0.153,
            0.158,
            0.159,
            0.164,
            0.176,
            0.18
        ],
        [
            0.161,
            0.154,
            0.16,
            0.161,
            0.172,
            0.187,
            0.193
        ],
        [
            0.158,
            0.16,
            0.164,
            0.165,
            0.174,
            0.186,
            0.187
        ],
        [
            0.157,
            0.162,
            0.17,
            0.167,
            0.167,
            0.178,
            0.179
        ],
        [
            0.16,
            0.161,
            0.162,
            0.169,
            0.165,
            0.171,
            0.172
        ],
        [
            0.166,
            0.159,
            0.16,
            0.167,
            0.162,
            0.164,
            0.158
        ],
        [
            0.166,
            0.158,
            0.156,
            0.162,
            0.161,
            0.164,
            0.157
        ],
        [
            0.165,
            0.157,
            0.149,
            0.156,
            0.155,
            0.161,
            0.157
        ],
        [
            0.16,
            0.156,
            0.152,
            0.151,
            0.149,
            0.16,
            0.152
        ],
        [
            0.16,
            0.156,
            0.15,
            0.148,
            0.151,
            0.152,
            0.152
        ],
        [
            0.158,
            0.151,
            0.146,
            0.145,
            0.148,
            0.151,
            0.15
        ],
        [
            0.16,
            0.152,
            0.145,
            0.145,
            0.149,
            0.15,
            0.151
        ],
        [
            0.162,
            0.153,
            0.151,
            0.156,
            0.15,
            0.152,
            0.16
        ],
        [
            0.164,
            0.154,
            0.164,
            0.167,
            0.157,
            0.159,
            0.174
        ],
        [
            0.168,
            0.158,
            0.166,
            0.171,
            0.165,
            0.165,
            0.174
        ],
        [
            0.175,
            0.159,
            0.18,
            0.177,
            0.162,
            0.167,
            0.186
        ],
        [
            0.183,
            0.171,
            0.191,
            0.19,
            0.175,
            0.179,
            0.194
        ],
        [
            0.184,
            0.178,
            0.191,
            0.193,
            0.191,
            0.186,
            0.194
        ],
        [
            0.189,
            0.187,
            0.201,
            0.21,
            0.199,
            0.199,
            0.21
        ],
        [
            0.189,
            0.19,
            0.204,
            0.225,
            0.219,
            0.215,
            0.219
        ],
        [
            0.184,
            0.188,
            0.203,
            0.225,
            0.22,
            0.219,
            0.22
        ],
        [
            0.187,
            0.189,
            0.205,
            0.223,
            0.219,
            0.224,
            0.225
        ],
        [
            0.185,
            0.184,
            0.211,
            0.226,
            0.219,
            0.227,
            0.224
        ],
        [
            0.185,
            0.183,
            0.211,
            0.224,
            0.218,
            0.221,
            0.222
        ]
    ],
    "timestamp": "2026-04-01T17:35:30.634586",
    "label": "bee"
}