{
    "event_type": "flower_visit",
    "event_id": "flower_1_20260401173234234949",
    "flower_id": "flower_1",
    "background_dist": 0.2,
    "start_time": 1775082752.36765,
    "end_time": 1775082754.234817,
    "num_scans": 28,
    "angles": [
        132,
        133,
        134,
        135,
        136,
        137,
        138
    ],
    "distance_series": [
        [
            0.154,
            0.155,
            0.162,
            0.159,
            0.155,
            0.151,
            0.15
        ],
        [
            0.148,
            0.154,
            0.155,
            0.161,
            0.159,
            0.155,
            0.155
        ],
        [
            0.148,
            0.147,
            0.152,
            0.155,
            0.163,
            0.159,
            0.156
        ],
        [
            0.149,
            0.146,
            0.148,
            0.151,
            0.159,
            0.161,
            0.153
        ],
        [
            0.154,
            0.145,
            0.148,
            0.152,
            0.158,
            0.162,
            0.155
        ],
        [
            0.156,
            0.146,
            0.15,
            0.154,
            0.158,
            0.16,
            0.161
        ],
        [
            0.156,
            0.147,
            0.149,
            0.155,
            0.156,
            0.156,
            0.165
        ],
        [
            0.155,
            0.146,
            0.153,
            0.155,
            0.155,
            0.158,
            0.17
        ],
        [
            0.154,
            0.148,
            0.151,
            0.152,
            0.155,
            0.162,
            0.17
        ],
        [
            0.152,
            0.145,
            0.148,
            0.147,
            0.16,
            0.17,
            0.172
        ],
        [
            0.151,
            0.143,
            0.149,
            0.146,
            0.16,
            0.173,
            0.166
        ],
        [
            0.151,
            0.142,
            0.148,
            0.146,
            0.151,
            0.168,
            0.162
        ],
        [
            0.142,
            0.143,
            0.146,
            0.145,
            0.147,
            0.164,
            0.159
        ],
        [
            0.147,
            0.142,
            0.147,
            0.147,
            0.147,
            0.155,
            0.157
        ],
        [
            0.145,
            0.144,
            0.142,
            0.15,
            0.153,
            0.16,
            0.16
        ],
        [
            0.148,
            0.145,
            0.148,
            0.151,
            0.159,
            0.158,
            0.156
        ],
        [
            0.155,
            0.143,
            0.149,
            0.155,
            0.158,
            0.158,
            0.155
        ],
        [
            0.155,
            0.144,
            0.148,
            0.152,
            0.159,
            0.159,
            0.162
        ],
        [
            0.162,
            0.146,
            0.15,
            0.155,
            0.16,
            0.168,
            0.18
        ],
        [
            0.172,
            0.155,
            0.167,
            0.175,
            0.173,
            0.189,
            0.195
        ],
        [
            0.18,
            0.166,
            0.18,
            0.189,
            0.188,
            0.208,
            0.213
        ],
        [
            0.181,
            0.18,
            0.198,
            0.21,
            0.204,
            0.221,
            0.229
        ],
        [
            0.185,
            0.187,
            0.208,
            0.222,
            0.221,
            0.22,
            0.231
        ],
        [
            0.185,
            0.192,
            0.21,
            0.225,
            0.222,
            0.217,
            0.225
        ],
        [
            0.188,
            0.193,
            0.21,
            0.227,
            0.221,
            0.215,
            0.22
        ],
        [
            0.189,
            0.193,
            0.204,
            0.222,
            0.217,
            0.216,
            0.22
        ],
        [
            0.189,
            0.187,
            0.206,
            0.225,
            0.218,
            0.215,
            0.224
        ],
        [
            0.192,
            0.183,
            0.207,
            0.222,
            0.217,
            0.219,
            0.223
        ]
    ],
    "timestamp": "2026-04-01T17:32:34.235045",
    "label": "bee"
}