{
    "event_type": "flower_visit",
    "event_id": "flower_1_20260401174739892150",
    "flower_id": "flower_1",
    "background_dist": 0.2,
    "start_time": 1775083654.291462,
    "end_time": 1775083659.892006,
    "num_scans": 84,
    "angles": [
        132,
        133,
        134,
        135,
        136,
        137,
        138
    ],
    "distance_series": [
        [
            0.163,
            0.164,
            0.159,
            0.162,
            0.178,
            0.166,
            0.172
        ],
        [
            0.162,
            0.164,
            0.156,
            0.159,
            0.164,
            0.165,
            0.176
        ],
        [
            0.16,
            0.159,
            0.156,
            0.159,
            0.158,
            0.165,
            0.17
        ],
        [
            0.153,
            0.159,
            0.156,
            0.161,
            0.156,
            0.162,
            0.16
        ],
        [
            0.152,
            0.156,
            0.155,
            0.158,
            0.147,
            0.16,
            0.16
        ],
        [
            0.154,
            0.154,
            0.155,
            0.159,
            0.15,
            0.161,
            0.157
        ],
        [
            0.15,
            0.151,
            0.155,
            0.153,
            0.147,
            0.159,
            0.16
        ],
        [
            0.15,
            0.151,
            0.155,
            0.152,
            0.151,
            0.159,
            0.161
        ],
        [
            0.149,
            0.151,
            0.157,
            0.153,
            0.148,
            0.159,
            0.161
        ],
        [
            0.15,
            0.148,
            0.156,
            0.156,
            0.15,
            0.154,
            0.162
        ],
        [
            0.15,
            0.151,
            0.158,
            0.156,
            0.156,
            0.163,
            0.163
        ],
        [
            0.15,
            0.154,
            0.159,
            0.158,
            0.159,
            0.166,
            0.164
        ],
        [
            0.153,
            0.154,
            0.157,
            0.157,
            0.157,
            0.164,
            0.164
        ],
        [
            0.152,
            0.157,
            0.157,
            0.164,
            0.159,
            0.165,
            0.164
        ],
        [
            0.152,
            0.156,
            0.157,
            0.163,
            0.159,
            0.167,
            0.165
        ],
        [
            0.154,
            0.155,
            0.157,
            0.164,
            0.16,
            0.166,
            0.16
        ],
        [
            0.154,
            0.159,
            0.158,
            0.165,
            0.161,
            0.166,
            0.162
        ],
        [
            0.155,
            0.158,
            0.157,
            0.162,
            0.163,
            0.163,
            0.157
        ],
        [
            0.155,
            0.155,
            0.156,
            0.168,
            0.164,
            0.159,
            0.158
        ],
        [
            0.153,
            0.158,
            0.152,
            0.165,
            0.161,
            0.158,
            0.165
        ],
        [
            0.155,
            0.156,
            0.152,
            0.163,
            0.161,
            0.155,
            0.163
        ],
        [
            0.154,
            0.161,
            0.155,
            0.162,
            0.166,
            0.157,
            0.164
        ],
        [
            0.154,
            0.164,
            0.156,
            0.163,
            0.163,
            0.155,
            0.161
        ],
        [
            0.154,
            0.16,
            0.161,
            0.159,
            0.161,
            0.157,
            0.161
        ],
        [
            0.155,
            0.161,
            0.163,
            0.16,
            0.16,
            0.155,
            0.161
        ],
        [
            0.157,
            0.159,
            0.16,
            0.16,
            0.158,
            0.159,
            0.157
        ],
        [
            0.151,
            0.157,
            0.161,
            0.162,
            0.159,
            0.166,
            0.162
        ],
        [
            0.153,
            0.155,
            0.161,
            0.162,
            0.159,
            0.164,
            0.16
        ],
        [
            0.154,
            0.154,
            0.161,
            0.158,
            0.159,
            0.16,
            0.159
        ],
        [
            0.148,
            0.151,
            0.161,
            0.156,
            0.158,
            0.157,
            0.159
        ],
        [
            0.14,
            0.148,
            0.154,
            0.156,
            0.158,
            0.153,
            0.156
        ],
        [
            0.142,
            0.145,
            0.151,
            0.156,
            0.158,
            0.157,
            0.155
        ],
        [
            0.142,
            0.143,
            0.146,
            0.154,
            0.156,
            0.155,
            0.157
        ],
        [
            0.145,
            0.143,
            0.146,
            0.152,
            0.154,
            0.156,
            0.156
        ],
        [
            0.146,
            0.14,
            0.147,
            0.154,
            0.154,
            0.154,
            0.155
        ],
        [
            0.149,
            0.142,
            0.148,
            0.151,
            0.155,
            0.151,
            0.153
        ],
        [
            0.149,
            0.141,
            0.144,
            0.154,
            0.154,
            0.154,
            0.153
        ],
        [
            0.145,
            0.139,
            0.148,
            0.152,
            0.156,
            0.156,
            0.151
        ],
        [
            0.146,
            0.144,
            0.148,
            0.152,
            0.159,
            0.156,
            0.15
        ],
        [
            0.148,
            0.145,
            0.147,
            0.15,
            0.158,
            0.159,
            0.151
        ],
        [
            0.15,
            0.146,
            0.145,
            0.149,
            0.155,
            0.155,
            0.157
        ],
        [
            0.151,
            0.147,
            0.146,
            0.149,
            0.153,
            0.153,
            0.158
        ],
        [
            0.15,
            0.147,
            0.148,
            0.15,
            0.151,
            0.155,
            0.155
        ],
        [
            0.15,
            0.149,
            0.146,
            0.152,
            0.153,
            0.159,
            0.155
        ],
        [
            0.149,
            0.147,
            0.147,
            0.151,
            0.154,
            0.156,
            0.155
        ],
        [
            0.146,
            0.149,
            0.146,
            0.146,
            0.153,
            0.154,
            0.156
        ],
        [
            0.147,
            0.149,
            0.142,
            0.144,
            0.154,
            0.156,
            0.155
        ],
        [
            0.148,
            0.145,
            0.144,
            0.144,
            0.156,
            0.152,
            0.152
        ],
        [
            0.147,
            0.145,
            0.146,
            0.148,
            0.155,
            0.15,
            0.151
        ],
        [
            0.15,
            0.144,
            0.143,
            0.147,
            0.152,
            0.152,
            0.154
        ],
