{
    "event_type": "flower_visit",
    "event_id": "flower_1_20260401175038623638",
    "flower_id": "flower_1",
    "background_dist": 0.2,
    "start_time": 1775083832.8896651,
    "end_time": 1775083838.623498,
    "num_scans": 86,
    "angles": [
        132,
        133,
        134,
        135,
        136,
        137,
        138
    ],
    "distance_series": [
        [
            0.138,
            0.144,
            0.136,
            0.142,
            0.158,
            0.15,
            0.147
        ],
        [
            0.142,
            0.145,
            0.136,
            0.148,
            0.157,
            0.15,
            0.149
        ],
        [
            0.144,
            0.148,
            0.144,
            0.146,
            0.154,
            0.151,
            0.148
        ],
        [
            0.15,
            0.148,
            0.145,
            0.146,
            0.156,
            0.15,
            0.149
        ],
        [
            0.149,
            0.146,
            0.144,
            0.151,
            0.151,
            0.151,
            0.153
        ],
        [
            0.145,
            0.145,
            0.143,
            0.15,
            0.151,
            0.151,
            0.151
        ],
        [
            0.143,
            0.137,
            0.142,
            0.153,
            0.148,
            0.148,
            0.148
        ],
        [
            0.139,
            0.135,
            0.138,
            0.156,
            0.144,
            0.146,
            0.147
        ],
        [
            0.137,
            0.133,
            0.14,
            0.148,
            0.147,
            0.147,
            0.143
        ],
        [
            0.135,
            0.136,
            0.141,
            0.145,
            0.145,
            0.148,
            0.146
        ],
        [
            0.134,
            0.136,
            0.139,
            0.145,
            0.146,
            0.148,
            0.146
        ],
        [
            0.134,
            0.138,
            0.141,
            0.146,
            0.146,
            0.147,
            0.145
        ],
        [
            0.131,
            0.138,
            0.142,
            0.149,
            0.142,
            0.143,
            0.146
        ],
        [
            0.132,
            0.136,
            0.139,
            0.151,
            0.146,
            0.144,
            0.148
        ],
        [
            0.132,
            0.137,
            0.143,
            0.15,
            0.145,
            0.148,
            0.147
        ],
        [
            0.13,
            0.138,
            0.14,
            0.147,
            0.144,
            0.149,
            0.149
        ],
        [
            0.136,
            0.138,
            0.142,
            0.144,
            0.15,
            0.149,
            0.149
        ],
        [
            0.142,
            0.141,
            0.146,
            0.146,
            0.156,
            0.154,
            0.147
        ],
        [
            0.144,
            0.142,
            0.147,
            0.152,
            0.172,
            0.168,
            0.151
        ],
        [
            0.153,
            0.147,
            0.152,
            0.165,
            0.187,
            0.176,
            0.153
        ],
        [
            0.158,
            0.154,
            0.153,
            0.178,
            0.198,
            0.183,
            0.158
        ],
        [
            0.161,
            0.153,
            0.156,
            0.182,
            0.192,
            0.181,
            0.16
        ],
        [
            0.164,
            0.157,
            0.158,
            0.186,
            0.185,
            0.168,
            0.161
        ],
        [
            0.168,
            0.161,
            0.159,
            0.179,
            0.175,
            0.163,
            0.157
        ],
        [
            0.168,
            0.155,
            0.161,
            0.169,
            0.161,
            0.162,
            0.157
        ],
        [
            0.166,
            0.16,
            0.161,
            0.166,
            0.155,
            0.162,
            0.159
        ],
        [
            0.166,
            0.158,
            0.162,
            0.159,
            0.151,
            0.161,
            0.162
        ],
        [
            0.164,
            0.158,
            0.162,
            0.157,
            0.152,
            0.156,
            0.167
        ],
        [
            0.162,
            0.159,
            0.159,
            0.16,
            0.156,
            0.152,
            0.156
        ],
        [
            0.162,
            0.16,
            0.155,
            0.162,
            0.16,
            0.152,
            0.153
        ],
        [
            0.165,
            0.164,
            0.158,
            0.168,
            0.165,
            0.156,
            0.148
        ],
        [
            0.163,
            0.164,
            0.158,
            0.172,
            0.172,
            0.157,
            0.15
        ],
        [
            0.163,
            0.162,
            0.163,
            0.174,
            0.172,
            0.158,
            0.158
        ],
        [
            0.165,
            0.163,
            0.169,
            0.174,
            0.175,
            0.164,
            0.156
        ],
        [
            0.16,
            0.162,
            0.165,
            0.173,
            0.172,
            0.165,
            0.155
        ],
        [
            0.159,
            0.162,
            0.165,
            0.177,
            0.169,
            0.163,
            0.156
        ],
        [
            0.157,
            0.162,
            0.163,
            0.18,
            0.177,
            0.157,
            0.158
        ],
        [
            0.162,
            0.162,
            0.163,
            0.18,
            0.173,
            0.157,
            0.156
        ],
        [
            0.161,
            0.16,
            0.159,
            0.179,
            0.178,
            0.155,
            0.156
        ],
        [
            0.16,
            0.159,
            0.157,
            0.176,
            0.173,
            0.156,
            0.157
        ],
        [
            0.159,
            0.155,
            0.156,
            0.17,
            0.163,
            0.154,
            0.158
        ],
        [
            0.156,
            0.153,
            0.152,
            0.165,
            0.158,
            0.154,
            0.154
        ],
        [
            0.155,
            0.152,
            0.154,
            0.16,
            0.151,
            0.155,
            0.152
        ],
        [
            0.154,
            0.151,
            0.152,
            0.152,
            0.151,
            0.152,
            0.148
        ],
        [
            0.155,
            0.153,
            0.155,
            0.155,
            0.153,
            0.154,
            0.152
        ],
        [
            0.155,
            0.151,
            0.158,
            0.158,
            0.156,
            0.152,
            0.156
        ],
        [
            0.16,
            0.153,
            0.158,
            0.155,
            0.155,
            0.152,
            0.157
        ],
        [
            0.162,
            0.155,
            0.156,
            0.156,
            0.153,
            0.152,
            0.161
        ],
        [
            0.166,
            0.159,
            0.157,
            0.155,
            0.156,
            0.155,
            0.158
        ],
        [
            0.165,
            0.155,
            0.158,
            0.156,
            0.158,
            0.155,
            0.153
        ],
