{
    "event_type": "flower_visit",
    "event_id": "flower_1_20260401174733158988",
    "flower_id": "flower_1",
    "background_dist": 0.2,
    "start_time": 1775083646.958996,
    "end_time": 1775083653.158842,
    "num_scans": 93,
    "angles": [
        132,
        133,
        134,
        135,
        136,
        137,
        138
    ],
    "distance_series": [
        [
            0.158,
            0.164,
            0.164,
            0.155,
            0.165,
            0.167,
            0.176
        ],
        [
            0.161,
            0.164,
            0.156,
            0.15,
            0.167,
            0.17,
            0.176
        ],
        [
            0.156,
            0.157,
            0.156,
            0.149,
            0.161,
            0.17,
            0.174
        ],
        [
            0.155,
            0.155,
            0.151,
            0.143,
            0.157,
            0.163,
            0.173
        ],
        [
            0.151,
            0.154,
            0.146,
            0.146,
            0.155,
            0.164,
            0.168
        ],
        [
            0.15,
            0.153,
            0.139,
            0.148,
            0.157,
            0.158,
            0.162
        ],
        [
            0.154,
            0.152,
            0.143,
            0.151,
            0.162,
            0.157,
            0.16
        ],
        [
            0.154,
            0.154,
            0.149,
            0.157,
            0.163,
            0.158,
            0.159
        ],
        [
            0.161,
            0.156,
            0.155,
            0.159,
            0.161,
            0.154,
            0.157
        ],
        [
            0.163,
            0.161,
            0.164,
            0.164,
            0.161,
            0.16,
            0.162
        ],
        [
            0.162,
            0.161,
            0.165,
            0.163,
            0.164,
            0.162,
            0.16
        ],
        [
            0.162,
            0.161,
            0.163,
            0.162,
            0.164,
            0.154,
            0.162
        ],
        [
            0.163,
            0.16,
            0.161,
            0.16,
            0.164,
            0.155,
            0.163
        ],
        [
            0.158,
            0.156,
            0.158,
            0.155,
            0.162,
            0.154,
            0.162
        ],
        [
            0.159,
            0.153,
            0.153,
            0.153,
            0.159,
            0.154,
            0.161
        ],
        [
            0.157,
            0.147,
            0.153,
            0.149,
            0.157,
            0.15,
            0.158
        ],
        [
            0.154,
            0.146,
            0.148,
            0.15,
            0.155,
            0.145,
            0.151
        ],
        [
            0.15,
            0.146,
            0.15,
            0.152,
            0.152,
            0.138,
            0.148
        ],
        [
            0.147,
            0.145,
            0.149,
            0.154,
            0.147,
            0.141,
            0.147
        ],
        [
            0.146,
            0.148,
            0.151,
            0.149,
            0.143,
            0.143,
            0.141
        ],
        [
            0.148,
            0.151,
            0.146,
            0.146,
            0.144,
            0.146,
            0.142
        ],
        [
            0.151,
            0.153,
            0.148,
            0.144,
            0.142,
            0.146,
            0.144
        ],
        [
            0.148,
            0.155,
            0.147,
            0.146,
            0.14,
            0.147,
            0.152
        ],
        [
            0.15,
            0.155,
            0.147,
            0.15,
            0.144,
            0.144,
            0.154
        ],
        [
            0.148,
            0.151,
            0.152,
            0.146,
            0.148,
            0.141,
            0.15
        ],
        [
            0.15,
            0.149,
            0.148,
            0.149,
            0.15,
            0.148,
            0.149
        ],
        [
            0.154,
            0.148,
            0.144,
            0.149,
            0.155,
            0.154,
            0.145
        ],
        [
            0.152,
            0.146,
            0.144,
            0.146,
            0.152,
            0.156,
            0.149
        ],
        [
            0.153,
            0.147,
            0.143,
            0.149,
            0.15,
            0.157,
            0.148
        ],
        [
            0.148,
            0.145,
            0.148,
            0.149,
            0.152,
            0.159,
            0.152
        ],
        [
            0.146,
            0.147,
            0.146,
            0.153,
            0.153,
            0.152,
            0.152
        ],
        [
            0.147,
            0.146,
            0.146,
            0.153,
            0.158,
            0.152,
            0.151
        ],
        [
            0.148,
            0.151,
            0.148,
            0.157,
            0.154,
            0.149,
            0.153
        ],
        [
            0.151,
            0.151,
            0.149,
            0.153,
            0.152,
            0.147,
            0.152
        ],
        [
            0.151,
            0.149,
            0.154,
            0.154,
            0.152,
            0.139,
            0.162
        ],
        [
            0.15,
            0.151,
            0.156,
            0.155,
            0.157,
            0.143,
            0.157
        ],
        [
            0.15,
            0.15,
            0.154,
            0.154,
            0.155,
            0.147,
            0.151
        ],
        [
            0.146,
            0.148,
            0.154,
            0.159,
            0.16,
            0.151,
            0.144
        ],
        [
            0.142,
            0.147,
            0.153,
            0.157,
            0.159,
            0.152,
            0.151
        ],
        [
            0.145,
            0.147,
            0.152,
            0.156,
            0.166,
            0.151,
            0.152
        ],
        [
            0.145,
            0.148,
            0.152,
            0.156,
            0.16,
            0.147,
            0.157
        ],
        [
            0.143,
            0.149,
            0.151,
            0.156,
            0.163,
            0.155,
            0.161
        ],
        [
            0.143,
            0.152,
            0.152,
            0.156,
            0.16,
            0.157,
            0.161
        ],
        [
            0.144,
            0.152,
            0.152,
            0.159,
            0.161,
            0.154,
            0.164
        ],
        [
            0.146,
            0.151,
            0.155,
            0.155,
            0.151,
            0.156,
            0.162
        ],
        [
            0.15,
            0.149,
            0.154,
            0.155,
            0.153,
            0.153,
            0.161
        ],
        [
            0.151,
            0.148,
            0.154,
            0.154,
            0.147,
            0.153,
            0.165
        ],
        [
            0.149,
            0.149,
            0.152,
            0.151,
            0.148,
            0.155,
            0.159
        ],
        [
            0.147,
            0.147,
            0.151,
            0.152,
            0.151,
            0.147,
            0.16
        ],
        [
            0.144,
            0.146,
            0.151,
            0.151,
            0.154,
            0.144,
            0.16
        ],
