{
    "event_type": "flower_visit",
    "event_id": "flower_1_20260401175338021645",
    "flower_id": "flower_1",
    "background_dist": 0.2,
    "start_time": 1775084012.555248,
    "end_time": 1775084018.0215008,
    "num_scans": 82,
    "angles": [
        132,
        133,
        134,
        135,
        136,
        137,
        138
    ],
    "distance_series": [
        [
            0.146,
            0.149,
            0.145,
            0.139,
            0.142,
            0.146,
            0.149
        ],
        [
            0.147,
            0.147,
            0.145,
            0.141,
            0.14,
            0.142,
            0.152
        ],
        [
            0.142,
            0.144,
            0.152,
            0.145,
            0.144,
            0.143,
            0.154
        ],
        [
            0.138,
            0.145,
            0.146,
            0.148,
            0.141,
            0.141,
            0.15
        ],
        [
            0.136,
            0.141,
            0.144,
            0.147,
            0.144,
            0.14,
            0.154
        ],
        [
            0.137,
            0.137,
            0.138,
            0.148,
            0.149,
            0.14,
            0.148
        ],
        [
            0.137,
            0.138,
            0.138,
            0.145,
            0.142,
            0.137,
            0.141
        ],
        [
            0.138,
            0.139,
            0.139,
            0.141,
            0.139,
            0.135,
            0.144
        ],
        [
            0.136,
            0.145,
            0.139,
            0.14,
            0.138,
            0.133,
            0.144
        ],
        [
            0.139,
            0.148,
            0.142,
            0.141,
            0.137,
            0.139,
            0.147
        ],
        [
            0.144,
            0.148,
            0.144,
            0.147,
            0.141,
            0.145,
            0.15
        ],
        [
            0.15,
            0.145,
            0.142,
            0.15,
            0.147,
            0.157,
            0.156
        ],
        [
            0.149,
            0.144,
            0.143,
            0.149,
            0.154,
            0.166,
            0.154
        ],
        [
            0.145,
            0.138,
            0.145,
            0.151,
            0.16,
            0.17,
            0.157
        ],
        [
            0.143,
            0.144,
            0.143,
            0.152,
            0.16,
            0.167,
            0.156
        ],
        [
            0.147,
            0.15,
            0.15,
            0.153,
            0.153,
            0.165,
            0.154
        ],
        [
            0.149,
            0.152,
            0.15,
            0.155,
            0.156,
            0.162,
            0.156
        ],
        [
            0.147,
            0.154,
            0.154,
            0.157,
            0.154,
            0.155,
            0.151
        ],
        [
            0.143,
            0.149,
            0.15,
            0.152,
            0.152,
            0.149,
            0.146
        ],
        [
            0.141,
            0.149,
            0.144,
            0.146,
            0.143,
            0.143,
            0.144
        ],
        [
            0.14,
            0.144,
            0.139,
            0.148,
            0.137,
            0.142,
            0.139
        ],
        [
            0.139,
            0.143,
            0.137,
            0.138,
            0.132,
            0.14,
            0.137
        ],
        [
            0.139,
            0.147,
            0.146,
            0.137,
            0.136,
            0.14,
            0.135
        ],
        [
            0.142,
            0.146,
            0.14,
            0.138,
            0.135,
            0.147,
            0.139
        ],
        [
            0.143,
            0.139,
            0.135,
            0.141,
            0.139,
            0.151,
            0.143
        ],
        [
            0.146,
            0.143,
            0.14,
            0.143,
            0.145,
            0.158,
            0.154
        ],
        [
            0.149,
            0.151,
            0.143,
            0.141,
            0.148,
            0.158,
            0.155
        ],
        [
            0.148,
            0.151,
            0.144,
            0.144,
            0.153,
            0.152,
            0.156
        ],
        [
            0.15,
            0.149,
            0.143,
            0.142,
            0.147,
            0.154,
            0.157
        ],
        [
            0.145,
            0.148,
            0.142,
            0.142,
            0.142,
            0.15,
            0.147
        ],
        [
            0.142,
            0.145,
            0.149,
            0.144,
            0.137,
            0.14,
            0.146
        ],
        [
            0.139,
            0.142,
            0.152,
            0.144,
            0.138,
            0.143,
            0.14
        ],
        [
            0.138,
            0.144,
            0.151,
            0.138,
            0.134,
            0.142,
            0.136
        ],
        [
            0.139,
            0.146,
            0.149,
            0.138,
            0.132,
            0.139,
            0.145
        ],
        [
            0.138,
            0.151,
            0.15,
            0.132,
            0.129,
            0.146,
            0.15
        ],
        [
            0.143,
            0.148,
            0.15,
            0.132,
            0.129,
            0.14,
            0.138
        ],
        [
            0.142,
            0.145,
            0.146,
            0.137,
            0.134,
            0.139,
            0.143
        ],
        [
            0.141,
            0.147,
            0.145,
            0.137,
            0.139,
            0.143,
            0.14
        ],
        [
            0.14,
            0.146,
            0.147,
            0.144,
            0.139,
            0.137,
            0.144
        ],
        [
            0.14,
            0.143,
            0.15,
            0.139,
            0.14,
            0.139,
            0.148
        ],
        [
            0.141,
            0.144,
            0.15,
            0.14,
            0.139,
            0.135,
            0.147
        ],
        [
            0.141,
            0.147,
            0.15,
            0.144,
            0.139,
            0.13,
            0.144
        ],
        [
            0.138,
            0.144,
            0.151,
            0.142,
            0.14,
            0.132,
            0.142
        ],
        [
            0.138,
            0.138,
            0.147,
            0.146,
            0.143,
            0.131,
            0.138
        ],
        [
            0.14,
            0.139,
            0.14,
            0.141,
            0.144,
            0.137,
            0.135
        ],
        [
            0.148,
            0.141,
            0.135,
            0.14,
            0.145,
            0.143,
            0.132
        ],
        [
            0.153,
            0.142,
            0.134,
            0.139,
            0.142,
            0.149,
            0.129
        ],
        [
            0.154,
            0.142,
            0.129,
            0.138,
            0.142,
            0.148,
            0.133
        ],
        [
            0.156,
            0.138,
            0.129,
            0.142,
            0.145,
            0.147,
            0.129
        ],
        [
            0.153,
            0.135,
            0.131,
            0.146,
            0.145,
            0.139,
            0.137
        ],
        [
