{
    "event_type": "flower_visit",
    "event_id": "flower_1_20260401173618433172",
    "flower_id": "flower_1",
    "background_dist": 0.2,
    "start_time": 1775082976.699754,
    "end_time": 1775082978.433016,
    "num_scans": 26,
    "angles": [
        132,
        133,
        134,
        135,
        136,
        137,
        138
    ],
    "distance_series": [
        [
            0.165,
            0.159,
            0.157,
            0.155,
            0.16,
            0.162,
            0.172
        ],
        [
            0.168,
            0.16,
            0.155,
            0.154,
            0.16,
            0.156,
            0.157
        ],
        [
            0.178,
            0.166,
            0.158,
            0.154,
            0.163,
            0.158,
            0.159
        ],
        [
            0.179,
            0.157,
            0.163,
            0.155,
            0.164,
            0.159,
            0.164
        ],
        [
            0.188,
            0.162,
            0.163,
            0.159,
            0.163,
            0.162,
            0.165
        ],
        [
            0.177,
            0.166,
            0.163,
            0.16,
            0.164,
            0.162,
            0.166
        ],
        [
            0.17,
            0.165,
            0.161,
            0.157,
            0.163,
            0.169,
            0.166
        ],
        [
            0.168,
            0.165,
            0.155,
            0.16,
            0.161,
            0.167,
            0.166
        ],
        [
            0.158,
            0.161,
            0.156,
            0.154,
            0.159,
            0.166,
            0.166
        ],
        [
            0.17,
            0.158,
            0.154,
            0.153,
            0.157,
            0.162,
            0.165
        ],
        [
            0.173,
            0.154,
            0.156,
            0.154,
            0.154,
            0.156,
            0.162
        ],
        [
            0.174,
            0.151,
            0.155,
            0.153,
            0.152,
            0.153,
            0.158
        ],
        [
            0.175,
            0.154,
            0.155,
            0.157,
            0.156,
            0.151,
            0.157
        ],
        [
            0.174,
            0.153,
            0.154,
            0.158,
            0.156,
            0.149,
            0.158
        ],
        [
            0.173,
            0.151,
            0.156,
            0.157,
            0.157,
            0.149,
            0.158
        ],
        [
            0.171,
            0.157,
            0.157,
            0.161,
            0.158,
            0.152,
            0.161
        ],
        [
            0.177,
            0.153,
            0.157,
            0.165,
            0.156,
            0.155,
            0.161
        ],
        [
            0.181,
            0.16,
            0.168,
            0.179,
            0.17,
            0.165,
            0.168
        ],
        [
            0.183,
            0.172,
            0.18,
            0.195,
            0.184,
            0.184,
            0.182
        ],
        [
            0.181,
            0.183,
            0.189,
            0.208,
            0.199,
            0.199,
            0.199
        ],
        [
            0.185,
            0.189,
            0.204,
            0.222,
            0.216,
            0.213,
            0.214
        ],
        [
            0.189,
            0.19,
            0.204,
            0.221,
            0.219,
            0.218,
            0.22
        ],
        [
            0.188,
            0.187,
            0.206,
            0.22,
            0.216,
            0.217,
            0.217
        ],
        [
            0.186,
            0.188,
            0.205,
            0.221,
            0.217,
            0.219,
            0.217
        ],
        [
            0.191,
            0.19,
            0.204,
            0.218,
            0.217,
            0.221,
            0.217
        ],
        [
            0.19,
            0.187,
            0.206,
            0.218,
            0.218,
            0.23,
            0.22
        ]
    ],
    "timestamp": "2026-04-01T17:36:18.433298",
    "label": "bee"
}