{
    "event_type": "flower_visit",
    "event_id": "flower_1_20260401174704626122",
    "flower_id": "flower_1",
    "background_dist": 0.2,
    "start_time": 1775083621.159054,
    "end_time": 1775083624.625978,
    "num_scans": 52,
    "angles": [
        132,
        133,
        134,
        135,
        136,
        137,
        138
    ],
    "distance_series": [
        [
            0.142,
            0.151,
            0.154,
            0.164,
            0.174,
            0.188,
            0.187
        ],
        [
            0.146,
            0.151,
            0.156,
            0.16,
            0.161,
            0.172,
            0.176
        ],
        [
            0.148,
            0.15,
            0.153,
            0.157,
            0.151,
            0.16,
            0.164
        ],
        [
            0.152,
            0.158,
            0.153,
            0.155,
            0.15,
            0.151,
            0.153
        ],
        [
            0.149,
            0.158,
            0.152,
            0.153,
            0.149,
            0.152,
            0.151
        ],
        [
            0.152,
            0.155,
            0.15,
            0.149,
            0.149,
            0.154,
            0.149
        ],
        [
            0.156,
            0.155,
            0.152,
            0.149,
            0.149,
            0.156,
            0.149
        ],
        [
            0.154,
            0.151,
            0.153,
            0.154,
            0.153,
            0.162,
            0.158
        ],
        [
            0.151,
            0.152,
            0.155,
            0.156,
            0.155,
            0.164,
            0.161
        ],
        [
            0.149,
            0.153,
            0.158,
            0.153,
            0.158,
            0.162,
            0.162
        ],
        [
            0.147,
            0.152,
            0.153,
            0.152,
            0.16,
            0.162,
            0.166
        ],
        [
            0.146,
            0.153,
            0.155,
            0.151,
            0.158,
            0.159,
            0.162
        ],
        [
            0.145,
            0.155,
            0.153,
            0.15,
            0.156,
            0.158,
            0.164
        ],
        [
            0.146,
            0.152,
            0.15,
            0.154,
            0.149,
            0.159,
            0.161
        ],
        [
            0.143,
            0.15,
            0.154,
            0.154,
            0.148,
            0.156,
            0.161
        ],
        [
            0.147,
            0.15,
            0.154,
            0.155,
            0.148,
            0.156,
            0.159
        ],
        [
            0.151,
            0.152,
            0.157,
            0.155,
            0.15,
            0.159,
            0.158
        ],
        [
            0.149,
            0.157,
            0.156,
            0.156,
            0.155,
            0.159,
            0.158
        ],
        [
            0.15,
            0.154,
            0.153,
            0.157,
            0.157,
            0.158,
            0.16
        ],
        [
            0.152,
            0.153,
            0.151,
            0.158,
            0.157,
            0.161,
            0.16
        ],
        [
            0.154,
            0.15,
            0.149,
            0.158,
            0.157,
            0.159,
            0.159
        ],
        [
            0.157,
            0.146,
            0.147,
            0.154,
            0.155,
            0.159,
            0.158
        ],
        [
            0.155,
            0.144,
            0.146,
            0.158,
            0.157,
            0.162,
            0.159
        ],
        [
            0.158,
            0.143,
            0.146,
            0.162,
            0.156,
            0.157,
            0.16
        ],
        [
            0.159,
            0.145,
            0.146,
            0.155,
            0.15,
            0.154,
            0.16
        ],
        [
            0.158,
            0.147,
            0.144,
            0.149,
            0.152,
            0.156,
            0.158
        ],
        [
            0.156,
            0.154,
            0.148,
            0.15,
            0.146,
            0.158,
            0.157
        ],
        [
            0.153,
            0.158,
            0.147,
            0.15,
            0.151,
            0.156,
            0.156
        ],
        [
            0.155,
            0.159,
            0.154,
            0.148,
            0.153,
            0.15,
            0.151
        ],
        [
            0.154,
            0.157,
            0.16,
            0.151,
            0.15,
            0.144,
            0.15
        ],
        [
            0.152,
            0.159,
            0.162,
            0.152,
            0.152,
            0.146,
            0.153
        ],
        [
            0.151,
            0.16,
            0.16,
            0.147,
            0.147,
            0.145,
            0.157
        ],
        [
            0.152,
            0.156,
            0.164,
            0.146,
            0.148,
            0.145,
            0.156
        ],
        [
            0.151,
            0.156,
            0.156,
            0.144,
            0.147,
            0.15,
            0.156
        ],
        [
            0.15,
            0.154,
            0.155,
            0.146,
            0.148,
            0.148,
            0.151
        ],
        [
            0.148,
            0.151,
            0.15,
            0.147,
            0.148,
            0.142,
            0.149
        ],
        [
            0.146,
            0.154,
            0.148,
            0.143,
            0.141,
            0.144,
            0.152
        ],
        [
            0.147,
            0.155,
            0.146,
            0.145,
            0.138,
            0.145,
            0.15
        ],
        [
            0.146,
            0.152,
            0.148,
            0.143,
            0.135,
            0.147,
            0.149
        ],
        [
            0.15,
            0.15,
            0.15,
            0.15,
            0.152,
            0.153,
            0.155
        ],
        [
            0.15,
            0.144,
            0.156,
            0.169,
            0.164,
            0.16,
            0.156
        ],
        [
            0.144,
            0.148,
            0.166,
            0.189,
            0.191,
            0.181,
            0.167
        ],
        [
            0.15,
            0.164,
            0.185,
            0.205,
            0.213,
            0.196,
            0.183
        ],
        [
            0.16,
            0.173,
            0.196,
            0.215,
            0.216,
            0.207,
            0.2
        ],
        [
            0.169,
            0.185,
            0.204,
            0.218,
            0.23,
            0.224,
            0.213
        ],
        [
            0.183,
            0.186,
            0.206,
            0.218,
            0.222,
            0.224,
            0.219
        ],
        [
            0.188,
            0.182,
            0.203,
            0.22,
            0.225,
            0.222,
            0.217
        ],
        [
            0.187,
            0.186,
            0.2,
            0.222,
            0.225,
            0.221,
            0.217
        ],
        [
            0.186,
            0.183,
            0.199,
            0.222,
            0.225,
            0.222,
            0.212
        ],
        [
            0.187,
            0.185,
            0.2,
            0.221,
            0.229,
            0.225,
            0.211
        ],
        [
