{
    "event_type": "flower_visit",
    "event_id": "flower_1_20260401173101702189",
    "flower_id": "flower_1",
    "background_dist": 0.2,
    "start_time": 1775082659.435761,
    "end_time": 1775082661.702113,
    "num_scans": 34,
    "angles": [
        132,
        133,
        134,
        135,
        136,
        137,
        138
    ],
    "distance_series": [
        [
            0.149,
            0.15,
            0.16,
            0.164,
            0.158,
            0.148,
            0.142
        ],
        [
            0.146,
            0.144,
            0.161,
            0.157,
            0.153,
            0.142,
            0.141
        ],
        [
            0.145,
            0.135,
            0.155,
            0.15,
            0.151,
            0.138,
            0.137
        ],
        [
            0.144,
            0.135,
            0.153,
            0.147,
            0.147,
            0.136,
            0.132
        ],
        [
            0.146,
            0.139,
            0.149,
            0.143,
            0.148,
            0.137,
            0.131
        ],
        [
            0.146,
            0.14,
            0.144,
            0.145,
            0.15,
            0.141,
            0.131
        ],
        [
            0.149,
            0.143,
            0.142,
            0.155,
            0.149,
            0.142,
            0.133
        ],
        [
            0.151,
            0.145,
            0.142,
            0.153,
            0.151,
            0.143,
            0.138
        ],
        [
            0.151,
            0.146,
            0.146,
            0.146,
            0.151,
            0.146,
            0.15
        ],
        [
            0.158,
            0.15,
            0.149,
            0.145,
            0.151,
            0.148,
            0.153
        ],
        [
            0.161,
            0.152,
            0.146,
            0.146,
            0.156,
            0.153,
            0.15
        ],
        [
            0.161,
            0.153,
            0.149,
            0.147,
            0.15,
            0.159,
            0.153
        ],
        [
            0.164,
            0.154,
            0.15,
            0.148,
            0.145,
            0.158,
            0.153
        ],
        [
            0.161,
            0.152,
            0.148,
            0.146,
            0.145,
            0.154,
            0.155
        ],
        [
            0.163,
            0.15,
            0.148,
            0.142,
            0.143,
            0.151,
            0.156
        ],
        [
            0.158,
            0.148,
            0.142,
            0.143,
            0.14,
            0.144,
            0.149
        ],
        [
            0.149,
            0.142,
            0.137,
            0.141,
            0.143,
            0.147,
            0.143
        ],
        [
            0.143,
            0.137,
            0.136,
            0.144,
            0.141,
            0.139,
            0.138
        ],
        [
            0.14,
            0.136,
            0.135,
            0.143,
            0.144,
            0.135,
            0.134
        ],
        [
            0.139,
            0.135,
            0.142,
            0.141,
            0.144,
            0.132,
            0.134
        ],
        [
            0.136,
            0.137,
            0.148,
            0.14,
            0.144,
            0.133,
            0.135
        ],
        [
            0.138,
            0.141,
            0.152,
            0.146,
            0.146,
            0.134,
            0.138
        ],
        [
            0.143,
            0.141,
            0.15,
            0.15,
            0.149,
            0.137,
            0.14
        ],
        [
            0.148,
            0.144,
            0.156,
            0.153,
            0.154,
            0.143,
            0.144
        ],
        [
            0.155,
            0.151,
            0.171,
            0.171,
            0.172,
            0.164,
            0.166
        ],
        [
            0.159,
            0.165,
            0.183,
            0.191,
            0.191,
            0.186,
            0.185
        ],
        [
            0.171,
            0.174,
            0.196,
            0.204,
            0.211,
            0.207,
            0.201
        ],
        [
            0.183,
            0.187,
            0.206,
            0.219,
            0.22,
            0.226,
            0.221
        ],
        [
            0.186,
            0.197,
            0.207,
            0.216,
            0.223,
            0.225,
            0.221
        ],
        [
            0.184,
            0.198,
            0.208,
            0.21,
            0.222,
            0.227,
            0.231
        ],
        [
            0.184,
            0.197,
            0.209,
            0.214,
            0.22,
            0.223,
            0.236
        ],
        [
            0.185,
            0.195,
            0.21,
            0.216,
            0.22,
            0.218,
            0.234
        ],
        [
            0.186,
            0.197,
            0.21,
            0.22,
            0.22,
            0.218,
            0.233
        ],
        [
            0.191,
            0.194,
            0.208,
            0.22,
            0.216,
            0.215,
            0.225
        ]
    ],
    "timestamp": "2026-04-01T17:31:01.702248",
    "label": "bee"
}