{
    "event_type": "flower_visit",
    "event_id": "flower_1_20260401172951103362",
    "flower_id": "flower_1",
    "background_dist": 0.2,
    "start_time": 1775082589.436579,
    "end_time": 1775082591.103225,
    "num_scans": 25,
    "angles": [
        132,
        133,
        134,
        135,
        136,
        137,
        138
    ],
    "distance_series": [
        [
            0.169,
            0.157,
            0.163,
            0.163,
            0.148,
            0.144,
            0.146
        ],
        [
            0.161,
            0.158,
            0.161,
            0.164,
            0.145,
            0.145,
            0.147
        ],
        [
            0.162,
            0.157,
            0.155,
            0.168,
            0.15,
            0.155,
            0.146
        ],
        [
            0.161,
            0.155,
            0.147,
            0.164,
            0.154,
            0.159,
            0.149
        ],
        [
            0.157,
            0.153,
            0.145,
            0.163,
            0.159,
            0.161,
            0.153
        ],
        [
            0.158,
            0.15,
            0.147,
            0.154,
            0.167,
            0.163,
            0.149
        ],
        [
            0.154,
            0.149,
            0.148,
            0.152,
            0.164,
            0.159,
            0.149
        ],
        [
            0.151,
            0.148,
            0.148,
            0.152,
            0.162,
            0.161,
            0.148
        ],
        [
            0.149,
            0.149,
            0.157,
            0.153,
            0.16,
            0.158,
            0.152
        ],
        [
            0.144,
            0.155,
            0.159,
            0.155,
            0.154,
            0.153,
            0.149
        ],
        [
            0.151,
            0.155,
            0.158,
            0.15,
            0.151,
            0.151,
            0.147
        ],
        [
            0.153,
            0.159,
            0.159,
            0.147,
            0.149,
            0.147,
            0.146
        ],
        [
            0.156,
            0.159,
            0.154,
            0.146,
            0.145,
            0.148,
            0.154
        ],
        [
            0.157,
            0.152,
            0.155,
            0.15,
            0.155,
            0.164,
            0.17
        ],
        [
            0.153,
            0.148,
            0.156,
            0.159,
            0.171,
            0.181,
            0.19
        ],
        [
            0.159,
            0.154,
            0.164,
            0.174,
            0.187,
            0.2,
            0.206
        ],
        [
            0.169,
            0.163,
            0.18,
            0.196,
            0.209,
            0.219,
            0.217
        ],
        [
            0.178,
            0.169,
            0.194,
            0.211,
            0.212,
            0.22,
            0.216
        ],
        [
            0.185,
            0.187,
            0.203,
            0.224,
            0.216,
            0.216,
            0.222
        ],
        [
            0.185,
            0.197,
            0.21,
            0.225,
            0.217,
            0.224,
            0.223
        ],
        [
            0.189,
            0.194,
            0.208,
            0.224,
            0.221,
            0.222,
            0.221
        ],
        [
            0.188,
            0.193,
            0.208,
            0.218,
            0.219,
            0.219,
            0.22
        ],
        [
            0.187,
            0.186,
            0.209,
            0.216,
            0.216,
            0.22,
            0.22
        ],
        [
            0.191,
            0.184,
            0.209,
            0.219,
            0.215,
            0.22,
            0.217
        ],
        [
            0.191,
            0.193,
            0.209,
            0.216,
            0.215,
            0.218,
            0.226
        ]
    ],
    "timestamp": "2026-04-01T17:29:51.103451",
    "label": "bee"
}