{
    "event_type": "flower_visit",
    "event_id": "flower_1_20260401173510033656",
    "flower_id": "flower_1",
    "background_dist": 0.2,
    "start_time": 1775082907.833481,
    "end_time": 1775082910.033613,
    "num_scans": 33,
    "angles": [
        132,
        133,
        134,
        135,
        136,
        137,
        138
    ],
    "distance_series": [
        [
            0.158,
            0.15,
            0.149,
            0.148,
            0.143,
            0.143,
            0.145
        ],
        [
            0.161,
            0.153,
            0.153,
            0.148,
            0.145,
            0.142,
            0.145
        ],
        [
            0.16,
            0.153,
            0.153,
            0.145,
            0.144,
            0.14,
            0.143
        ],
        [
            0.161,
            0.154,
            0.153,
            0.144,
            0.143,
            0.144,
            0.145
        ],
        [
            0.159,
            0.153,
            0.149,
            0.149,
            0.144,
            0.148,
            0.15
        ],
        [
            0.156,
            0.149,
            0.146,
            0.152,
            0.145,
            0.152,
            0.148
        ],
        [
            0.156,
            0.146,
            0.146,
            0.15,
            0.149,
            0.156,
            0.15
        ],
        [
            0.154,
            0.146,
            0.144,
            0.155,
            0.149,
            0.157,
            0.148
        ],
        [
            0.152,
            0.147,
            0.148,
            0.155,
            0.152,
            0.156,
            0.147
        ],
        [
            0.151,
            0.149,
            0.148,
            0.147,
            0.149,
            0.147,
            0.146
        ],
        [
            0.149,
            0.145,
            0.146,
            0.151,
            0.15,
            0.146,
            0.145
        ],
        [
            0.15,
            0.144,
            0.143,
            0.147,
            0.146,
            0.149,
            0.148
        ],
        [
            0.153,
            0.141,
            0.141,
            0.145,
            0.143,
            0.144,
            0.144
        ],
        [
            0.153,
            0.146,
            0.14,
            0.143,
            0.137,
            0.141,
            0.142
        ],
        [
            0.153,
            0.152,
            0.143,
            0.142,
            0.136,
            0.143,
            0.141
        ],
        [
            0.16,
            0.156,
            0.149,
            0.145,
            0.139,
            0.139,
            0.142
        ],
        [
            0.166,
            0.16,
            0.151,
            0.153,
            0.151,
            0.148,
            0.143
        ],
        [
            0.181,
            0.166,
            0.155,
            0.158,
            0.156,
            0.149,
            0.143
        ],
        [
            0.186,
            0.165,
            0.158,
            0.161,
            0.162,
            0.151,
            0.142
        ],
        [
            0.187,
            0.162,
            0.156,
            0.164,
            0.163,
            0.155,
            0.151
        ],
        [
            0.184,
            0.165,
            0.16,
            0.157,
            0.161,
            0.152,
            0.155
        ],
        [
            0.175,
            0.157,
            0.161,
            0.169,
            0.163,
            0.155,
            0.159
        ],
        [
            0.171,
            0.162,
            0.173,
            0.182,
            0.171,
            0.156,
            0.162
        ],
        [
            0.168,
            0.169,
            0.17,
            0.179,
            0.17,
            0.161,
            0.175
        ],
        [
            0.164,
            0.166,
            0.174,
            0.185,
            0.185,
            0.169,
            0.184
        ],
        [
            0.169,
            0.169,
            0.182,
            0.195,
            0.197,
            0.188,
            0.202
        ],
        [
            0.174,
            0.173,
            0.182,
            0.197,
            0.204,
            0.199,
            0.213
        ],
        [
            0.181,
            0.18,
            0.196,
            0.217,
            0.216,
            0.212,
            0.215
        ],
        [
            0.191,
            0.19,
            0.206,
            0.225,
            0.217,
            0.216,
            0.221
        ],
        [
            0.191,
            0.183,
            0.209,
            0.225,
            0.221,
            0.219,
            0.215
        ],
        [
            0.192,
            0.181,
            0.205,
            0.226,
            0.222,
            0.213,
            0.215
        ],
        [
            0.191,
            0.185,
            0.207,
            0.223,
            0.224,
            0.214,
            0.218
        ],
        [
            0.19,
            0.185,
            0.209,
            0.224,
            0.224,
            0.218,
            0.208
        ]
    ],
    "timestamp": "2026-04-01T17:35:10.033686",
    "label": "bee"
}