{
    "event_type": "flower_visit",
    "event_id": "flower_1_20260401173134501949",
    "flower_id": "flower_1",
    "background_dist": 0.2,
    "start_time": 1775082693.1024299,
    "end_time": 1775082694.501806,
    "num_scans": 21,
    "angles": [
        132,
        133,
        134,
        135,
        136,
        137,
        138
    ],
    "distance_series": [
        [
            0.159,
            0.151,
            0.15,
            0.15,
            0.149,
            0.149,
            0.153
        ],
        [
            0.162,
            0.162,
            0.161,
            0.167,
            0.154,
            0.152,
            0.153
        ],
        [
            0.17,
            0.175,
            0.174,
            0.18,
            0.161,
            0.153,
            0.152
        ],
        [
            0.172,
            0.184,
            0.179,
            0.182,
            0.163,
            0.152,
            0.152
        ],
        [
            0.177,
            0.188,
            0.182,
            0.181,
            0.164,
            0.152,
            0.149
        ],
        [
            0.177,
            0.176,
            0.171,
            0.165,
            0.158,
            0.15,
            0.142
        ],
        [
            0.178,
            0.164,
            0.164,
            0.157,
            0.156,
            0.147,
            0.137
        ],
        [
            0.172,
            0.151,
            0.155,
            0.152,
            0.151,
            0.146,
            0.137
        ],
        [
            0.162,
            0.145,
            0.149,
            0.144,
            0.145,
            0.142,
            0.134
        ],
        [
            0.151,
            0.145,
            0.146,
            0.143,
            0.141,
            0.136,
            0.137
        ],
        [
            0.142,
            0.145,
            0.14,
            0.137,
            0.138,
            0.145,
            0.154
        ],
        [
            0.147,
            0.149,
            0.14,
            0.137,
            0.137,
            0.147,
            0.154
        ],
        [
            0.159,
            0.158,
            0.157,
            0.159,
            0.162,
            0.172,
            0.179
        ],
        [
            0.171,
            0.17,
            0.176,
            0.176,
            0.179,
            0.187,
            0.197
        ],
        [
            0.18,
            0.181,
            0.197,
            0.196,
            0.204,
            0.201,
            0.204
        ],
        [
            0.188,
            0.195,
            0.214,
            0.22,
            0.221,
            0.213,
            0.221
        ],
        [
            0.191,
            0.195,
            0.214,
            0.221,
            0.221,
            0.213,
            0.221
        ],
        [
            0.188,
            0.193,
            0.209,
            0.22,
            0.224,
            0.218,
            0.222
        ],
        [
            0.188,
            0.199,
            0.205,
            0.226,
            0.22,
            0.213,
            0.223
        ],
        [
            0.191,
            0.194,
            0.207,
            0.226,
            0.22,
            0.221,
            0.232
        ],
        [
            0.191,
            0.191,
            0.208,
            0.228,
            0.223,
            0.219,
            0.229
        ]
    ],
    "timestamp": "2026-04-01T17:31:34.502035",
    "label": "bee"
}