{
    "event_type": "flower_visit",
    "event_id": "flower_1_20260401173158568217",
    "flower_id": "flower_1",
    "background_dist": 0.2,
    "start_time": 1775082714.7680562,
    "end_time": 1775082718.5680718,
    "num_scans": 57,
    "angles": [
        132,
        133,
        134,
        135,
        136,
        137,
        138
    ],
    "distance_series": [
        [
            0.158,
            0.157,
            0.164,
            0.165,
            0.167,
            0.183,
            0.189
        ],
        [
            0.163,
            0.157,
            0.162,
            0.165,
            0.171,
            0.195,
            0.2
        ],
        [
            0.167,
            0.164,
            0.162,
            0.171,
            0.179,
            0.208,
            0.216
        ],
        [
            0.168,
            0.162,
            0.161,
            0.166,
            0.188,
            0.215,
            0.224
        ],
        [
            0.163,
            0.16,
            0.158,
            0.165,
            0.186,
            0.216,
            0.226
        ],
        [
            0.167,
            0.161,
            0.161,
            0.166,
            0.183,
            0.209,
            0.22
        ],
        [
            0.162,
            0.158,
            0.16,
            0.166,
            0.178,
            0.196,
            0.204
        ],
        [
            0.161,
            0.159,
            0.159,
            0.167,
            0.17,
            0.187,
            0.191
        ],
        [
            0.168,
            0.161,
            0.164,
            0.166,
            0.165,
            0.167,
            0.171
        ],
        [
            0.17,
            0.168,
            0.177,
            0.183,
            0.177,
            0.166,
            0.161
        ],
        [
            0.177,
            0.177,
            0.188,
            0.192,
            0.185,
            0.175,
            0.174
        ],
        [
            0.187,
            0.189,
            0.203,
            0.21,
            0.201,
            0.19,
            0.188
        ],
        [
            0.191,
            0.196,
            0.212,
            0.224,
            0.213,
            0.208,
            0.197
        ],
        [
            0.188,
            0.186,
            0.207,
            0.22,
            0.204,
            0.202,
            0.192
        ],
        [
            0.178,
            0.172,
            0.197,
            0.201,
            0.196,
            0.191,
            0.19
        ],
        [
            0.174,
            0.168,
            0.185,
            0.182,
            0.178,
            0.179,
            0.181
        ],
        [
            0.165,
            0.165,
            0.174,
            0.171,
            0.166,
            0.169,
            0.178
        ],
        [
            0.162,
            0.164,
            0.164,
            0.161,
            0.161,
            0.166,
            0.184
        ],
        [
            0.163,
            0.169,
            0.17,
            0.16,
            0.156,
            0.163,
            0.171
        ],
        [
            0.165,
            0.168,
            0.167,
            0.163,
            0.159,
            0.159,
            0.161
        ],
        [
            0.165,
            0.161,
            0.162,
            0.161,
            0.161,
            0.159,
            0.162
        ],
        [
            0.17,
            0.162,
            0.159,
            0.158,
            0.161,
            0.159,
            0.161
        ],
        [
            0.174,
            0.166,
            0.172,
            0.166,
            0.163,
            0.161,
            0.16
        ],
        [
            0.18,
            0.17,
            0.181,
            0.181,
            0.173,
            0.173,
            0.171
        ],
        [
            0.186,
            0.178,
            0.196,
            0.198,
            0.184,
            0.186,
            0.186
        ],
        [
            0.189,
            0.183,
            0.208,
            0.213,
            0.203,
            0.203,
            0.204
        ],
        [
            0.189,
            0.188,
            0.208,
            0.216,
            0.217,
            0.222,
            0.219
        ],
        [
            0.188,
            0.184,
            0.208,
            0.215,
            0.212,
            0.205,
            0.205
        ],
        [
            0.177,
            0.176,
            0.191,
            0.203,
            0.199,
            0.198,
            0.189
        ],
        [
            0.169,
            0.17,
            0.183,
            0.187,
            0.188,
            0.182,
            0.175
        ],
        [
            0.164,
            0.165,
            0.174,
            0.177,
            0.172,
            0.163,
            0.16
        ],
        [
            0.162,
            0.163,
            0.164,
            0.166,
            0.164,
            0.164,
            0.161
        ],
        [
            0.167,
            0.17,
            0.17,
            0.166,
            0.164,
            0.162,
            0.159
        ],
        [
            0.167,
            0.173,
            0.171,
            0.167,
            0.16,
            0.163,
            0.161
        ],
        [
            0.165,
            0.166,
            0.17,
            0.165,
            0.161,
            0.16,
            0.16
        ],
        [
            0.16,
            0.162,
            0.168,
            0.161,
            0.163,
            0.166,
            0.161
        ],
        [
            0.161,
            0.152,
            0.16,
            0.16,
            0.165,
            0.162,
            0.16
        ],
        [
            0.17,
            0.159,
            0.169,
            0.171,
            0.174,
            0.164,
            0.158
        ],
        [
            0.178,
            0.168,
            0.179,
            0.184,
            0.182,
            0.169,
            0.157
        ],
        [
            0.187,
            0.186,
            0.194,
            0.196,
            0.184,
            0.162,
            0.155
        ],
        [
            0.188,
            0.19,
            0.193,
            0.193,
            0.184,
            0.169,
            0.159
        ],
        [
            0.182,
            0.18,
            0.183,
            0.183,
            0.177,
            0.168,
            0.163
        ],
        [
            0.172,
            0.173,
            0.17,
            0.173,
            0.166,
            0.167,
            0.169
        ],
        [
            0.167,
            0.17,
            0.16,
            0.164,
            0.163,
            0.17,
            0.178
        ],
        [
            0.164,
            0.168,
            0.169,
            0.172,
            0.174,
            0.181,
            0.191
        ],
        [
            0.167,
            0.172,
            0.17,
            0.182,
            0.19,
            0.189,
            0.203
        ],
        [
            0.171,
            0.174,
            0.17,
            0.194,
            0.2,
            0.199,
            0.214
        ],
        [
            0.165,
            0.171,
            0.168,
            0.202,
            0.213,
            0.212,
            0.219
        ],
        [
            0.164,
            0.169,
            0.165,
            0.195,
            0.206,
            0.214,
            0.219
        ],
        [
            0.172,
            0.167,
            0.169,
            0.187,
            0.193,
            0.208,
            0.207
        ],
        [
