{
    "event_type": "flower_visit",
    "event_id": "flower_1_20260401175007689937",
    "flower_id": "flower_1",
    "background_dist": 0.2,
    "start_time": 1775083802.489813,
    "end_time": 1775083807.689793,
    "num_scans": 78,
    "angles": [
        132,
        133,
        134,
        135,
        136,
        137,
        138
    ],
    "distance_series": [
        [
            0.153,
            0.149,
            0.153,
            0.156,
            0.154,
            0.164,
            0.146
        ],
        [
            0.149,
            0.152,
            0.152,
            0.156,
            0.154,
            0.159,
            0.142
        ],
        [
            0.147,
            0.153,
            0.151,
            0.154,
            0.155,
            0.157,
            0.139
        ],
        [
            0.145,
            0.151,
            0.15,
            0.151,
            0.156,
            0.148,
            0.148
        ],
        [
            0.144,
            0.151,
            0.148,
            0.147,
            0.152,
            0.141,
            0.145
        ],
        [
            0.148,
            0.148,
            0.141,
            0.147,
            0.148,
            0.143,
            0.155
        ],
        [
            0.148,
            0.148,
            0.143,
            0.144,
            0.144,
            0.144,
            0.159
        ],
        [
            0.152,
            0.149,
            0.15,
            0.147,
            0.148,
            0.153,
            0.159
        ],
        [
            0.152,
            0.152,
            0.152,
            0.15,
            0.146,
            0.158,
            0.159
        ],
        [
            0.151,
            0.155,
            0.158,
            0.151,
            0.148,
            0.156,
            0.158
        ],
        [
            0.153,
            0.163,
            0.163,
            0.155,
            0.151,
            0.159,
            0.156
        ],
        [
            0.151,
            0.16,
            0.16,
            0.164,
            0.15,
            0.16,
            0.159
        ],
        [
            0.151,
            0.159,
            0.157,
            0.162,
            0.158,
            0.154,
            0.162
        ],
        [
            0.152,
            0.155,
            0.154,
            0.163,
            0.157,
            0.15,
            0.153
        ],
        [
            0.149,
            0.149,
            0.15,
            0.159,
            0.154,
            0.153,
            0.149
        ],
        [
            0.145,
            0.146,
            0.148,
            0.157,
            0.152,
            0.146,
            0.146
        ],
        [
            0.145,
            0.141,
            0.145,
            0.154,
            0.148,
            0.147,
            0.144
        ],
        [
            0.142,
            0.141,
            0.143,
            0.153,
            0.149,
            0.147,
            0.142
        ],
        [
            0.144,
            0.143,
            0.147,
            0.151,
            0.152,
            0.142,
            0.145
        ],
        [
            0.143,
            0.149,
            0.149,
            0.148,
            0.153,
            0.145,
            0.143
        ],
        [
            0.147,
            0.148,
            0.155,
            0.154,
            0.16,
            0.151,
            0.145
        ],
        [
            0.152,
            0.157,
            0.158,
            0.156,
            0.163,
            0.152,
            0.149
        ],
        [
            0.156,
            0.156,
            0.161,
            0.158,
            0.161,
            0.158,
            0.157
        ],
        [
            0.161,
            0.156,
            0.166,
            0.162,
            0.162,
            0.157,
            0.161
        ],
        [
            0.161,
            0.156,
            0.163,
            0.161,
            0.166,
            0.151,
            0.156
        ],
        [
            0.16,
            0.159,
            0.164,
            0.161,
            0.165,
            0.16,
            0.157
        ],
        [
            0.158,
            0.159,
            0.16,
            0.164,
            0.164,
            0.16,
            0.165
        ],
        [
            0.154,
            0.155,
            0.155,
            0.161,
            0.162,
            0.155,
            0.162
        ],
        [
            0.151,
            0.15,
            0.152,
            0.161,
            0.156,
            0.158,
            0.164
        ],
        [
            0.145,
            0.147,
            0.151,
            0.161,
            0.157,
            0.154,
            0.161
        ],
        [
            0.144,
            0.145,
            0.15,
            0.158,
            0.156,
            0.154,
            0.156
        ],
        [
            0.142,
            0.146,
            0.153,
            0.156,
            0.157,
            0.16,
            0.158
        ],
        [
            0.142,
            0.149,
            0.153,
            0.155,
            0.157,
            0.159,
            0.153
        ],
        [
            0.141,
            0.148,
            0.153,
            0.153,
            0.157,
            0.158,
            0.151
        ],
        [
            0.142,
            0.146,
            0.15,
            0.155,
            0.158,
            0.16,
            0.156
        ],
        [
            0.146,
            0.152,
            0.154,
            0.16,
            0.158,
            0.156,
            0.156
        ],
        [
            0.148,
            0.151,
            0.153,
            0.161,
            0.165,
            0.156,
            0.159
        ],
        [
            0.146,
            0.153,
            0.156,
            0.163,
            0.167,
            0.162,
            0.161
        ],
        [
            0.151,
            0.157,
            0.156,
            0.161,
            0.168,
            0.159,
            0.158
        ],
        [
            0.151,
            0.155,
            0.153,
            0.158,
            0.165,
            0.163,
            0.159
        ],
        [
            0.151,
            0.157,
            0.155,
            0.157,
            0.165,
            0.168,
            0.162
        ],
        [
            0.156,
            0.15,
            0.156,
            0.158,
            0.164,
            0.159,
            0.159
        ],
        [
            0.152,
            0.149,
            0.152,
            0.157,
            0.162,
            0.159,
            0.16
        ],
        [
            0.149,
            0.148,
            0.153,
            0.154,
            0.165,
            0.158,
            0.164
        ],
        [
            0.147,
            0.146,
            0.146,
            0.151,
            0.158,
            0.154,
            0.158
        ],
        [
            0.144,
            0.142,
            0.147,
            0.148,
            0.152,
            0.153,
            0.157
        ],
        [
            0.147,
            0.145,
            0.148,
            0.15,
            0.154,
            0.154,
            0.159
        ],
        [
            0.151,
            0.144,
            0.148,
            0.15,
            0.154,
            0.159,
            0.153
        ],
        [
            0.152,
            0.15,
            0.152,
            0.154,
            0.155,
            0.161,
            0.164
        ],
        [
            0.157,
            0.154,
            0.151,
            0.155,
            0.162,
            0.166,
            0.165
        ],
