{
    "event_type": "flower_visit",
    "event_id": "flower_1_20260401175158422932",
    "flower_id": "flower_1",
    "background_dist": 0.2,
    "start_time": 1775083912.15655,
    "end_time": 1775083918.422749,
    "num_scans": 94,
    "angles": [
        132,
        133,
        134,
        135,
        136,
        137,
        138
    ],
    "distance_series": [
        [
            0.144,
            0.143,
            0.145,
            0.146,
            0.144,
            0.146,
            0.15
        ],
        [
            0.145,
            0.141,
            0.146,
            0.149,
            0.139,
            0.142,
            0.15
        ],
        [
            0.142,
            0.142,
            0.146,
            0.15,
            0.141,
            0.141,
            0.151
        ],
        [
            0.148,
            0.144,
            0.145,
            0.152,
            0.139,
            0.138,
            0.148
        ],
        [
            0.148,
            0.146,
            0.146,
            0.15,
            0.141,
            0.14,
            0.144
        ],
        [
            0.147,
            0.15,
            0.146,
            0.148,
            0.141,
            0.135,
            0.145
        ],
        [
            0.146,
            0.145,
            0.147,
            0.143,
            0.139,
            0.135,
            0.144
        ],
        [
            0.141,
            0.143,
            0.145,
            0.137,
            0.143,
            0.14,
            0.152
        ],
        [
            0.139,
            0.145,
            0.14,
            0.137,
            0.145,
            0.143,
            0.153
        ],
        [
            0.141,
            0.149,
            0.142,
            0.137,
            0.146,
            0.146,
            0.151
        ],
        [
            0.143,
            0.149,
            0.141,
            0.14,
            0.144,
            0.147,
            0.143
        ],
        [
            0.141,
            0.147,
            0.139,
            0.144,
            0.144,
            0.152,
            0.145
        ],
        [
            0.14,
            0.143,
            0.14,
            0.144,
            0.14,
            0.15,
            0.142
        ],
        [
            0.136,
            0.136,
            0.139,
            0.145,
            0.14,
            0.148,
            0.144
        ],
        [
            0.136,
            0.135,
            0.139,
            0.144,
            0.138,
            0.146,
            0.146
        ],
        [
            0.133,
            0.134,
            0.138,
            0.141,
            0.137,
            0.148,
            0.15
        ],
        [
            0.133,
            0.133,
            0.136,
            0.139,
            0.136,
            0.145,
            0.151
        ],
        [
            0.133,
            0.131,
            0.136,
            0.14,
            0.134,
            0.145,
            0.152
        ],
        [
            0.132,
            0.129,
            0.136,
            0.14,
            0.135,
            0.141,
            0.153
        ],
        [
            0.133,
            0.133,
            0.138,
            0.138,
            0.133,
            0.144,
            0.147
        ],
        [
            0.129,
            0.134,
            0.136,
            0.136,
            0.135,
            0.144,
            0.145
        ],
        [
            0.131,
            0.135,
            0.135,
            0.139,
            0.136,
            0.144,
            0.143
        ],
        [
            0.132,
            0.133,
            0.137,
            0.138,
            0.139,
            0.143,
            0.143
        ],
        [
            0.131,
            0.133,
            0.134,
            0.138,
            0.139,
            0.142,
            0.144
        ],
        [
            0.136,
            0.131,
            0.137,
            0.14,
            0.144,
            0.142,
            0.144
        ],
        [
            0.135,
            0.129,
            0.139,
            0.14,
            0.136,
            0.141,
            0.145
        ],
        [
            0.132,
            0.128,
            0.136,
            0.139,
            0.139,
            0.141,
            0.142
        ],
        [
            0.13,
            0.126,
            0.135,
            0.14,
            0.143,
            0.138,
            0.145
        ],
        [
            0.129,
            0.128,
            0.135,
            0.138,
            0.14,
            0.137,
            0.139
        ],
        [
            0.13,
            0.128,
            0.131,
            0.136,
            0.144,
            0.136,
            0.138
        ],
        [
            0.13,
            0.128,
            0.134,
            0.138,
            0.141,
            0.137,
            0.138
        ],
        [
            0.128,
            0.13,
            0.137,
            0.137,
            0.14,
            0.139,
            0.138
        ],
        [
            0.131,
            0.131,
            0.133,
            0.139,
            0.141,
            0.138,
            0.14
        ],
        [
            0.13,
            0.131,
            0.133,
            0.135,
            0.138,
            0.138,
            0.141
        ],
        [
            0.127,
            0.126,
            0.129,
            0.133,
            0.138,
            0.137,
            0.145
        ],
        [
            0.126,
            0.122,
            0.134,
            0.134,
            0.145,
            0.14,
            0.146
        ],
        [
            0.128,
            0.124,
            0.133,
            0.139,
            0.145,
            0.139,
            0.144
        ],
        [
            0.128,
            0.129,
            0.136,
            0.148,
            0.148,
            0.137,
            0.142
        ],
        [
            0.126,
            0.129,
            0.134,
            0.151,
            0.15,
            0.139,
            0.137
        ],
        [
            0.124,
            0.129,
            0.134,
            0.152,
            0.147,
            0.139,
            0.139
        ],
        [
            0.126,
            0.127,
            0.13,
            0.152,
            0.151,
            0.141,
            0.142
        ],
        [
            0.128,
            0.13,
            0.129,
            0.154,
            0.155,
            0.142,
            0.143
        ],
        [
            0.135,
            0.13,
            0.133,
            0.161,
            0.154,
            0.142,
            0.142
        ],
        [
            0.136,
            0.134,
            0.136,
            0.163,
            0.159,
            0.143,
            0.14
        ],
        [
            0.135,
            0.132,
            0.142,
            0.167,
            0.157,
            0.144,
            0.14
        ],
        [
            0.131,
            0.132,
            0.138,
            0.167,
            0.159,
            0.148,
            0.14
        ],
        [
            0.128,
            0.131,
            0.135,
            0.163,
            0.161,
            0.148,
            0.141
        ],
        [
            0.13,
            0.131,
            0.132,
            0.16,
            0.154,
            0.148,
            0.143
        ],
        [
            0.129,
            0.133,
            0.136,
            0.154,
            0.149,
            0.143,
            0.144
        ],
        [
            0.133,
            0.137,
            0.137,
            0.148,
            0.143,
            0.144,
            0.144
        ],
        [
