{
    "event_type": "flower_visit",
    "event_id": "flower_1_20260401173252834459",
    "flower_id": "flower_1",
    "background_dist": 0.2,
    "start_time": 1775082770.30177,
    "end_time": 1775082772.834319,
    "num_scans": 38,
    "angles": [
        132,
        133,
        134,
        135,
        136,
        137,
        138
    ],
    "distance_series": [
        [
            0.149,
            0.144,
            0.149,
            0.15,
            0.156,
            0.165,
            0.169
        ],
        [
            0.147,
            0.144,
            0.146,
            0.148,
            0.146,
            0.161,
            0.163
        ],
        [
            0.147,
            0.139,
            0.144,
            0.148,
            0.144,
            0.154,
            0.157
        ],
        [
            0.149,
            0.14,
            0.139,
            0.145,
            0.145,
            0.148,
            0.151
        ],
        [
            0.151,
            0.141,
            0.142,
            0.145,
            0.146,
            0.149,
            0.152
        ],
        [
            0.156,
            0.141,
            0.14,
            0.145,
            0.145,
            0.143,
            0.152
        ],
        [
            0.156,
            0.146,
            0.142,
            0.141,
            0.142,
            0.142,
            0.154
        ],
        [
            0.163,
            0.152,
            0.143,
            0.143,
            0.141,
            0.147,
            0.156
        ],
        [
            0.164,
            0.152,
            0.145,
            0.146,
            0.143,
            0.154,
            0.155
        ],
        [
            0.156,
            0.15,
            0.146,
            0.144,
            0.146,
            0.158,
            0.154
        ],
        [
            0.153,
            0.142,
            0.144,
            0.144,
            0.147,
            0.153,
            0.149
        ],
        [
            0.146,
            0.139,
            0.141,
            0.143,
            0.147,
            0.158,
            0.149
        ],
        [
            0.141,
            0.137,
            0.137,
            0.141,
            0.147,
            0.153,
            0.15
        ],
        [
            0.142,
            0.137,
            0.136,
            0.139,
            0.147,
            0.153,
            0.149
        ],
        [
            0.141,
            0.137,
            0.136,
            0.138,
            0.144,
            0.148,
            0.146
        ],
        [
            0.149,
            0.141,
            0.132,
            0.136,
            0.143,
            0.146,
            0.146
        ],
        [
            0.155,
            0.145,
            0.139,
            0.136,
            0.139,
            0.145,
            0.141
        ],
        [
            0.162,
            0.149,
            0.151,
            0.148,
            0.142,
            0.138,
            0.145
        ],
        [
            0.167,
            0.153,
            0.162,
            0.16,
            0.149,
            0.138,
            0.151
        ],
        [
            0.17,
            0.158,
            0.17,
            0.175,
            0.151,
            0.14,
            0.147
        ],
        [
            0.177,
            0.159,
            0.177,
            0.186,
            0.156,
            0.142,
            0.147
        ],
        [
            0.175,
            0.165,
            0.182,
            0.186,
            0.159,
            0.145,
            0.144
        ],
        [
            0.179,
            0.169,
            0.179,
            0.181,
            0.153,
            0.141,
            0.146
        ],
        [
            0.177,
            0.16,
            0.175,
            0.166,
            0.15,
            0.138,
            0.15
        ],
        [
            0.169,
            0.154,
            0.167,
            0.156,
            0.143,
            0.141,
            0.151
        ],
        [
            0.168,
            0.152,
            0.157,
            0.148,
            0.142,
            0.14,
            0.152
        ],
        [
            0.168,
            0.147,
            0.149,
            0.143,
            0.138,
            0.142,
            0.152
        ],
        [
            0.169,
            0.142,
            0.149,
            0.142,
            0.138,
            0.142,
            0.151
        ],
        [
            0.173,
            0.151,
            0.162,
            0.164,
            0.155,
            0.159,
            0.166
        ],
        [
            0.182,
            0.164,
            0.177,
            0.181,
            0.175,
            0.177,
            0.186
        ],
        [
            0.185,
            0.178,
            0.195,
            0.202,
            0.196,
            0.2,
            0.204
        ],
        [
            0.187,
            0.191,
            0.206,
            0.22,
            0.218,
            0.217,
            0.222
        ],
        [
            0.186,
            0.189,
            0.205,
            0.218,
            0.22,
            0.212,
            0.228
        ],
        [
            0.184,
            0.188,
            0.204,
            0.215,
            0.221,
            0.217,
            0.224
        ],
        [
            0.185,
            0.188,
            0.203,
            0.21,
            0.218,
            0.214,
            0.222
        ],
        [
            0.189,
            0.188,
            0.204,
            0.217,
            0.219,
            0.214,
            0.223
        ],
        [
            0.186,
            0.182,
            0.208,
            0.218,
            0.217,
            0.216,
            0.22
        ],
        [
            0.184,
            0.188,
            0.205,
            0.214,
            0.217,
            0.211,
            0.223
        ]
    ],
    "timestamp": "2026-04-01T17:32:52.834548",
    "label": "bee"
}