{
    "event_type": "flower_visit",
    "event_id": "flower_1_20260401174718292142",
    "flower_id": "flower_1",
    "background_dist": 0.2,
    "start_time": 1775083631.3593569,
    "end_time": 1775083638.29201,
    "num_scans": 104,
    "angles": [
        132,
        133,
        134,
        135,
        136,
        137,
        138
    ],
    "distance_series": [
        [
            0.155,
            0.148,
            0.155,
            0.151,
            0.156,
            0.173,
            0.177
        ],
        [
            0.153,
            0.144,
            0.156,
            0.141,
            0.147,
            0.158,
            0.162
        ],
        [
            0.148,
            0.145,
            0.145,
            0.14,
            0.144,
            0.147,
            0.148
        ],
        [
            0.143,
            0.141,
            0.137,
            0.138,
            0.134,
            0.138,
            0.143
        ],
        [
            0.14,
            0.147,
            0.138,
            0.14,
            0.139,
            0.139,
            0.142
        ],
        [
            0.14,
            0.148,
            0.145,
            0.143,
            0.137,
            0.137,
            0.144
        ],
        [
            0.144,
            0.147,
            0.147,
            0.148,
            0.139,
            0.14,
            0.142
        ],
        [
            0.147,
            0.148,
            0.14,
            0.149,
            0.142,
            0.144,
            0.148
        ],
        [
            0.145,
            0.145,
            0.148,
            0.151,
            0.147,
            0.144,
            0.151
        ],
        [
            0.146,
            0.148,
            0.144,
            0.148,
            0.152,
            0.152,
            0.153
        ],
        [
            0.147,
            0.151,
            0.145,
            0.148,
            0.15,
            0.155,
            0.159
        ],
        [
            0.145,
            0.148,
            0.143,
            0.149,
            0.15,
            0.154,
            0.156
        ],
        [
            0.141,
            0.144,
            0.136,
            0.145,
            0.15,
            0.157,
            0.152
        ],
        [
            0.143,
            0.142,
            0.137,
            0.144,
            0.149,
            0.154,
            0.149
        ],
        [
            0.137,
            0.138,
            0.135,
            0.143,
            0.15,
            0.152,
            0.145
        ],
        [
            0.141,
            0.141,
            0.14,
            0.143,
            0.15,
            0.15,
            0.141
        ],
        [
            0.145,
            0.144,
            0.146,
            0.142,
            0.151,
            0.146,
            0.14
        ],
        [
            0.143,
            0.146,
            0.15,
            0.141,
            0.148,
            0.145,
            0.143
        ],
        [
            0.146,
            0.145,
            0.152,
            0.144,
            0.15,
            0.144,
            0.147
        ],
        [
            0.144,
            0.142,
            0.153,
            0.152,
            0.148,
            0.149,
            0.148
        ],
        [
            0.142,
            0.14,
            0.149,
            0.154,
            0.153,
            0.154,
            0.149
        ],
        [
            0.145,
            0.139,
            0.146,
            0.154,
            0.154,
            0.154,
            0.146
        ],
        [
            0.149,
            0.139,
            0.144,
            0.154,
            0.155,
            0.157,
            0.15
        ],
        [
            0.149,
            0.145,
            0.147,
            0.147,
            0.152,
            0.156,
            0.152
        ],
        [
            0.151,
            0.145,
            0.146,
            0.145,
            0.148,
            0.153,
            0.155
        ],
        [
            0.151,
            0.145,
            0.145,
            0.146,
            0.149,
            0.152,
            0.158
        ],
        [
            0.147,
            0.146,
            0.143,
            0.143,
            0.147,
            0.154,
            0.151
        ],
        [
            0.148,
            0.146,
            0.143,
            0.143,
            0.15,
            0.151,
            0.144
        ],
        [
            0.145,
            0.144,
            0.144,
            0.149,
            0.149,
            0.147,
            0.142
        ],
        [
            0.142,
            0.144,
            0.146,
            0.148,
            0.147,
            0.146,
            0.142
        ],
        [
            0.139,
            0.144,
            0.147,
            0.153,
            0.15,
            0.152,
            0.147
        ],
        [
            0.139,
            0.144,
            0.147,
            0.154,
            0.154,
            0.15,
            0.155
        ],
        [
            0.141,
            0.142,
            0.146,
            0.148,
            0.15,
            0.153,
            0.158
        ],
        [
            0.144,
            0.142,
            0.143,
            0.146,
            0.151,
            0.155,
            0.162
        ],
        [
            0.149,
            0.14,
            0.143,
            0.146,
            0.153,
            0.152,
            0.16
        ],
        [
            0.154,
            0.143,
            0.143,
            0.147,
            0.153,
            0.151,
            0.159
        ],
        [
            0.152,
            0.147,
            0.148,
            0.146,
            0.154,
            0.155,
            0.157
        ],
        [
            0.151,
            0.147,
            0.148,
            0.149,
            0.15,
            0.149,
            0.157
        ],
        [
            0.152,
            0.147,
            0.149,
            0.149,
            0.146,
            0.145,
            0.154
        ],
        [
            0.149,
            0.146,
            0.15,
            0.145,
            0.144,
            0.143,
            0.158
        ],
        [
            0.148,
            0.145,
            0.148,
            0.144,
            0.147,
            0.149,
            0.158
        ],
        [
            0.146,
            0.145,
            0.146,
            0.143,
            0.147,
            0.149,
            0.155
        ],
        [
            0.142,
            0.148,
            0.147,
            0.149,
            0.15,
            0.151,
            0.157
        ],
        [
            0.146,
            0.146,
            0.143,
            0.152,
            0.15,
            0.153,
            0.157
        ],
        [
            0.143,
            0.146,
            0.145,
            0.153,
            0.151,
            0.153,
            0.155
        ],
        [
            0.14,
            0.146,
            0.148,
            0.153,
            0.155,
            0.154,
            0.154
        ],
        [
            0.139,
            0.146,
            0.145,
            0.153,
            0.157,
            0.155,
            0.153
        ],
        [
            0.135,
            0.14,
            0.15,
            0.153,
            0.152,
            0.155,
            0.152
        ],
        [
            0.139,
            0.143,
            0.151,
            0.153,
            0.149,
            0.154,
            0.152
        ],
        [
            0.138,
            0.145,
            0.151,
            0.153,
            0.152,
            0.154,
            0.151
        ],
