{
    "event_type": "flower_visit",
    "event_id": "flower_1_20260401173414368533",
    "flower_id": "flower_1",
    "background_dist": 0.2,
    "start_time": 1775082852.3015769,
    "end_time": 1775082854.368408,
    "num_scans": 31,
    "angles": [
        132,
        133,
        134,
        135,
        136,
        137,
        138
    ],
    "distance_series": [
        [
            0.156,
            0.149,
            0.136,
            0.146,
            0.153,
            0.154,
            0.156
        ],
        [
            0.159,
            0.149,
            0.141,
            0.146,
            0.153,
            0.16,
            0.158
        ],
        [
            0.163,
            0.149,
            0.144,
            0.147,
            0.151,
            0.157,
            0.16
        ],
        [
            0.16,
            0.15,
            0.146,
            0.147,
            0.146,
            0.156,
            0.158
        ],
        [
            0.158,
            0.148,
            0.147,
            0.146,
            0.144,
            0.154,
            0.157
        ],
        [
            0.159,
            0.146,
            0.146,
            0.144,
            0.144,
            0.153,
            0.155
        ],
        [
            0.153,
            0.143,
            0.141,
            0.143,
            0.143,
            0.15,
            0.152
        ],
        [
            0.151,
            0.139,
            0.14,
            0.143,
            0.142,
            0.152,
            0.15
        ],
        [
            0.145,
            0.139,
            0.138,
            0.142,
            0.144,
            0.151,
            0.149
        ],
        [
            0.144,
            0.139,
            0.138,
            0.145,
            0.144,
            0.151,
            0.146
        ],
        [
            0.143,
            0.139,
            0.14,
            0.147,
            0.15,
            0.151,
            0.148
        ],
        [
            0.145,
            0.14,
            0.142,
            0.152,
            0.154,
            0.148,
            0.143
        ],
        [
            0.147,
            0.143,
            0.146,
            0.159,
            0.156,
            0.146,
            0.144
        ],
        [
            0.145,
            0.146,
            0.15,
            0.158,
            0.159,
            0.148,
            0.146
        ],
        [
            0.144,
            0.146,
            0.148,
            0.157,
            0.158,
            0.149,
            0.147
        ],
        [
            0.145,
            0.144,
            0.148,
            0.158,
            0.16,
            0.154,
            0.151
        ],
        [
            0.141,
            0.141,
            0.149,
            0.155,
            0.158,
            0.156,
            0.15
        ],
        [
            0.14,
            0.141,
            0.143,
            0.149,
            0.153,
            0.155,
            0.149
        ],
        [
            0.146,
            0.14,
            0.138,
            0.147,
            0.151,
            0.156,
            0.15
        ],
        [
            0.144,
            0.14,
            0.137,
            0.147,
            0.147,
            0.154,
            0.148
        ],
        [
            0.148,
            0.143,
            0.138,
            0.146,
            0.145,
            0.149,
            0.144
        ],
        [
            0.158,
            0.149,
            0.143,
            0.148,
            0.149,
            0.151,
            0.163
        ],
        [
            0.165,
            0.165,
            0.164,
            0.164,
            0.171,
            0.163,
            0.184
        ],
        [
            0.178,
            0.176,
            0.181,
            0.182,
            0.188,
            0.174,
            0.2
        ],
        [
            0.191,
            0.187,
            0.2,
            0.206,
            0.205,
            0.195,
            0.223
        ],
        [
            0.191,
            0.19,
            0.216,
            0.226,
            0.219,
            0.209,
            0.225
        ],
        [
            0.188,
            0.187,
            0.211,
            0.227,
            0.222,
            0.214,
            0.226
        ],
        [
            0.187,
            0.188,
            0.212,
            0.229,
            0.226,
            0.225,
            0.225
        ],
        [
            0.189,
            0.191,
            0.211,
            0.228,
            0.225,
            0.223,
            0.221
        ],
        [
            0.188,
            0.192,
            0.21,
            0.229,
            0.227,
            0.221,
            0.221
        ],
        [
            0.188,
            0.195,
            0.207,
            0.228,
            0.219,
            0.222,
            0.225
        ]
    ],
    "timestamp": "2026-04-01T17:34:14.368607",
    "label": "bee"
}