{
    "event_type": "flower_visit",
    "event_id": "flower_1_20260401173518166718",
    "flower_id": "flower_1",
    "background_dist": 0.2,
    "start_time": 1775082915.767453,
    "end_time": 1775082918.166677,
    "num_scans": 36,
    "angles": [
        132,
        133,
        134,
        135,
        136,
        137,
        138
    ],
    "distance_series": [
        [
            0.168,
            0.168,
            0.172,
            0.175,
            0.167,
            0.161,
            0.164
        ],
        [
            0.182,
            0.176,
            0.182,
            0.184,
            0.175,
            0.165,
            0.155
        ],
        [
            0.187,
            0.183,
            0.188,
            0.192,
            0.178,
            0.16,
            0.155
        ],
        [
            0.186,
            0.18,
            0.186,
            0.186,
            0.178,
            0.16,
            0.155
        ],
        [
            0.178,
            0.175,
            0.175,
            0.174,
            0.165,
            0.156,
            0.158
        ],
        [
            0.173,
            0.172,
            0.16,
            0.157,
            0.153,
            0.154,
            0.155
        ],
        [
            0.166,
            0.162,
            0.154,
            0.152,
            0.159,
            0.155,
            0.163
        ],
        [
            0.168,
            0.166,
            0.159,
            0.156,
            0.167,
            0.167,
            0.175
        ],
        [
            0.168,
            0.168,
            0.163,
            0.158,
            0.18,
            0.178,
            0.187
        ],
        [
            0.165,
            0.17,
            0.162,
            0.164,
            0.179,
            0.181,
            0.196
        ],
        [
            0.166,
            0.168,
            0.164,
            0.164,
            0.174,
            0.179,
            0.189
        ],
        [
            0.162,
            0.16,
            0.164,
            0.164,
            0.17,
            0.171,
            0.178
        ],
        [
            0.155,
            0.154,
            0.158,
            0.163,
            0.155,
            0.158,
            0.165
        ],
        [
            0.148,
            0.15,
            0.155,
            0.158,
            0.155,
            0.149,
            0.153
        ],
        [
            0.15,
            0.145,
            0.146,
            0.156,
            0.152,
            0.144,
            0.151
        ],
        [
            0.152,
            0.151,
            0.144,
            0.148,
            0.148,
            0.143,
            0.15
        ],
        [
            0.154,
            0.151,
            0.14,
            0.145,
            0.152,
            0.15,
            0.149
        ],
        [
            0.158,
            0.151,
            0.146,
            0.149,
            0.153,
            0.155,
            0.15
        ],
        [
            0.156,
            0.154,
            0.152,
            0.156,
            0.156,
            0.16,
            0.155
        ],
        [
            0.158,
            0.155,
            0.157,
            0.159,
            0.162,
            0.163,
            0.158
        ],
        [
            0.16,
            0.157,
            0.16,
            0.161,
            0.162,
            0.16,
            0.166
        ],
        [
            0.159,
            0.158,
            0.163,
            0.163,
            0.16,
            0.165,
            0.172
        ],
        [
            0.159,
            0.163,
            0.165,
            0.162,
            0.161,
            0.164,
            0.183
        ],
        [
            0.161,
            0.162,
            0.162,
            0.161,
            0.161,
            0.159,
            0.182
        ],
        [
            0.161,
            0.165,
            0.165,
            0.16,
            0.16,
            0.156,
            0.171
        ],
        [
            0.165,
            0.161,
            0.16,
            0.159,
            0.165,
            0.156,
            0.164
        ],
        [
            0.165,
            0.159,
            0.157,
            0.156,
            0.161,
            0.158,
            0.16
        ],
        [
            0.171,
            0.162,
            0.166,
            0.172,
            0.175,
            0.173,
            0.173
        ],
        [
            0.175,
            0.168,
            0.174,
            0.19,
            0.187,
            0.186,
            0.192
        ],
        [
            0.182,
            0.18,
            0.19,
            0.201,
            0.199,
            0.199,
            0.207
        ],
        [
            0.187,
            0.192,
            0.206,
            0.218,
            0.22,
            0.216,
            0.226
        ],
        [
            0.187,
            0.189,
            0.206,
            0.218,
            0.222,
            0.217,
            0.224
        ],
        [
            0.188,
            0.188,
            0.208,
            0.215,
            0.224,
            0.216,
            0.224
        ],
        [
            0.18,
            0.183,
            0.209,
            0.218,
            0.223,
            0.217,
            0.221
        ],
        [
            0.18,
            0.182,
            0.21,
            0.219,
            0.219,
            0.222,
            0.222
        ],
        [
            0.186,
            0.18,
            0.208,
            0.223,
            0.218,
            0.216,
            0.224
        ]
    ],
    "timestamp": "2026-04-01T17:35:18.166757",
    "label": "bee"
}