{
    "event_type": "flower_visit",
    "event_id": "flower_1_20260401174648292863",
    "flower_id": "flower_1",
    "background_dist": 0.2,
    "start_time": 1775083603.492485,
    "end_time": 1775083608.2927182,
    "num_scans": 72,
    "angles": [
        132,
        133,
        134,
        135,
        136,
        137,
        138
    ],
    "distance_series": [
        [
            0.169,
            0.166,
            0.162,
            0.171,
            0.209,
            0.207,
            0.182
        ],
        [
            0.167,
            0.164,
            0.155,
            0.159,
            0.189,
            0.194,
            0.171
        ],
        [
            0.163,
            0.163,
            0.157,
            0.149,
            0.171,
            0.185,
            0.165
        ],
        [
            0.16,
            0.159,
            0.144,
            0.141,
            0.157,
            0.175,
            0.161
        ],
        [
            0.157,
            0.153,
            0.152,
            0.147,
            0.147,
            0.167,
            0.157
        ],
        [
            0.157,
            0.157,
            0.156,
            0.151,
            0.15,
            0.161,
            0.153
        ],
        [
            0.15,
            0.151,
            0.156,
            0.153,
            0.154,
            0.156,
            0.144
        ],
        [
            0.155,
            0.152,
            0.152,
            0.157,
            0.156,
            0.155,
            0.144
        ],
        [
            0.158,
            0.156,
            0.154,
            0.156,
            0.161,
            0.152,
            0.142
        ],
        [
            0.159,
            0.152,
            0.153,
            0.154,
            0.159,
            0.147,
            0.147
        ],
        [
            0.159,
            0.151,
            0.155,
            0.158,
            0.156,
            0.144,
            0.153
        ],
        [
            0.157,
            0.153,
            0.158,
            0.16,
            0.158,
            0.146,
            0.155
        ],
        [
            0.156,
            0.157,
            0.159,
            0.158,
            0.149,
            0.155,
            0.164
        ],
        [
            0.157,
            0.159,
            0.159,
            0.162,
            0.16,
            0.169,
            0.176
        ],
        [
            0.159,
            0.16,
            0.159,
            0.159,
            0.175,
            0.191,
            0.187
        ],
        [
            0.159,
            0.154,
            0.162,
            0.164,
            0.184,
            0.202,
            0.199
        ],
        [
            0.165,
            0.151,
            0.16,
            0.167,
            0.183,
            0.203,
            0.208
        ],
        [
            0.158,
            0.15,
            0.161,
            0.162,
            0.174,
            0.195,
            0.207
        ],
        [
            0.15,
            0.147,
            0.154,
            0.16,
            0.168,
            0.18,
            0.197
        ],
        [
            0.147,
            0.151,
            0.145,
            0.157,
            0.16,
            0.17,
            0.183
        ],
        [
            0.142,
            0.151,
            0.145,
            0.154,
            0.157,
            0.16,
            0.17
        ],
        [
            0.148,
            0.151,
            0.145,
            0.156,
            0.154,
            0.159,
            0.156
        ],
        [
            0.148,
            0.155,
            0.148,
            0.157,
            0.151,
            0.161,
            0.154
        ],
        [
            0.15,
            0.158,
            0.152,
            0.154,
            0.151,
            0.158,
            0.155
        ],
        [
            0.151,
            0.159,
            0.156,
            0.158,
            0.157,
            0.16,
            0.152
        ],
        [
            0.153,
            0.156,
            0.157,
            0.159,
            0.159,
            0.16,
            0.163
        ],
        [
            0.153,
            0.158,
            0.158,
            0.152,
            0.154,
            0.164,
            0.16
        ],
        [
            0.149,
            0.157,
            0.157,
            0.155,
            0.162,
            0.163,
            0.161
        ],
        [
            0.151,
            0.159,
            0.153,
            0.157,
            0.157,
            0.163,
            0.159
        ],
        [
            0.149,
            0.159,
            0.154,
            0.157,
            0.154,
            0.157,
            0.157
        ],
        [
            0.148,
            0.158,
            0.153,
            0.162,
            0.157,
            0.152,
            0.163
        ],
        [
            0.148,
            0.157,
            0.153,
            0.161,
            0.155,
            0.162,
            0.17
        ],
        [
            0.149,
            0.156,
            0.152,
            0.16,
            0.154,
            0.162,
            0.174
        ],
        [
            0.151,
            0.154,
            0.15,
            0.155,
            0.162,
            0.165,
            0.177
        ],
        [
            0.149,
            0.148,
            0.148,
            0.15,
            0.165,
            0.163,
            0.175
        ],
        [
            0.148,
            0.146,
            0.148,
            0.144,
            0.159,
            0.164,
            0.171
        ],
        [
            0.143,
            0.146,
            0.146,
            0.145,
            0.156,
            0.161,
            0.169
        ],
        [
            0.144,
            0.151,
            0.151,
            0.145,
            0.151,
            0.155,
            0.163
        ],
        [
            0.146,
            0.153,
            0.151,
            0.149,
            0.149,
            0.154,
            0.153
        ],
        [
            0.147,
            0.153,
            0.152,
            0.151,
            0.15,
            0.151,
            0.154
        ],
        [
            0.148,
            0.154,
            0.154,
            0.152,
            0.145,
            0.149,
            0.157
        ],
        [
            0.156,
            0.15,
            0.151,
            0.151,
            0.146,
            0.148,
            0.154
        ],
        [
            0.157,
            0.151,
            0.152,
            0.152,
            0.148,
            0.15,
            0.152
        ],
        [
            0.156,
            0.152,
            0.154,
            0.148,
            0.148,
            0.149,
            0.148
        ],
        [
            0.154,
            0.15,
            0.155,
            0.147,
            0.151,
            0.147,
            0.148
        ],
        [
            0.148,
            0.149,
            0.147,
            0.149,
            0.146,
            0.147,
            0.148
        ],
        [
            0.145,
            0.148,
            0.144,
            0.143,
            0.145,
            0.146,
            0.147
        ],
        [
            0.144,
            0.147,
            0.147,
            0.147,
            0.146,
            0.145,
            0.151
        ],
        [
            0.145,
            0.147,
            0.146,
            0.146,
            0.146,
            0.15,
            0.149
        ],
        [
            0.153,
            0.149,
            0.152,
            0.15,
            0.151,
            0.151,
            0.151
        ],
