{
    "event_type": "flower_visit",
    "event_id": "flower_1_20260401173057569738",
    "flower_id": "flower_1",
    "background_dist": 0.2,
    "start_time": 1775082655.4356968,
    "end_time": 1775082657.569592,
    "num_scans": 32,
    "angles": [
        132,
        133,
        134,
        135,
        136,
        137,
        138
    ],
    "distance_series": [
        [
            0.146,
            0.154,
            0.149,
            0.153,
            0.163,
            0.174,
            0.179
        ],
        [
            0.145,
            0.145,
            0.145,
            0.154,
            0.16,
            0.186,
            0.188
        ],
        [
            0.148,
            0.146,
            0.146,
            0.155,
            0.157,
            0.187,
            0.19
        ],
        [
            0.152,
            0.141,
            0.148,
            0.151,
            0.158,
            0.19,
            0.186
        ],
        [
            0.153,
            0.14,
            0.149,
            0.156,
            0.161,
            0.192,
            0.188
        ],
        [
            0.153,
            0.141,
            0.147,
            0.152,
            0.17,
            0.193,
            0.193
        ],
        [
            0.146,
            0.141,
            0.146,
            0.152,
            0.183,
            0.198,
            0.195
        ],
        [
            0.142,
            0.142,
            0.145,
            0.155,
            0.187,
            0.196,
            0.197
        ],
        [
            0.141,
            0.146,
            0.151,
            0.16,
            0.187,
            0.198,
            0.2
        ],
        [
            0.143,
            0.15,
            0.154,
            0.161,
            0.19,
            0.193,
            0.202
        ],
        [
            0.144,
            0.154,
            0.156,
            0.167,
            0.19,
            0.189,
            0.203
        ],
        [
            0.147,
            0.156,
            0.162,
            0.159,
            0.179,
            0.188,
            0.198
        ],
        [
            0.151,
            0.151,
            0.162,
            0.153,
            0.17,
            0.185,
            0.192
        ],
        [
            0.156,
            0.152,
            0.162,
            0.151,
            0.167,
            0.185,
            0.193
        ],
        [
            0.156,
            0.15,
            0.161,
            0.153,
            0.161,
            0.184,
            0.191
        ],
        [
            0.153,
            0.148,
            0.154,
            0.152,
            0.162,
            0.181,
            0.191
        ],
        [
            0.148,
            0.153,
            0.155,
            0.155,
            0.164,
            0.183,
            0.194
        ],
        [
            0.144,
            0.15,
            0.154,
            0.151,
            0.166,
            0.182,
            0.196
        ],
        [
            0.143,
            0.147,
            0.147,
            0.158,
            0.179,
            0.189,
            0.2
        ],
        [
            0.14,
            0.144,
            0.147,
            0.162,
            0.183,
            0.196,
            0.203
        ],
        [
            0.143,
            0.148,
            0.144,
            0.171,
            0.197,
            0.201,
            0.206
        ],
        [
            0.14,
            0.148,
            0.145,
            0.176,
            0.2,
            0.206,
            0.211
        ],
        [
            0.145,
            0.152,
            0.15,
            0.191,
            0.203,
            0.208,
            0.217
        ],
        [
            0.159,
            0.164,
            0.168,
            0.197,
            0.213,
            0.214,
            0.218
        ],
        [
            0.166,
            0.171,
            0.183,
            0.205,
            0.218,
            0.215,
            0.223
        ],
        [
            0.185,
            0.18,
            0.198,
            0.215,
            0.227,
            0.219,
            0.222
        ],
        [
            0.192,
            0.192,
            0.212,
            0.22,
            0.226,
            0.22,
            0.222
        ],
        [
            0.192,
            0.193,
            0.21,
            0.222,
            0.222,
            0.217,
            0.226
        ],
        [
            0.189,
            0.187,
            0.212,
            0.222,
            0.218,
            0.213,
            0.221
        ],
        [
            0.188,
            0.191,
            0.211,
            0.223,
            0.218,
            0.213,
            0.227
        ],
        [
            0.186,
            0.187,
            0.211,
            0.221,
            0.221,
            0.214,
            0.222
        ],
        [
            0.189,
            0.184,
            0.213,
            0.221,
            0.221,
            0.215,
            0.219
        ]
    ],
    "timestamp": "2026-04-01T17:30:57.569831",
    "label": "bee"
}