{
    "event_type": "flower_visit",
    "event_id": "flower_1_20260401173240968464",
    "flower_id": "flower_1",
    "background_dist": 0.2,
    "start_time": 1775082759.034912,
    "end_time": 1775082760.9683268,
    "num_scans": 29,
    "angles": [
        132,
        133,
        134,
        135,
        136,
        137,
        138
    ],
    "distance_series": [
        [
            0.191,
            0.177,
            0.175,
            0.174,
            0.156,
            0.156,
            0.151
        ],
        [
            0.187,
            0.174,
            0.182,
            0.187,
            0.171,
            0.168,
            0.154
        ],
        [
            0.18,
            0.173,
            0.179,
            0.171,
            0.162,
            0.153,
            0.147
        ],
        [
            0.172,
            0.171,
            0.175,
            0.173,
            0.163,
            0.151,
            0.148
        ],
        [
            0.163,
            0.167,
            0.169,
            0.172,
            0.162,
            0.155,
            0.158
        ],
        [
            0.155,
            0.16,
            0.157,
            0.151,
            0.146,
            0.148,
            0.152
        ],
        [
            0.152,
            0.149,
            0.148,
            0.153,
            0.143,
            0.152,
            0.154
        ],
        [
            0.164,
            0.149,
            0.158,
            0.152,
            0.147,
            0.161,
            0.157
        ],
        [
            0.167,
            0.157,
            0.174,
            0.171,
            0.164,
            0.163,
            0.158
        ],
        [
            0.181,
            0.156,
            0.182,
            0.188,
            0.17,
            0.164,
            0.162
        ],
        [
            0.191,
            0.169,
            0.197,
            0.202,
            0.187,
            0.177,
            0.169
        ],
        [
            0.19,
            0.182,
            0.196,
            0.212,
            0.199,
            0.193,
            0.176
        ],
        [
            0.192,
            0.183,
            0.199,
            0.216,
            0.199,
            0.192,
            0.172
        ],
        [
            0.188,
            0.189,
            0.205,
            0.214,
            0.209,
            0.194,
            0.168
        ],
        [
            0.189,
            0.187,
            0.204,
            0.214,
            0.211,
            0.187,
            0.165
        ],
        [
            0.183,
            0.181,
            0.2,
            0.205,
            0.2,
            0.176,
            0.155
        ],
        [
            0.184,
            0.177,
            0.188,
            0.19,
            0.179,
            0.164,
            0.143
        ],
        [
            0.186,
            0.168,
            0.177,
            0.174,
            0.167,
            0.156,
            0.149
        ],
        [
            0.173,
            0.157,
            0.158,
            0.156,
            0.153,
            0.149,
            0.154
        ],
        [
            0.177,
            0.153,
            0.153,
            0.153,
            0.149,
            0.157,
            0.166
        ],
        [
            0.175,
            0.167,
            0.17,
            0.171,
            0.162,
            0.173,
            0.187
        ],
        [
            0.178,
            0.174,
            0.183,
            0.187,
            0.181,
            0.187,
            0.203
        ],
        [
            0.189,
            0.188,
            0.198,
            0.204,
            0.202,
            0.2,
            0.217
        ],
        [
            0.191,
            0.197,
            0.206,
            0.222,
            0.219,
            0.22,
            0.227
        ],
        [
            0.189,
            0.195,
            0.204,
            0.227,
            0.223,
            0.223,
            0.22
        ],
        [
            0.189,
            0.193,
            0.203,
            0.225,
            0.221,
            0.212,
            0.221
        ],
        [
            0.192,
            0.193,
            0.204,
            0.228,
            0.217,
            0.218,
            0.221
        ],
        [
            0.191,
            0.192,
            0.21,
            0.23,
            0.217,
            0.221,
            0.217
        ],
        [
            0.194,
            0.195,
            0.212,
            0.229,
            0.219,
            0.223,
            0.221
        ]
    ],
    "timestamp": "2026-04-01T17:32:40.968554",
    "label": "bee"
}