{
    "event_type": "flower_visit",
    "event_id": "flower_1_20260401173631366691",
    "flower_id": "flower_1",
    "background_dist": 0.2,
    "start_time": 1775082989.1667352,
    "end_time": 1775082991.366545,
    "num_scans": 33,
    "angles": [
        132,
        133,
        134,
        135,
        136,
        137,
        138
    ],
    "distance_series": [
        [
            0.17,
            0.162,
            0.177,
            0.175,
            0.167,
            0.162,
            0.162
        ],
        [
            0.181,
            0.173,
            0.189,
            0.192,
            0.184,
            0.174,
            0.169
        ],
        [
            0.186,
            0.178,
            0.199,
            0.204,
            0.196,
            0.189,
            0.178
        ],
        [
            0.188,
            0.187,
            0.21,
            0.211,
            0.206,
            0.208,
            0.187
        ],
        [
            0.191,
            0.19,
            0.208,
            0.213,
            0.211,
            0.212,
            0.186
        ],
        [
            0.187,
            0.188,
            0.202,
            0.21,
            0.197,
            0.197,
            0.175
        ],
        [
            0.191,
            0.178,
            0.185,
            0.198,
            0.183,
            0.186,
            0.178
        ],
        [
            0.179,
            0.171,
            0.173,
            0.185,
            0.182,
            0.18,
            0.182
        ],
        [
            0.172,
            0.165,
            0.16,
            0.178,
            0.177,
            0.185,
            0.196
        ],
        [
            0.168,
            0.155,
            0.154,
            0.179,
            0.192,
            0.2,
            0.211
        ],
        [
            0.16,
            0.153,
            0.159,
            0.186,
            0.214,
            0.214,
            0.218
        ],
        [
            0.166,
            0.161,
            0.161,
            0.194,
            0.225,
            0.219,
            0.219
        ],
        [
            0.167,
            0.15,
            0.166,
            0.187,
            0.218,
            0.225,
            0.217
        ],
        [
            0.171,
            0.155,
            0.167,
            0.176,
            0.204,
            0.223,
            0.215
        ],
        [
            0.186,
            0.157,
            0.169,
            0.171,
            0.187,
            0.201,
            0.206
        ],
        [
            0.189,
            0.163,
            0.177,
            0.175,
            0.181,
            0.178,
            0.188
        ],
        [
            0.196,
            0.165,
            0.183,
            0.189,
            0.183,
            0.173,
            0.172
        ],
        [
            0.195,
            0.166,
            0.192,
            0.198,
            0.194,
            0.17,
            0.161
        ],
        [
            0.185,
            0.182,
            0.204,
            0.208,
            0.206,
            0.174,
            0.159
        ],
        [
            0.184,
            0.18,
            0.207,
            0.215,
            0.212,
            0.181,
            0.159
        ],
        [
            0.188,
            0.188,
            0.208,
            0.215,
            0.212,
            0.179,
            0.161
        ],
        [
            0.191,
            0.182,
            0.207,
            0.212,
            0.206,
            0.171,
            0.167
        ],
        [
            0.184,
            0.174,
            0.196,
            0.198,
            0.188,
            0.169,
            0.176
        ],
        [
            0.177,
            0.167,
            0.184,
            0.183,
            0.172,
            0.164,
            0.18
        ],
        [
            0.173,
            0.161,
            0.173,
            0.168,
            0.169,
            0.169,
            0.191
        ],
        [
            0.176,
            0.165,
            0.178,
            0.176,
            0.176,
            0.19,
            0.201
        ],
        [
            0.178,
            0.167,
            0.188,
            0.189,
            0.19,
            0.201,
            0.209
        ],
        [
            0.187,
            0.175,
            0.196,
            0.206,
            0.212,
            0.22,
            0.226
        ],
        [
            0.191,
            0.185,
            0.21,
            0.213,
            0.22,
            0.229,
            0.223
        ],
        [
            0.191,
            0.185,
            0.21,
            0.219,
            0.221,
            0.226,
            0.223
        ],
        [
            0.19,
            0.185,
            0.212,
            0.219,
            0.222,
            0.227,
            0.219
        ],
        [
            0.19,
            0.188,
            0.208,
            0.215,
            0.221,
            0.232,
            0.218
        ],
        [
            0.19,
            0.184,
            0.21,
            0.225,
            0.223,
            0.226,
            0.214
        ]
    ],
    "timestamp": "2026-04-01T17:36:31.366773",
    "label": "bee"
}