{
    "event_type": "flower_visit",
    "event_id": "flower_1_20260401174952890567",
    "flower_id": "flower_1",
    "background_dist": 0.2,
    "start_time": 1775083788.0898361,
    "end_time": 1775083792.8904269,
    "num_scans": 72,
    "angles": [
        132,
        133,
        134,
        135,
        136,
        137,
        138
    ],
    "distance_series": [
        [
            0.152,
            0.155,
            0.158,
            0.162,
            0.182,
            0.2,
            0.199
        ],
        [
            0.156,
            0.155,
            0.148,
            0.16,
            0.174,
            0.185,
            0.187
        ],
        [
            0.154,
            0.153,
            0.151,
            0.156,
            0.171,
            0.174,
            0.175
        ],
        [
            0.153,
            0.153,
            0.151,
            0.156,
            0.162,
            0.159,
            0.164
        ],
        [
            0.154,
            0.153,
            0.158,
            0.152,
            0.165,
            0.153,
            0.16
        ],
        [
            0.153,
            0.153,
            0.158,
            0.151,
            0.163,
            0.154,
            0.162
        ],
        [
            0.151,
            0.153,
            0.159,
            0.151,
            0.163,
            0.152,
            0.16
        ],
        [
            0.155,
            0.154,
            0.158,
            0.153,
            0.167,
            0.154,
            0.156
        ],
        [
            0.155,
            0.152,
            0.152,
            0.159,
            0.158,
            0.148,
            0.151
        ],
        [
            0.156,
            0.153,
            0.149,
            0.16,
            0.153,
            0.148,
            0.151
        ],
        [
            0.152,
            0.157,
            0.153,
            0.162,
            0.154,
            0.153,
            0.152
        ],
        [
            0.152,
            0.152,
            0.156,
            0.16,
            0.153,
            0.154,
            0.151
        ],
        [
            0.152,
            0.155,
            0.159,
            0.158,
            0.157,
            0.155,
            0.149
        ],
        [
            0.153,
            0.157,
            0.16,
            0.155,
            0.15,
            0.152,
            0.152
        ],
        [
            0.155,
            0.157,
            0.16,
            0.15,
            0.157,
            0.152,
            0.154
        ],
        [
            0.159,
            0.161,
            0.158,
            0.149,
            0.153,
            0.155,
            0.157
        ],
        [
            0.163,
            0.154,
            0.154,
            0.148,
            0.152,
            0.16,
            0.156
        ],
        [
            0.164,
            0.153,
            0.156,
            0.149,
            0.157,
            0.165,
            0.159
        ],
        [
            0.161,
            0.149,
            0.159,
            0.157,
            0.157,
            0.162,
            0.154
        ],
        [
            0.157,
            0.155,
            0.161,
            0.16,
            0.159,
            0.16,
            0.154
        ],
        [
            0.157,
            0.156,
            0.16,
            0.163,
            0.158,
            0.159,
            0.151
        ],
        [
            0.155,
            0.158,
            0.157,
            0.16,
            0.162,
            0.158,
            0.148
        ],
        [
            0.16,
            0.157,
            0.153,
            0.158,
            0.159,
            0.157,
            0.154
        ],
        [
            0.165,
            0.159,
            0.151,
            0.156,
            0.162,
            0.16,
            0.159
        ],
        [
            0.161,
            0.157,
            0.155,
            0.155,
            0.158,
            0.155,
            0.163
        ],
        [
            0.163,
            0.156,
            0.156,
            0.154,
            0.154,
            0.155,
            0.164
        ],
        [
            0.163,
            0.158,
            0.156,
            0.156,
            0.154,
            0.159,
            0.165
        ],
        [
            0.162,
            0.156,
            0.154,
            0.154,
            0.158,
            0.156,
            0.159
        ],
        [
            0.161,
            0.156,
            0.155,
            0.152,
            0.155,
            0.157,
            0.159
        ],
        [
            0.159,
            0.153,
            0.155,
            0.153,
            0.156,
            0.156,
            0.158
        ],
        [
            0.157,
            0.154,
            0.154,
            0.152,
            0.156,
            0.163,
            0.158
        ],
        [
            0.157,
            0.156,
            0.157,
            0.155,
            0.157,
            0.161,
            0.162
        ],
        [
            0.157,
            0.159,
            0.156,
            0.158,
            0.158,
            0.164,
            0.165
        ],
        [
            0.158,
            0.159,
            0.159,
            0.165,
            0.162,
            0.168,
            0.168
        ],
        [
            0.162,
            0.162,
            0.159,
            0.161,
            0.164,
            0.165,
            0.165
        ],
        [
            0.168,
            0.161,
            0.16,
            0.16,
            0.161,
            0.165,
            0.167
        ],
        [
            0.168,
            0.161,
            0.161,
            0.159,
            0.162,
            0.166,
            0.162
        ],
        [
            0.167,
            0.16,
            0.163,
            0.159,
            0.164,
            0.163,
            0.164
        ],
        [
            0.164,
            0.16,
            0.165,
            0.167,
            0.167,
            0.165,
            0.159
        ],
        [
            0.156,
            0.157,
            0.164,
            0.175,
            0.171,
            0.162,
            0.158
        ],
        [
            0.156,
            0.157,
            0.163,
            0.181,
            0.171,
            0.163,
            0.159
        ],
        [
            0.152,
            0.158,
            0.162,
            0.186,
            0.167,
            0.164,
            0.165
        ],
        [
            0.155,
            0.16,
            0.16,
            0.185,
            0.169,
            0.166,
            0.164
        ],
        [
            0.158,
            0.156,
            0.165,
            0.179,
            0.169,
            0.167,
            0.162
        ],
        [
            0.163,
            0.153,
            0.165,
            0.177,
            0.169,
            0.163,
            0.161
        ],
        [
            0.17,
            0.158,
            0.166,
            0.173,
            0.17,
            0.158,
            0.158
        ],
        [
            0.169,
            0.16,
            0.162,
            0.167,
            0.167,
            0.158,
            0.158
        ],
        [
            0.17,
            0.158,
            0.156,
            0.166,
            0.17,
            0.16,
            0.155
        ],
        [
            0.168,
            0.165,
            0.158,
            0.163,
            0.166,
            0.159,
            0.157
        ],
        [
            0.164,
            0.168,
            0.158,
            0.165,
            0.161,
            0.156,
            0.159
        ],
