{
    "event_type": "flower_visit",
    "event_id": "flower_1_20260401173626366329",
    "flower_id": "flower_1",
    "background_dist": 0.2,
    "start_time": 1775082984.9002619,
    "end_time": 1775082986.366189,
    "num_scans": 22,
    "angles": [
        132,
        133,
        134,
        135,
        136,
        137,
        138
    ],
    "distance_series": [
        [
            0.161,
            0.165,
            0.159,
            0.16,
            0.173,
            0.173,
            0.164
        ],
        [
            0.156,
            0.163,
            0.159,
            0.164,
            0.169,
            0.17,
            0.163
        ],
        [
            0.156,
            0.159,
            0.16,
            0.165,
            0.171,
            0.167,
            0.171
        ],
        [
            0.157,
            0.152,
            0.165,
            0.163,
            0.168,
            0.171,
            0.179
        ],
        [
            0.159,
            0.151,
            0.167,
            0.159,
            0.165,
            0.174,
            0.192
        ],
        [
            0.167,
            0.155,
            0.164,
            0.165,
            0.168,
            0.175,
            0.199
        ],
        [
            0.172,
            0.16,
            0.163,
            0.16,
            0.169,
            0.177,
            0.201
        ],
        [
            0.175,
            0.163,
            0.167,
            0.172,
            0.171,
            0.18,
            0.201
        ],
        [
            0.188,
            0.163,
            0.182,
            0.18,
            0.171,
            0.181,
            0.203
        ],
        [
            0.193,
            0.163,
            0.183,
            0.187,
            0.173,
            0.173,
            0.202
        ],
        [
            0.197,
            0.17,
            0.183,
            0.198,
            0.175,
            0.168,
            0.199
        ],
        [
            0.196,
            0.164,
            0.189,
            0.203,
            0.183,
            0.162,
            0.195
        ],
        [
            0.183,
            0.176,
            0.191,
            0.202,
            0.184,
            0.161,
            0.19
        ],
        [
            0.183,
            0.174,
            0.197,
            0.2,
            0.185,
            0.163,
            0.189
        ],
        [
            0.18,
            0.18,
            0.201,
            0.2,
            0.183,
            0.165,
            0.193
        ],
        [
            0.187,
            0.183,
            0.203,
            0.198,
            0.176,
            0.17,
            0.198
        ],
        [
            0.19,
            0.183,
            0.207,
            0.197,
            0.173,
            0.172,
            0.201
        ],
        [
            0.186,
            0.184,
            0.195,
            0.188,
            0.166,
            0.169,
            0.191
        ],
        [
            0.185,
            0.173,
            0.192,
            0.192,
            0.182,
            0.18,
            0.195
        ],
        [
            0.185,
            0.176,
            0.193,
            0.197,
            0.19,
            0.192,
            0.193
        ],
        [
            0.179,
            0.179,
            0.191,
            0.2,
            0.198,
            0.202,
            0.199
        ],
        [
            0.18,
            0.184,
            0.205,
            0.221,
            0.216,
            0.218,
            0.215
        ]
    ],
    "timestamp": "2026-04-01T17:36:26.366418",
    "label": "bee"
}