{
    "event_type": "flower_visit",
    "event_id": "flower_1_20260401173105636284",
    "flower_id": "flower_1",
    "background_dist": 0.2,
    "start_time": 1775082663.502792,
    "end_time": 1775082665.636137,
    "num_scans": 32,
    "angles": [
        132,
        133,
        134,
        135,
        136,
        137,
        138
    ],
    "distance_series": [
        [
            0.148,
            0.153,
            0.149,
            0.148,
            0.157,
            0.165,
            0.178
        ],
        [
            0.15,
            0.156,
            0.15,
            0.148,
            0.158,
            0.159,
            0.165
        ],
        [
            0.153,
            0.153,
            0.15,
            0.15,
            0.143,
            0.143,
            0.145
        ],
        [
            0.157,
            0.158,
            0.159,
            0.155,
            0.149,
            0.146,
            0.143
        ],
        [
            0.155,
            0.158,
            0.159,
            0.157,
            0.152,
            0.148,
            0.146
        ],
        [
            0.161,
            0.155,
            0.159,
            0.159,
            0.155,
            0.152,
            0.146
        ],
        [
            0.167,
            0.159,
            0.157,
            0.154,
            0.158,
            0.154,
            0.146
        ],
        [
            0.174,
            0.161,
            0.166,
            0.17,
            0.161,
            0.158,
            0.15
        ],
        [
            0.182,
            0.168,
            0.177,
            0.174,
            0.168,
            0.156,
            0.146
        ],
        [
            0.182,
            0.168,
            0.176,
            0.182,
            0.167,
            0.159,
            0.143
        ],
        [
            0.178,
            0.163,
            0.172,
            0.177,
            0.168,
            0.156,
            0.15
        ],
        [
            0.174,
            0.155,
            0.161,
            0.165,
            0.16,
            0.153,
            0.148
        ],
        [
            0.164,
            0.152,
            0.15,
            0.156,
            0.156,
            0.152,
            0.154
        ],
        [
            0.157,
            0.149,
            0.147,
            0.145,
            0.147,
            0.151,
            0.154
        ],
        [
            0.158,
            0.151,
            0.147,
            0.151,
            0.148,
            0.153,
            0.165
        ],
        [
            0.158,
            0.15,
            0.146,
            0.151,
            0.155,
            0.158,
            0.162
        ],
        [
            0.161,
            0.151,
            0.148,
            0.152,
            0.154,
            0.159,
            0.165
        ],
        [
            0.17,
            0.158,
            0.164,
            0.161,
            0.155,
            0.16,
            0.167
        ],
        [
            0.176,
            0.161,
            0.173,
            0.168,
            0.16,
            0.156,
            0.15
        ],
        [
            0.18,
            0.171,
            0.185,
            0.191,
            0.171,
            0.157,
            0.158
        ],
        [
            0.186,
            0.185,
            0.197,
            0.209,
            0.186,
            0.17,
            0.161
        ],
        [
            0.184,
            0.187,
            0.196,
            0.21,
            0.201,
            0.173,
            0.156
        ],
        [
            0.184,
            0.192,
            0.201,
            0.218,
            0.211,
            0.184,
            0.158
        ],
        [
            0.191,
            0.191,
            0.202,
            0.216,
            0.213,
            0.203,
            0.164
        ],
        [
            0.188,
            0.187,
            0.202,
            0.211,
            0.217,
            0.211,
            0.181
        ],
        [
            0.186,
            0.19,
            0.204,
            0.213,
            0.218,
            0.223,
            0.198
        ],
        [
            0.181,
            0.187,
            0.21,
            0.215,
            0.218,
            0.228,
            0.217
        ],
        [
            0.181,
            0.189,
            0.21,
            0.217,
            0.22,
            0.225,
            0.228
        ],
        [
            0.183,
            0.194,
            0.213,
            0.222,
            0.221,
            0.227,
            0.225
        ],
        [
            0.184,
            0.194,
            0.21,
            0.229,
            0.221,
            0.225,
            0.224
        ],
        [
            0.188,
            0.191,
            0.207,
            0.229,
            0.217,
            0.222,
            0.225
        ],
        [
            0.192,
            0.187,
            0.205,
            0.23,
            0.218,
            0.221,
            0.222
        ]
    ],
    "timestamp": "2026-04-01T17:31:05.636377",
    "label": "bee"
}