{
    "event_type": "flower_visit",
    "event_id": "flower_1_20260401173231034546",
    "flower_id": "flower_1",
    "background_dist": 0.2,
    "start_time": 1775082747.9685829,
    "end_time": 1775082751.034401,
    "num_scans": 46,
    "angles": [
        132,
        133,
        134,
        135,
        136,
        137,
        138
    ],
    "distance_series": [
        [
            0.166,
            0.158,
            0.17,
            0.169,
            0.162,
            0.153,
            0.157
        ],
        [
            0.168,
            0.162,
            0.168,
            0.168,
            0.163,
            0.159,
            0.155
        ],
        [
            0.172,
            0.163,
            0.161,
            0.164,
            0.163,
            0.161,
            0.158
        ],
        [
            0.171,
            0.164,
            0.161,
            0.16,
            0.158,
            0.162,
            0.157
        ],
        [
            0.168,
            0.161,
            0.159,
            0.16,
            0.161,
            0.162,
            0.154
        ],
        [
            0.165,
            0.156,
            0.156,
            0.156,
            0.161,
            0.164,
            0.159
        ],
        [
            0.154,
            0.157,
            0.152,
            0.155,
            0.162,
            0.162,
            0.158
        ],
        [
            0.147,
            0.148,
            0.148,
            0.154,
            0.165,
            0.157,
            0.16
        ],
        [
            0.146,
            0.146,
            0.146,
            0.156,
            0.167,
            0.162,
            0.157
        ],
        [
            0.146,
            0.147,
            0.149,
            0.156,
            0.167,
            0.161,
            0.153
        ],
        [
            0.146,
            0.149,
            0.152,
            0.161,
            0.163,
            0.16,
            0.152
        ],
        [
            0.144,
            0.151,
            0.153,
            0.164,
            0.16,
            0.162,
            0.154
        ],
        [
            0.143,
            0.152,
            0.15,
            0.163,
            0.158,
            0.163,
            0.155
        ],
        [
            0.145,
            0.152,
            0.147,
            0.164,
            0.154,
            0.16,
            0.154
        ],
        [
            0.154,
            0.153,
            0.148,
            0.16,
            0.155,
            0.16,
            0.155
        ],
        [
            0.157,
            0.153,
            0.15,
            0.153,
            0.151,
            0.157,
            0.155
        ],
        [
            0.163,
            0.155,
            0.151,
            0.153,
            0.151,
            0.157,
            0.152
        ],
        [
            0.167,
            0.16,
            0.152,
            0.153,
            0.153,
            0.156,
            0.158
        ],
        [
            0.171,
            0.159,
            0.158,
            0.16,
            0.157,
            0.156,
            0.158
        ],
        [
            0.168,
            0.159,
            0.163,
            0.167,
            0.159,
            0.162,
            0.158
        ],
        [
            0.163,
            0.161,
            0.167,
            0.166,
            0.16,
            0.163,
            0.154
        ],
        [
            0.159,
            0.156,
            0.161,
            0.164,
            0.16,
            0.168,
            0.152
        ],
        [
            0.153,
            0.148,
            0.155,
            0.161,
            0.159,
            0.168,
            0.155
        ],
        [
            0.151,
            0.142,
            0.149,
            0.157,
            0.163,
            0.167,
            0.157
        ],
        [
            0.153,
            0.139,
            0.146,
            0.156,
            0.162,
            0.161,
            0.158
        ],
        [
            0.149,
            0.143,
            0.148,
            0.158,
            0.163,
            0.161,
            0.156
        ],
        [
            0.145,
            0.148,
            0.149,
            0.155,
            0.16,
            0.157,
            0.157
        ],
        [
            0.143,
            0.144,
            0.149,
            0.157,
            0.156,
            0.152,
            0.156
        ],
        [
            0.141,
            0.145,
            0.152,
            0.161,
            0.153,
            0.153,
            0.152
        ],
        [
            0.146,
            0.148,
            0.153,
            0.16,
            0.156,
            0.154,
            0.147
        ],
        [
            0.145,
            0.15,
            0.153,
            0.162,
            0.161,
            0.153,
            0.144
        ],
        [
            0.147,
            0.152,
            0.153,
            0.16,
            0.159,
            0.156,
            0.147
        ],
        [
            0.154,
            0.147,
            0.15,
            0.157,
            0.159,
            0.154,
            0.152
        ],
        [
            0.15,
            0.147,
            0.147,
            0.158,
            0.159,
            0.154,
            0.153
        ],
        [
            0.152,
            0.143,
            0.143,
            0.155,
            0.161,
            0.155,
            0.157
        ],
        [
            0.154,
            0.143,
            0.145,
            0.153,
            0.16,
            0.155,
            0.15
        ],
        [
            0.154,
            0.145,
            0.151,
            0.155,
            0.156,
            0.155,
            0.157
        ],
        [
            0.165,
            0.157,
            0.167,
            0.176,
            0.168,
            0.169,
            0.176
        ],
        [
            0.173,
            0.17,
            0.184,
            0.193,
            0.187,
            0.183,
            0.193
        ],
        [
            0.177,
            0.173,
            0.197,
            0.208,
            0.201,
            0.195,
            0.212
        ],
        [
            0.182,
            0.184,
            0.207,
            0.221,
            0.218,
            0.208,
            0.217
        ],
        [
            0.181,
            0.184,
            0.205,
            0.219,
            0.219,
            0.211,
            0.217
        ],
        [
            0.181,
            0.19,
            0.203,
            0.211,
            0.217,
            0.217,
            0.216
        ],
        [
            0.182,
            0.189,
            0.206,
            0.216,
            0.218,
            0.221,
            0.218
        ],
        [
            0.179,
            0.191,
            0.206,
            0.214,
            0.223,
            0.222,
            0.218
        ],
        [
            0.184,
            0.187,
            0.206,
            0.218,
            0.218,
            0.22,
            0.216
        ]
    ],
    "timestamp": "2026-04-01T17:32:31.034634",
    "label": "bee"
}