{
    "event_type": "flower_visit",
    "event_id": "flower_1_20260401174938490715",
    "flower_id": "flower_1",
    "background_dist": 0.2,
    "start_time": 1775083771.690237,
    "end_time": 1775083778.4905732,
    "num_scans": 102,
    "angles": [
        132,
        133,
        134,
        135,
        136,
        137,
        138
    ],
    "distance_series": [
        [
            0.148,
            0.147,
            0.15,
            0.142,
            0.158,
            0.16,
            0.156
        ],
        [
            0.143,
            0.148,
            0.156,
            0.152,
            0.159,
            0.157,
            0.159
        ],
        [
            0.142,
            0.156,
            0.156,
            0.152,
            0.158,
            0.16,
            0.165
        ],
        [
            0.143,
            0.149,
            0.159,
            0.15,
            0.159,
            0.155,
            0.166
        ],
        [
            0.147,
            0.147,
            0.162,
            0.153,
            0.161,
            0.156,
            0.161
        ],
        [
            0.154,
            0.145,
            0.153,
            0.147,
            0.154,
            0.158,
            0.16
        ],
        [
            0.157,
            0.144,
            0.15,
            0.141,
            0.149,
            0.154,
            0.162
        ],
        [
            0.15,
            0.142,
            0.151,
            0.144,
            0.151,
            0.154,
            0.161
        ],
        [
            0.148,
            0.147,
            0.153,
            0.138,
            0.15,
            0.151,
            0.16
        ],
        [
            0.149,
            0.149,
            0.148,
            0.134,
            0.153,
            0.149,
            0.16
        ],
        [
            0.148,
            0.151,
            0.144,
            0.135,
            0.157,
            0.151,
            0.159
        ],
        [
            0.153,
            0.149,
            0.147,
            0.143,
            0.161,
            0.152,
            0.16
        ],
        [
            0.154,
            0.154,
            0.146,
            0.148,
            0.162,
            0.153,
            0.159
        ],
        [
            0.155,
            0.156,
            0.146,
            0.147,
            0.157,
            0.157,
            0.161
        ],
        [
            0.154,
            0.154,
            0.148,
            0.15,
            0.159,
            0.161,
            0.165
        ],
        [
            0.154,
            0.152,
            0.151,
            0.158,
            0.154,
            0.155,
            0.165
        ],
        [
            0.159,
            0.153,
            0.153,
            0.156,
            0.155,
            0.157,
            0.164
        ],
        [
            0.158,
            0.151,
            0.152,
            0.162,
            0.159,
            0.151,
            0.16
        ],
        [
            0.162,
            0.148,
            0.152,
            0.156,
            0.152,
            0.149,
            0.163
        ],
        [
            0.164,
            0.153,
            0.147,
            0.153,
            0.155,
            0.15,
            0.155
        ],
        [
            0.162,
            0.151,
            0.152,
            0.156,
            0.158,
            0.152,
            0.15
        ],
        [
            0.166,
            0.148,
            0.151,
            0.152,
            0.156,
            0.158,
            0.151
        ],
        [
            0.164,
            0.148,
            0.148,
            0.152,
            0.157,
            0.155,
            0.147
        ],
        [
            0.163,
            0.147,
            0.149,
            0.154,
            0.159,
            0.153,
            0.15
        ],
        [
            0.164,
            0.151,
            0.146,
            0.153,
            0.157,
            0.151,
            0.153
        ],
        [
            0.166,
            0.152,
            0.149,
            0.153,
            0.153,
            0.153,
            0.155
        ],
        [
            0.17,
            0.157,
            0.152,
            0.16,
            0.156,
            0.151,
            0.146
        ],
        [
            0.171,
            0.156,
            0.153,
            0.159,
            0.157,
            0.15,
            0.151
        ],
        [
            0.169,
            0.159,
            0.157,
            0.161,
            0.163,
            0.153,
            0.153
        ],
        [
            0.17,
            0.163,
            0.16,
            0.162,
            0.167,
            0.151,
            0.155
        ],
        [
            0.165,
            0.165,
            0.16,
            0.162,
            0.165,
            0.163,
            0.15
        ],
        [
            0.167,
            0.164,
            0.157,
            0.161,
            0.163,
            0.166,
            0.152
        ],
        [
            0.168,
            0.166,
            0.156,
            0.159,
            0.158,
            0.165,
            0.152
        ],
        [
            0.17,
            0.162,
            0.154,
            0.157,
            0.158,
            0.161,
            0.152
        ],
        [
            0.174,
            0.157,
            0.151,
            0.153,
            0.156,
            0.157,
            0.15
        ],
        [
            0.168,
            0.156,
            0.153,
            0.156,
            0.156,
            0.158,
            0.152
        ],
        [
            0.161,
            0.152,
            0.151,
            0.156,
            0.157,
            0.152,
            0.149
        ],
        [
            0.151,
            0.149,
            0.158,
            0.159,
            0.153,
            0.147,
            0.15
        ],
        [
            0.148,
            0.149,
            0.159,
            0.16,
            0.151,
            0.149,
            0.151
        ],
        [
            0.152,
            0.151,
            0.161,
            0.158,
            0.146,
            0.153,
            0.151
        ],
        [
            0.151,
            0.151,
            0.163,
            0.158,
            0.147,
            0.156,
            0.151
        ],
        [
            0.151,
            0.154,
            0.162,
            0.154,
            0.144,
            0.156,
            0.154
        ],
        [
            0.153,
            0.156,
            0.162,
            0.154,
            0.15,
            0.154,
            0.162
        ],
        [
            0.153,
            0.156,
            0.16,
            0.153,
            0.154,
            0.154,
            0.169
        ],
        [
            0.154,
            0.155,
            0.16,
            0.15,
            0.154,
            0.153,
            0.168
        ],
        [
            0.153,
            0.152,
            0.161,
            0.15,
            0.151,
            0.153,
            0.164
        ],
        [
            0.148,
            0.154,
            0.156,
            0.151,
            0.157,
            0.156,
            0.162
        ],
        [
            0.145,
            0.151,
            0.154,
            0.148,
            0.155,
            0.153,
            0.156
        ],
        [
            0.147,
            0.15,
            0.145,
            0.152,
            0.155,
            0.155,
            0.153
        ],
        [
            0.142,
            0.15,
            0.149,
            0.152,
            0.156,
            0.154,
            0.155
        ],
