{
    "event_type": "flower_visit",
    "event_id": "flower_1_20260401173419701311",
    "flower_id": "flower_1",
    "background_dist": 0.2,
    "start_time": 1775082857.768331,
    "end_time": 1775082859.701171,
    "num_scans": 29,
    "angles": [
        132,
        133,
        134,
        135,
        136,
        137,
        138
    ],
    "distance_series": [
        [
            0.158,
            0.154,
            0.158,
            0.162,
            0.169,
            0.176,
            0.174
        ],
        [
            0.161,
            0.158,
            0.162,
            0.156,
            0.169,
            0.18,
            0.18
        ],
        [
            0.16,
            0.16,
            0.161,
            0.168,
            0.173,
            0.186,
            0.184
        ],
        [
            0.16,
            0.159,
            0.163,
            0.163,
            0.182,
            0.186,
            0.181
        ],
        [
            0.16,
            0.157,
            0.161,
            0.158,
            0.179,
            0.187,
            0.18
        ],
        [
            0.158,
            0.157,
            0.159,
            0.15,
            0.176,
            0.181,
            0.178
        ],
        [
            0.158,
            0.152,
            0.162,
            0.151,
            0.167,
            0.173,
            0.176
        ],
        [
            0.159,
            0.154,
            0.162,
            0.148,
            0.167,
            0.177,
            0.178
        ],
        [
            0.157,
            0.153,
            0.158,
            0.156,
            0.167,
            0.176,
            0.175
        ],
        [
            0.154,
            0.155,
            0.161,
            0.165,
            0.166,
            0.169,
            0.165
        ],
        [
            0.156,
            0.156,
            0.165,
            0.165,
            0.172,
            0.167,
            0.158
        ],
        [
            0.159,
            0.158,
            0.162,
            0.165,
            0.173,
            0.161,
            0.158
        ],
        [
            0.161,
            0.161,
            0.17,
            0.162,
            0.171,
            0.158,
            0.157
        ],
        [
            0.16,
            0.161,
            0.169,
            0.17,
            0.17,
            0.161,
            0.158
        ],
        [
            0.157,
            0.156,
            0.166,
            0.163,
            0.168,
            0.162,
            0.159
        ],
        [
            0.154,
            0.154,
            0.166,
            0.164,
            0.162,
            0.162,
            0.152
        ],
        [
            0.152,
            0.151,
            0.156,
            0.163,
            0.16,
            0.16,
            0.147
        ],
        [
            0.151,
            0.146,
            0.152,
            0.162,
            0.158,
            0.157,
            0.143
        ],
        [
            0.149,
            0.145,
            0.154,
            0.16,
            0.153,
            0.15,
            0.143
        ],
        [
            0.151,
            0.15,
            0.155,
            0.168,
            0.156,
            0.154,
            0.158
        ],
        [
            0.162,
            0.158,
            0.167,
            0.18,
            0.173,
            0.174,
            0.18
        ],
        [
            0.172,
            0.168,
            0.185,
            0.191,
            0.191,
            0.191,
            0.199
        ],
        [
            0.177,
            0.178,
            0.196,
            0.21,
            0.206,
            0.21,
            0.221
        ],
        [
            0.191,
            0.19,
            0.209,
            0.228,
            0.223,
            0.22,
            0.227
        ],
        [
            0.188,
            0.188,
            0.213,
            0.225,
            0.224,
            0.218,
            0.223
        ],
        [
            0.187,
            0.19,
            0.21,
            0.228,
            0.221,
            0.213,
            0.223
        ],
        [
            0.185,
            0.194,
            0.209,
            0.222,
            0.222,
            0.22,
            0.225
        ],
        [
            0.187,
            0.196,
            0.207,
            0.22,
            0.22,
            0.215,
            0.224
        ],
        [
            0.189,
            0.192,
            0.205,
            0.22,
            0.221,
            0.222,
            0.226
        ]
    ],
    "timestamp": "2026-04-01T17:34:19.701392",
    "label": "bee"
}