{
    "event_type": "flower_visit",
    "event_id": "flower_1_20260401175127089380",
    "flower_id": "flower_1",
    "background_dist": 0.2,
    "start_time": 1775083880.422755,
    "end_time": 1775083887.0892422,
    "num_scans": 100,
    "angles": [
        132,
        133,
        134,
        135,
        136,
        137,
        138
    ],
    "distance_series": [
        [
            0.134,
            0.14,
            0.138,
            0.147,
            0.148,
            0.146,
            0.143
        ],
        [
            0.136,
            0.141,
            0.138,
            0.152,
            0.159,
            0.155,
            0.142
        ],
        [
            0.138,
            0.143,
            0.142,
            0.163,
            0.169,
            0.168,
            0.143
        ],
        [
            0.138,
            0.144,
            0.144,
            0.163,
            0.181,
            0.172,
            0.144
        ],
        [
            0.139,
            0.146,
            0.145,
            0.168,
            0.171,
            0.164,
            0.143
        ],
        [
            0.141,
            0.147,
            0.149,
            0.161,
            0.159,
            0.151,
            0.142
        ],
        [
            0.133,
            0.145,
            0.145,
            0.151,
            0.147,
            0.14,
            0.141
        ],
        [
            0.139,
            0.144,
            0.139,
            0.143,
            0.134,
            0.138,
            0.141
        ],
        [
            0.138,
            0.138,
            0.137,
            0.137,
            0.139,
            0.145,
            0.138
        ],
        [
            0.133,
            0.135,
            0.136,
            0.138,
            0.145,
            0.142,
            0.138
        ],
        [
            0.13,
            0.135,
            0.138,
            0.142,
            0.149,
            0.14,
            0.136
        ],
        [
            0.128,
            0.134,
            0.141,
            0.144,
            0.149,
            0.139,
            0.136
        ],
        [
            0.127,
            0.135,
            0.141,
            0.141,
            0.147,
            0.137,
            0.143
        ],
        [
            0.131,
            0.141,
            0.139,
            0.139,
            0.143,
            0.145,
            0.143
        ],
        [
            0.137,
            0.141,
            0.139,
            0.143,
            0.141,
            0.144,
            0.146
        ],
        [
            0.143,
            0.142,
            0.141,
            0.146,
            0.146,
            0.148,
            0.145
        ],
        [
            0.144,
            0.146,
            0.141,
            0.144,
            0.146,
            0.148,
            0.143
        ],
        [
            0.144,
            0.141,
            0.14,
            0.146,
            0.146,
            0.147,
            0.141
        ],
        [
            0.143,
            0.14,
            0.139,
            0.146,
            0.154,
            0.152,
            0.14
        ],
        [
            0.143,
            0.144,
            0.139,
            0.155,
            0.154,
            0.154,
            0.144
        ],
        [
            0.138,
            0.144,
            0.14,
            0.153,
            0.156,
            0.153,
            0.145
        ],
        [
            0.139,
            0.142,
            0.137,
            0.158,
            0.159,
            0.148,
            0.142
        ],
        [
            0.137,
            0.139,
            0.14,
            0.158,
            0.153,
            0.147,
            0.139
        ],
        [
            0.134,
            0.135,
            0.139,
            0.149,
            0.144,
            0.145,
            0.138
        ],
        [
            0.147,
            0.133,
            0.142,
            0.145,
            0.145,
            0.144,
            0.141
        ],
        [
            0.149,
            0.135,
            0.141,
            0.145,
            0.145,
            0.144,
            0.144
        ],
        [
            0.166,
            0.147,
            0.151,
            0.15,
            0.15,
            0.143,
            0.146
        ],
        [
            0.169,
            0.16,
            0.162,
            0.165,
            0.163,
            0.152,
            0.147
        ],
        [
            0.176,
            0.176,
            0.172,
            0.18,
            0.181,
            0.166,
            0.147
        ],
        [
            0.166,
            0.175,
            0.178,
            0.194,
            0.196,
            0.181,
            0.154
        ],
        [
            0.156,
            0.175,
            0.182,
            0.204,
            0.203,
            0.197,
            0.159
        ],
        [
            0.153,
            0.166,
            0.174,
            0.201,
            0.204,
            0.199,
            0.159
        ],
        [
            0.15,
            0.166,
            0.171,
            0.198,
            0.204,
            0.19,
            0.156
        ],
        [
            0.159,
            0.17,
            0.173,
            0.188,
            0.191,
            0.177,
            0.151
        ],
        [
            0.161,
            0.158,
            0.163,
            0.18,
            0.174,
            0.157,
            0.14
        ],
        [
            0.154,
            0.151,
            0.153,
            0.164,
            0.158,
            0.15,
            0.137
        ],
        [
            0.149,
            0.138,
            0.144,
            0.148,
            0.143,
            0.141,
            0.137
        ],
        [
            0.145,
            0.133,
            0.137,
            0.146,
            0.146,
            0.144,
            0.141
        ],
        [
            0.145,
            0.13,
            0.14,
            0.148,
            0.142,
            0.143,
            0.142
        ],
        [
            0.147,
            0.139,
            0.143,
            0.148,
            0.141,
            0.142,
            0.144
        ],
        [
            0.158,
            0.134,
            0.144,
            0.147,
            0.143,
            0.149,
            0.146
        ],
        [
            0.155,
            0.138,
            0.144,
            0.15,
            0.146,
            0.147,
            0.144
        ],
        [
            0.154,
            0.142,
            0.151,
            0.157,
            0.148,
            0.149,
            0.143
        ],
        [
            0.15,
            0.136,
            0.152,
            0.167,
            0.152,
            0.15,
            0.143
        ],
        [
            0.141,
            0.143,
            0.149,
            0.165,
            0.148,
            0.144,
            0.141
        ],
        [
            0.135,
            0.139,
            0.148,
            0.164,
            0.145,
            0.141,
            0.142
        ],
        [
            0.133,
            0.134,
            0.138,
            0.15,
            0.139,
            0.141,
            0.146
        ],
        [
            0.131,
            0.136,
            0.133,
            0.137,
            0.136,
            0.143,
            0.143
        ],
        [
            0.131,
            0.135,
            0.134,
            0.14,
            0.138,
            0.138,
            0.143
        ],
        [
            0.132,
            0.132,
            0.136,
            0.141,
            0.142,
            0.14,
            0.145
        ],
