{
    "event_type": "flower_visit",
    "event_id": "flower_1_20260401173424568593",
    "flower_id": "flower_1",
    "background_dist": 0.2,
    "start_time": 1775082862.701654,
    "end_time": 1775082864.568449,
    "num_scans": 28,
    "angles": [
        132,
        133,
        134,
        135,
        136,
        137,
        138
    ],
    "distance_series": [
        [
            0.159,
            0.16,
            0.163,
            0.159,
            0.165,
            0.175,
            0.19
        ],
        [
            0.16,
            0.17,
            0.163,
            0.156,
            0.162,
            0.167,
            0.183
        ],
        [
            0.162,
            0.162,
            0.163,
            0.157,
            0.158,
            0.156,
            0.167
        ],
        [
            0.163,
            0.16,
            0.162,
            0.159,
            0.158,
            0.154,
            0.16
        ],
        [
            0.164,
            0.157,
            0.16,
            0.157,
            0.16,
            0.154,
            0.151
        ],
        [
            0.163,
            0.156,
            0.158,
            0.153,
            0.16,
            0.153,
            0.154
        ],
        [
            0.168,
            0.155,
            0.154,
            0.149,
            0.159,
            0.155,
            0.157
        ],
        [
            0.173,
            0.154,
            0.152,
            0.149,
            0.161,
            0.154,
            0.157
        ],
        [
            0.171,
            0.155,
            0.151,
            0.153,
            0.162,
            0.152,
            0.155
        ],
        [
            0.168,
            0.155,
            0.154,
            0.155,
            0.16,
            0.154,
            0.153
        ],
        [
            0.166,
            0.159,
            0.158,
            0.16,
            0.162,
            0.157,
            0.156
        ],
        [
            0.165,
            0.154,
            0.159,
            0.162,
            0.157,
            0.157,
            0.159
        ],
        [
            0.167,
            0.155,
            0.161,
            0.164,
            0.159,
            0.162,
            0.158
        ],
        [
            0.168,
            0.159,
            0.16,
            0.168,
            0.154,
            0.163,
            0.157
        ],
        [
            0.167,
            0.163,
            0.158,
            0.168,
            0.159,
            0.166,
            0.156
        ],
        [
            0.172,
            0.165,
            0.159,
            0.169,
            0.158,
            0.165,
            0.159
        ],
        [
            0.176,
            0.168,
            0.159,
            0.167,
            0.161,
            0.17,
            0.162
        ],
        [
            0.171,
            0.173,
            0.161,
            0.167,
            0.166,
            0.171,
            0.159
        ],
        [
            0.174,
            0.166,
            0.162,
            0.165,
            0.17,
            0.166,
            0.159
        ],
        [
            0.167,
            0.16,
            0.16,
            0.16,
            0.167,
            0.166,
            0.156
        ],
        [
            0.165,
            0.165,
            0.172,
            0.175,
            0.181,
            0.177,
            0.172
        ],
        [
            0.175,
            0.168,
            0.183,
            0.187,
            0.196,
            0.188,
            0.19
        ],
        [
            0.177,
            0.176,
            0.19,
            0.202,
            0.206,
            0.201,
            0.211
        ],
        [
            0.19,
            0.187,
            0.205,
            0.226,
            0.216,
            0.215,
            0.231
        ],
        [
            0.192,
            0.187,
            0.205,
            0.227,
            0.218,
            0.219,
            0.23
        ],
        [
            0.19,
            0.191,
            0.207,
            0.224,
            0.218,
            0.213,
            0.227
        ],
        [
            0.185,
            0.188,
            0.212,
            0.219,
            0.216,
            0.213,
            0.228
        ],
        [
            0.184,
            0.185,
            0.211,
            0.219,
            0.22,
            0.222,
            0.226
        ]
    ],
    "timestamp": "2026-04-01T17:34:24.568679",
    "label": "bee"
}