{
    "event_type": "flower_visit",
    "event_id": "flower_1_20260401175205555868",
    "flower_id": "flower_1",
    "background_dist": 0.2,
    "start_time": 1775083919.955389,
    "end_time": 1775083925.555728,
    "num_scans": 84,
    "angles": [
        132,
        133,
        134,
        135,
        136,
        137,
        138
    ],
    "distance_series": [
        [
            0.137,
            0.136,
            0.144,
            0.142,
            0.139,
            0.142,
            0.135
        ],
        [
            0.136,
            0.136,
            0.143,
            0.145,
            0.14,
            0.141,
            0.136
        ],
        [
            0.136,
            0.136,
            0.138,
            0.147,
            0.142,
            0.139,
            0.138
        ],
        [
            0.139,
            0.137,
            0.141,
            0.147,
            0.142,
            0.136,
            0.141
        ],
        [
            0.142,
            0.139,
            0.14,
            0.147,
            0.143,
            0.135,
            0.142
        ],
        [
            0.146,
            0.139,
            0.139,
            0.141,
            0.145,
            0.134,
            0.139
        ],
        [
            0.155,
            0.136,
            0.136,
            0.143,
            0.147,
            0.14,
            0.141
        ],
        [
            0.156,
            0.14,
            0.136,
            0.144,
            0.148,
            0.142,
            0.138
        ],
        [
            0.156,
            0.144,
            0.137,
            0.14,
            0.144,
            0.147,
            0.14
        ],
        [
            0.161,
            0.142,
            0.134,
            0.136,
            0.141,
            0.146,
            0.14
        ],
        [
            0.159,
            0.144,
            0.136,
            0.135,
            0.139,
            0.146,
            0.138
        ],
        [
            0.159,
            0.142,
            0.135,
            0.136,
            0.141,
            0.142,
            0.139
        ],
        [
            0.154,
            0.134,
            0.135,
            0.143,
            0.14,
            0.134,
            0.143
        ],
        [
            0.145,
            0.135,
            0.138,
            0.146,
            0.138,
            0.133,
            0.144
        ],
        [
            0.139,
            0.136,
            0.14,
            0.142,
            0.135,
            0.137,
            0.137
        ],
        [
            0.135,
            0.142,
            0.141,
            0.144,
            0.131,
            0.144,
            0.146
        ],
        [
            0.139,
            0.145,
            0.14,
            0.143,
            0.134,
            0.152,
            0.145
        ],
        [
            0.142,
            0.147,
            0.138,
            0.141,
            0.137,
            0.156,
            0.141
        ],
        [
            0.143,
            0.142,
            0.139,
            0.137,
            0.139,
            0.152,
            0.143
        ],
        [
            0.14,
            0.141,
            0.14,
            0.136,
            0.141,
            0.143,
            0.137
        ],
        [
            0.147,
            0.139,
            0.139,
            0.14,
            0.141,
            0.138,
            0.139
        ],
        [
            0.151,
            0.141,
            0.139,
            0.14,
            0.14,
            0.135,
            0.135
        ],
        [
            0.153,
            0.138,
            0.141,
            0.139,
            0.139,
            0.136,
            0.129
        ],
        [
            0.157,
            0.146,
            0.141,
            0.137,
            0.132,
            0.137,
            0.134
        ],
        [
            0.149,
            0.149,
            0.141,
            0.135,
            0.134,
            0.137,
            0.14
        ],
        [
            0.146,
            0.141,
            0.141,
            0.134,
            0.132,
            0.139,
            0.135
        ],
        [
            0.142,
            0.145,
            0.138,
            0.138,
            0.136,
            0.139,
            0.135
        ],
        [
            0.147,
            0.136,
            0.135,
            0.139,
            0.141,
            0.134,
            0.136
        ],
        [
            0.15,
            0.142,
            0.134,
            0.139,
            0.143,
            0.137,
            0.139
        ],
        [
            0.146,
            0.144,
            0.136,
            0.142,
            0.143,
            0.137,
            0.141
        ],
        [
            0.145,
            0.136,
            0.137,
            0.141,
            0.143,
            0.137,
            0.15
        ],
        [
            0.139,
            0.141,
            0.139,
            0.14,
            0.14,
            0.144,
            0.15
        ],
        [
            0.144,
            0.137,
            0.137,
            0.135,
            0.139,
            0.137,
            0.146
        ],
        [
            0.148,
            0.139,
            0.133,
            0.132,
            0.141,
            0.135,
            0.138
        ],
        [
            0.156,
            0.142,
            0.133,
            0.129,
            0.145,
            0.134,
            0.137
        ],
        [
            0.161,
            0.136,
            0.131,
            0.132,
            0.144,
            0.128,
            0.13
        ],
        [
            0.154,
            0.139,
            0.131,
            0.141,
            0.141,
            0.131,
            0.13
        ],
        [
            0.153,
            0.133,
            0.132,
            0.14,
            0.139,
            0.13,
            0.132
        ],
        [
            0.143,
            0.136,
            0.129,
            0.141,
            0.134,
            0.128,
            0.127
        ],
        [
            0.14,
            0.135,
            0.128,
            0.138,
            0.13,
            0.127,
            0.128
        ],
        [
            0.145,
            0.141,
            0.123,
            0.134,
            0.132,
            0.127,
            0.131
        ],
        [
            0.147,
            0.145,
            0.124,
            0.131,
            0.132,
            0.129,
            0.129
        ],
        [
            0.151,
            0.142,
            0.124,
            0.133,
            0.136,
            0.13,
            0.133
        ],
        [
            0.157,
            0.148,
            0.129,
            0.133,
            0.141,
            0.135,
            0.132
        ],
        [
            0.161,
            0.143,
            0.133,
            0.133,
            0.138,
            0.138,
            0.133
        ],
        [
            0.16,
            0.14,
            0.139,
            0.135,
            0.146,
            0.139,
            0.132
        ],
        [
            0.162,
            0.144,
            0.142,
            0.139,
            0.142,
            0.144,
            0.141
        ],
        [
            0.156,
            0.142,
            0.14,
            0.139,
            0.141,
            0.147,
            0.145
        ],
        [
            0.155,
            0.141,
            0.141,
            0.136,
            0.14,
            0.145,
            0.148
        ],
        [
            0.15,
            0.14,
            0.134,
            0.138,
            0.144,
            0.14,
            0.152
        ],
        [
