{
    "event_type": "flower_visit",
    "event_id": "flower_1_20260401174725626086",
    "flower_id": "flower_1",
    "background_dist": 0.2,
    "start_time": 1775083639.424856,
    "end_time": 1775083645.6259441,
    "num_scans": 93,
    "angles": [
        132,
        133,
        134,
        135,
        136,
        137,
        138
    ],
    "distance_series": [
        [
            0.154,
            0.153,
            0.156,
            0.159,
            0.16,
            0.158,
            0.152
        ],
        [
            0.149,
            0.151,
            0.151,
            0.155,
            0.16,
            0.161,
            0.156
        ],
        [
            0.152,
            0.148,
            0.148,
            0.153,
            0.156,
            0.157,
            0.155
        ],
        [
            0.15,
            0.147,
            0.146,
            0.151,
            0.157,
            0.157,
            0.158
        ],
        [
            0.144,
            0.142,
            0.146,
            0.149,
            0.152,
            0.157,
            0.155
        ],
        [
            0.147,
            0.141,
            0.146,
            0.152,
            0.147,
            0.155,
            0.152
        ],
        [
            0.144,
            0.142,
            0.147,
            0.152,
            0.149,
            0.157,
            0.147
        ],
        [
            0.144,
            0.143,
            0.148,
            0.153,
            0.149,
            0.155,
            0.146
        ],
        [
            0.143,
            0.143,
            0.148,
            0.151,
            0.149,
            0.156,
            0.153
        ],
        [
            0.146,
            0.145,
            0.152,
            0.153,
            0.152,
            0.159,
            0.154
        ],
        [
            0.146,
            0.146,
            0.15,
            0.158,
            0.155,
            0.162,
            0.16
        ],
        [
            0.149,
            0.146,
            0.15,
            0.163,
            0.159,
            0.161,
            0.156
        ],
        [
            0.153,
            0.145,
            0.153,
            0.159,
            0.163,
            0.163,
            0.156
        ],
        [
            0.151,
            0.148,
            0.15,
            0.159,
            0.162,
            0.16,
            0.154
        ],
        [
            0.154,
            0.146,
            0.15,
            0.153,
            0.161,
            0.163,
            0.152
        ],
        [
            0.152,
            0.148,
            0.15,
            0.15,
            0.16,
            0.161,
            0.153
        ],
        [
            0.15,
            0.145,
            0.151,
            0.152,
            0.158,
            0.162,
            0.151
        ],
        [
            0.15,
            0.142,
            0.15,
            0.152,
            0.157,
            0.161,
            0.153
        ],
        [
            0.146,
            0.142,
            0.151,
            0.152,
            0.155,
            0.156,
            0.152
        ],
        [
            0.148,
            0.139,
            0.149,
            0.152,
            0.152,
            0.155,
            0.155
        ],
        [
            0.146,
            0.14,
            0.145,
            0.15,
            0.148,
            0.153,
            0.154
        ],
        [
            0.147,
            0.142,
            0.145,
            0.15,
            0.151,
            0.152,
            0.153
        ],
        [
            0.148,
            0.144,
            0.148,
            0.153,
            0.156,
            0.156,
            0.153
        ],
        [
            0.151,
            0.147,
            0.147,
            0.155,
            0.16,
            0.157,
            0.152
        ],
        [
            0.156,
            0.143,
            0.15,
            0.158,
            0.162,
            0.158,
            0.151
        ],
        [
            0.155,
            0.149,
            0.154,
            0.155,
            0.159,
            0.159,
            0.154
        ],
        [
            0.157,
            0.151,
            0.155,
            0.157,
            0.16,
            0.163,
            0.154
        ],
        [
            0.154,
            0.149,
            0.158,
            0.158,
            0.161,
            0.164,
            0.154
        ],
        [
            0.156,
            0.15,
            0.158,
            0.157,
            0.163,
            0.161,
            0.153
        ],
        [
            0.151,
            0.151,
            0.153,
            0.158,
            0.161,
            0.159,
            0.153
        ],
        [
            0.148,
            0.149,
            0.15,
            0.155,
            0.159,
            0.15,
            0.152
        ],
        [
            0.147,
            0.15,
            0.152,
            0.15,
            0.152,
            0.15,
            0.15
        ],
        [
            0.144,
            0.15,
            0.152,
            0.147,
            0.148,
            0.143,
            0.149
        ],
        [
            0.143,
            0.148,
            0.146,
            0.144,
            0.147,
            0.146,
            0.148
        ],
        [
            0.143,
            0.15,
            0.148,
            0.15,
            0.15,
            0.151,
            0.15
        ],
        [
            0.145,
            0.146,
            0.144,
            0.155,
            0.151,
            0.151,
            0.151
        ],
        [
            0.146,
            0.147,
            0.145,
            0.154,
            0.158,
            0.153,
            0.156
        ],
        [
            0.148,
            0.145,
            0.146,
            0.154,
            0.16,
            0.154,
            0.156
        ],
        [
            0.15,
            0.143,
            0.144,
            0.152,
            0.156,
            0.152,
            0.155
        ],
        [
            0.15,
            0.148,
            0.148,
            0.15,
            0.156,
            0.157,
            0.156
        ],
        [
            0.15,
            0.15,
            0.152,
            0.152,
            0.154,
            0.157,
            0.16
        ],
        [
            0.154,
            0.148,
            0.156,
            0.154,
            0.154,
            0.156,
            0.16
        ],
        [
            0.148,
            0.147,
            0.161,
            0.156,
            0.155,
            0.158,
            0.16
        ],
        [
            0.146,
            0.147,
            0.157,
            0.157,
            0.152,
            0.156,
            0.157
        ],
        [
            0.145,
            0.146,
            0.155,
            0.154,
            0.15,
            0.153,
            0.155
        ],
        [
            0.143,
            0.143,
            0.152,
            0.151,
            0.15,
            0.153,
            0.151
        ],
        [
            0.142,
            0.143,
            0.151,
            0.146,
            0.15,
            0.152,
            0.152
        ],
        [
            0.139,
            0.142,
            0.152,
            0.142,
            0.151,
            0.153,
            0.153
        ],
        [
            0.141,
            0.141,
            0.152,
            0.144,
            0.156,
            0.154,
            0.151
        ],
        [
            0.144,
            0.14,
            0.149,
            0.144,
            0.153,
            0.156,
            0.154
        ],
        [
