{
    "event_type": "flower_visit",
    "event_id": "flower_1_20260401174350695498",
    "flower_id": "flower_1",
    "background_dist": 0.2,
    "start_time": 1775083423.6942122,
    "end_time": 1775083430.695362,
    "num_scans": 105,
    "angles": [
        132,
        133,
        134,
        135,
        136,
        137,
        138
    ],
    "distance_series": [
        [
            0.166,
            0.161,
            0.162,
            0.167,
            0.165,
            0.173,
            0.17
        ],
        [
            0.165,
            0.165,
            0.162,
            0.167,
            0.173,
            0.177,
            0.172
        ],
        [
            0.163,
            0.169,
            0.164,
            0.172,
            0.173,
            0.179,
            0.178
        ],
        [
            0.165,
            0.17,
            0.164,
            0.168,
            0.175,
            0.177,
            0.177
        ],
        [
            0.166,
            0.17,
            0.163,
            0.169,
            0.173,
            0.178,
            0.176
        ],
        [
            0.169,
            0.166,
            0.161,
            0.166,
            0.169,
            0.175,
            0.176
        ],
        [
            0.168,
            0.164,
            0.162,
            0.164,
            0.164,
            0.172,
            0.172
        ],
        [
            0.165,
            0.16,
            0.158,
            0.165,
            0.165,
            0.172,
            0.17
        ],
        [
            0.164,
            0.16,
            0.16,
            0.164,
            0.162,
            0.17,
            0.167
        ],
        [
            0.166,
            0.158,
            0.161,
            0.166,
            0.164,
            0.175,
            0.169
        ],
        [
            0.168,
            0.161,
            0.163,
            0.169,
            0.167,
            0.173,
            0.169
        ],
        [
            0.171,
            0.164,
            0.168,
            0.17,
            0.17,
            0.167,
            0.172
        ],
        [
            0.171,
            0.166,
            0.17,
            0.173,
            0.172,
            0.171,
            0.173
        ],
        [
            0.169,
            0.169,
            0.175,
            0.176,
            0.172,
            0.169,
            0.171
        ],
        [
            0.164,
            0.171,
            0.174,
            0.173,
            0.17,
            0.17,
            0.174
        ],
        [
            0.163,
            0.171,
            0.175,
            0.171,
            0.171,
            0.172,
            0.169
        ],
        [
            0.159,
            0.17,
            0.171,
            0.17,
            0.175,
            0.173,
            0.172
        ],
        [
            0.159,
            0.17,
            0.168,
            0.168,
            0.18,
            0.171,
            0.163
        ],
        [
            0.162,
            0.168,
            0.167,
            0.165,
            0.177,
            0.174,
            0.164
        ],
        [
            0.159,
            0.167,
            0.169,
            0.166,
            0.175,
            0.178,
            0.17
        ],
        [
            0.16,
            0.164,
            0.166,
            0.166,
            0.172,
            0.175,
            0.17
        ],
        [
            0.163,
            0.164,
            0.168,
            0.17,
            0.172,
            0.179,
            0.172
        ],
        [
            0.161,
            0.158,
            0.169,
            0.168,
            0.174,
            0.177,
            0.175
        ],
        [
            0.16,
            0.16,
            0.168,
            0.165,
            0.174,
            0.174,
            0.175
        ],
        [
            0.159,
            0.158,
            0.172,
            0.168,
            0.175,
            0.17,
            0.171
        ],
        [
            0.158,
            0.157,
            0.171,
            0.168,
            0.178,
            0.175,
            0.169
        ],
        [
            0.162,
            0.157,
            0.17,
            0.171,
            0.175,
            0.175,
            0.172
        ],
        [
            0.162,
            0.156,
            0.167,
            0.169,
            0.175,
            0.179,
            0.171
        ],
        [
            0.16,
            0.154,
            0.165,
            0.17,
            0.173,
            0.177,
            0.173
        ],
        [
            0.162,
            0.155,
            0.163,
            0.168,
            0.167,
            0.173,
            0.174
        ],
        [
            0.161,
            0.153,
            0.161,
            0.166,
            0.165,
            0.172,
            0.17
        ],
        [
            0.159,
            0.153,
            0.163,
            0.168,
            0.171,
            0.175,
            0.171
        ],
        [
            0.159,
            0.154,
            0.16,
            0.169,
            0.169,
            0.174,
            0.172
        ],
        [
            0.156,
            0.154,
            0.159,
            0.167,
            0.165,
            0.173,
            0.169
        ],
        [
            0.154,
            0.155,
            0.158,
            0.165,
            0.166,
            0.17,
            0.169
        ],
        [
            0.159,
            0.159,
            0.158,
            0.161,
            0.166,
            0.17,
            0.171
        ],
        [
            0.161,
            0.158,
            0.16,
            0.159,
            0.168,
            0.17,
            0.173
        ],
        [
            0.163,
            0.162,
            0.16,
            0.16,
            0.171,
            0.169,
            0.17
        ],
        [
            0.165,
            0.16,
            0.155,
            0.158,
            0.172,
            0.172,
            0.171
        ],
        [
            0.162,
            0.158,
            0.154,
            0.157,
            0.17,
            0.172,
            0.171
        ],
        [
            0.16,
            0.157,
            0.15,
            0.158,
            0.174,
            0.169,
            0.168
        ],
        [
            0.159,
            0.157,
            0.152,
            0.16,
            0.173,
            0.17,
            0.168
        ],
        [
            0.158,
            0.159,
            0.157,
            0.166,
            0.173,
            0.168,
            0.164
        ],
        [
            0.161,
            0.156,
            0.156,
            0.167,
            0.17,
            0.166,
            0.164
        ],
        [
            0.159,
            0.156,
            0.159,
            0.164,
            0.163,
            0.166,
            0.165
        ],
        [
            0.161,
            0.16,
            0.159,
            0.163,
            0.161,
            0.164,
            0.164
        ],
        [
            0.167,
            0.162,
            0.161,
            0.161,
            0.161,
            0.162,
            0.162
        ],
        [
            0.172,
            0.164,
            0.165,
            0.165,
            0.163,
            0.162,
            0.161
        ],
        [
            0.176,
            0.173,
            0.169,
            0.168,
            0.164,
            0.161,
            0.162
        ],
        [
            0.174,
            0.177,
            0.172,
            0.172,
            0.165,
            0.162,
            0.162
        ],
        [
