{
    "event_type": "flower_visit",
    "event_id": "flower_1_20260401172947303732",
    "flower_id": "flower_1",
    "background_dist": 0.2,
    "start_time": 1775082585.6365771,
    "end_time": 1775082587.3035898,
    "num_scans": 25,
    "angles": [
        132,
        133,
        134,
        135,
        136,
        137,
        138
    ],
    "distance_series": [
        [
            0.149,
            0.15,
            0.16,
            0.158,
            0.158,
            0.146,
            0.146
        ],
        [
            0.154,
            0.149,
            0.157,
            0.16,
            0.159,
            0.153,
            0.144
        ],
        [
            0.157,
            0.149,
            0.156,
            0.16,
            0.16,
            0.157,
            0.145
        ],
        [
            0.162,
            0.152,
            0.153,
            0.157,
            0.162,
            0.158,
            0.145
        ],
        [
            0.165,
            0.155,
            0.151,
            0.153,
            0.163,
            0.162,
            0.153
        ],
        [
            0.172,
            0.159,
            0.153,
            0.149,
            0.159,
            0.161,
            0.155
        ],
        [
            0.171,
            0.161,
            0.154,
            0.148,
            0.156,
            0.157,
            0.158
        ],
        [
            0.176,
            0.156,
            0.156,
            0.146,
            0.15,
            0.158,
            0.147
        ],
        [
            0.173,
            0.156,
            0.153,
            0.145,
            0.145,
            0.156,
            0.145
        ],
        [
            0.168,
            0.155,
            0.15,
            0.144,
            0.147,
            0.153,
            0.146
        ],
        [
            0.167,
            0.153,
            0.149,
            0.147,
            0.149,
            0.153,
            0.146
        ],
        [
            0.161,
            0.153,
            0.147,
            0.147,
            0.15,
            0.154,
            0.153
        ],
        [
            0.158,
            0.151,
            0.143,
            0.148,
            0.152,
            0.155,
            0.152
        ],
        [
            0.153,
            0.149,
            0.146,
            0.149,
            0.157,
            0.154,
            0.15
        ],
        [
            0.156,
            0.149,
            0.146,
            0.151,
            0.154,
            0.155,
            0.15
        ],
        [
            0.156,
            0.155,
            0.145,
            0.154,
            0.159,
            0.165,
            0.164
        ],
        [
            0.163,
            0.161,
            0.161,
            0.169,
            0.176,
            0.177,
            0.182
        ],
        [
            0.174,
            0.171,
            0.177,
            0.192,
            0.191,
            0.193,
            0.2
        ],
        [
            0.184,
            0.179,
            0.193,
            0.206,
            0.205,
            0.206,
            0.218
        ],
        [
            0.187,
            0.185,
            0.209,
            0.225,
            0.225,
            0.216,
            0.227
        ],
        [
            0.189,
            0.188,
            0.21,
            0.225,
            0.225,
            0.216,
            0.231
        ],
        [
            0.183,
            0.186,
            0.208,
            0.217,
            0.225,
            0.217,
            0.226
        ],
        [
            0.183,
            0.189,
            0.209,
            0.218,
            0.224,
            0.215,
            0.222
        ],
        [
            0.179,
            0.192,
            0.208,
            0.217,
            0.221,
            0.215,
            0.225
        ],
        [
            0.19,
            0.194,
            0.21,
            0.218,
            0.222,
            0.218,
            0.223
        ]
    ],
    "timestamp": "2026-04-01T17:29:47.303818",
    "label": "bee"
}