{
    "event_type": "flower_visit",
    "event_id": "flower_1_20260401173031170030",
    "flower_id": "flower_1",
    "background_dist": 0.2,
    "start_time": 1775082629.236848,
    "end_time": 1775082631.169891,
    "num_scans": 29,
    "angles": [
        132,
        133,
        134,
        135,
        136,
        137,
        138
    ],
    "distance_series": [
        [
            0.147,
            0.147,
            0.159,
            0.163,
            0.158,
            0.164,
            0.146
        ],
        [
            0.146,
            0.149,
            0.152,
            0.164,
            0.157,
            0.162,
            0.15
        ],
        [
            0.149,
            0.149,
            0.151,
            0.165,
            0.166,
            0.165,
            0.152
        ],
        [
            0.149,
            0.149,
            0.148,
            0.161,
            0.166,
            0.168,
            0.159
        ],
        [
            0.154,
            0.149,
            0.151,
            0.162,
            0.164,
            0.166,
            0.161
        ],
        [
            0.155,
            0.152,
            0.15,
            0.167,
            0.166,
            0.167,
            0.16
        ],
        [
            0.155,
            0.151,
            0.152,
            0.162,
            0.165,
            0.169,
            0.162
        ],
        [
            0.152,
            0.149,
            0.153,
            0.16,
            0.166,
            0.162,
            0.157
        ],
        [
            0.151,
            0.147,
            0.148,
            0.158,
            0.168,
            0.165,
            0.16
        ],
        [
            0.152,
            0.145,
            0.144,
            0.152,
            0.163,
            0.164,
            0.163
        ],
        [
            0.148,
            0.143,
            0.141,
            0.149,
            0.159,
            0.162,
            0.162
        ],
        [
            0.147,
            0.142,
            0.138,
            0.148,
            0.152,
            0.16,
            0.16
        ],
        [
            0.146,
            0.143,
            0.142,
            0.145,
            0.151,
            0.161,
            0.16
        ],
        [
            0.15,
            0.143,
            0.143,
            0.149,
            0.15,
            0.159,
            0.156
        ],
        [
            0.149,
            0.148,
            0.147,
            0.151,
            0.152,
            0.156,
            0.155
        ],
        [
            0.152,
            0.148,
            0.148,
            0.148,
            0.156,
            0.157,
            0.164
        ],
        [
            0.152,
            0.149,
            0.147,
            0.152,
            0.157,
            0.159,
            0.164
        ],
        [
            0.15,
            0.148,
            0.148,
            0.153,
            0.155,
            0.163,
            0.165
        ],
        [
            0.152,
            0.144,
            0.145,
            0.149,
            0.156,
            0.162,
            0.165
        ],
        [
            0.156,
            0.151,
            0.159,
            0.163,
            0.169,
            0.177,
            0.174
        ],
        [
            0.166,
            0.162,
            0.177,
            0.181,
            0.187,
            0.19,
            0.194
        ],
        [
            0.175,
            0.177,
            0.192,
            0.205,
            0.203,
            0.209,
            0.208
        ],
        [
            0.185,
            0.192,
            0.206,
            0.224,
            0.215,
            0.222,
            0.223
        ],
        [
            0.193,
            0.192,
            0.205,
            0.226,
            0.22,
            0.228,
            0.225
        ],
        [
            0.192,
            0.191,
            0.207,
            0.228,
            0.216,
            0.228,
            0.223
        ],
        [
            0.189,
            0.19,
            0.212,
            0.23,
            0.216,
            0.221,
            0.223
        ],
        [
            0.189,
            0.189,
            0.211,
            0.231,
            0.218,
            0.222,
            0.225
        ],
        [
            0.187,
            0.188,
            0.213,
            0.226,
            0.215,
            0.221,
            0.225
        ],
        [
            0.184,
            0.187,
            0.21,
            0.224,
            0.217,
            0.221,
            0.227
        ]
    ],
    "timestamp": "2026-04-01T17:30:31.170122",
    "label": "bee"
}