{
    "event_type": "flower_visit",
    "event_id": "flower_1_20260401175150955775",
    "flower_id": "flower_1",
    "background_dist": 0.2,
    "start_time": 1775083905.4897332,
    "end_time": 1775083910.9556448,
    "num_scans": 82,
    "angles": [
        132,
        133,
        134,
        135,
        136,
        137,
        138
    ],
    "distance_series": [
        [
            0.164,
            0.171,
            0.159,
            0.153,
            0.174,
            0.205,
            0.186
        ],
        [
            0.16,
            0.153,
            0.155,
            0.149,
            0.172,
            0.196,
            0.174
        ],
        [
            0.151,
            0.151,
            0.151,
            0.155,
            0.172,
            0.186,
            0.163
        ],
        [
            0.146,
            0.146,
            0.152,
            0.157,
            0.162,
            0.172,
            0.156
        ],
        [
            0.149,
            0.143,
            0.152,
            0.156,
            0.158,
            0.16,
            0.156
        ],
        [
            0.153,
            0.148,
            0.152,
            0.151,
            0.155,
            0.161,
            0.15
        ],
        [
            0.155,
            0.146,
            0.15,
            0.151,
            0.153,
            0.155,
            0.151
        ],
        [
            0.152,
            0.15,
            0.152,
            0.148,
            0.15,
            0.158,
            0.148
        ],
        [
            0.15,
            0.151,
            0.151,
            0.145,
            0.148,
            0.155,
            0.149
        ],
        [
            0.152,
            0.15,
            0.151,
            0.143,
            0.146,
            0.154,
            0.15
        ],
        [
            0.154,
            0.151,
            0.15,
            0.143,
            0.145,
            0.153,
            0.149
        ],
        [
            0.152,
            0.151,
            0.148,
            0.144,
            0.141,
            0.151,
            0.149
        ],
        [
            0.156,
            0.15,
            0.147,
            0.146,
            0.145,
            0.148,
            0.147
        ],
        [
            0.153,
            0.147,
            0.148,
            0.159,
            0.154,
            0.149,
            0.151
        ],
        [
            0.153,
            0.149,
            0.151,
            0.168,
            0.164,
            0.15,
            0.152
        ],
        [
            0.156,
            0.151,
            0.155,
            0.178,
            0.177,
            0.16,
            0.156
        ],
        [
            0.162,
            0.153,
            0.165,
            0.192,
            0.183,
            0.166,
            0.159
        ],
        [
            0.163,
            0.153,
            0.165,
            0.193,
            0.189,
            0.173,
            0.159
        ],
        [
            0.164,
            0.154,
            0.16,
            0.192,
            0.195,
            0.177,
            0.162
        ],
        [
            0.161,
            0.153,
            0.158,
            0.191,
            0.2,
            0.179,
            0.16
        ],
        [
            0.155,
            0.15,
            0.151,
            0.182,
            0.199,
            0.181,
            0.159
        ],
        [
            0.149,
            0.146,
            0.147,
            0.167,
            0.199,
            0.175,
            0.16
        ],
        [
            0.146,
            0.142,
            0.143,
            0.158,
            0.191,
            0.172,
            0.155
        ],
        [
            0.14,
            0.139,
            0.142,
            0.148,
            0.178,
            0.16,
            0.153
        ],
        [
            0.143,
            0.137,
            0.143,
            0.144,
            0.168,
            0.155,
            0.147
        ],
        [
            0.14,
            0.138,
            0.143,
            0.142,
            0.156,
            0.147,
            0.147
        ],
        [
            0.141,
            0.142,
            0.143,
            0.143,
            0.15,
            0.151,
            0.15
        ],
        [
            0.141,
            0.141,
            0.144,
            0.147,
            0.15,
            0.147,
            0.152
        ],
        [
            0.14,
            0.141,
            0.144,
            0.147,
            0.144,
            0.147,
            0.156
        ],
        [
            0.14,
            0.142,
            0.143,
            0.15,
            0.143,
            0.151,
            0.159
        ],
        [
            0.142,
            0.141,
            0.143,
            0.147,
            0.143,
            0.145,
            0.157
        ],
        [
            0.145,
            0.142,
            0.144,
            0.147,
            0.145,
            0.144,
            0.155
        ],
        [
            0.14,
            0.144,
            0.146,
            0.145,
            0.146,
            0.142,
            0.156
        ],
        [
            0.139,
            0.143,
            0.143,
            0.148,
            0.145,
            0.142,
            0.152
        ],
        [
            0.141,
            0.144,
            0.142,
            0.147,
            0.145,
            0.145,
            0.152
        ],
        [
            0.142,
            0.145,
            0.144,
            0.145,
            0.146,
            0.147,
            0.152
        ],
        [
            0.143,
            0.15,
            0.144,
            0.149,
            0.151,
            0.15,
            0.148
        ],
        [
            0.147,
            0.149,
            0.144,
            0.144,
            0.149,
            0.15,
            0.15
        ],
        [
            0.149,
            0.15,
            0.149,
            0.146,
            0.148,
            0.146,
            0.148
        ],
        [
            0.146,
            0.147,
            0.144,
            0.148,
            0.148,
            0.148,
            0.15
        ],
        [
            0.148,
            0.149,
            0.146,
            0.148,
            0.145,
            0.149,
            0.15
        ],
        [
            0.146,
            0.144,
            0.147,
            0.147,
            0.146,
            0.15,
            0.149
        ],
        [
            0.148,
            0.147,
            0.146,
            0.147,
            0.143,
            0.151,
            0.149
        ],
        [
            0.151,
            0.147,
            0.148,
            0.146,
            0.143,
            0.148,
            0.148
        ],
        [
            0.149,
            0.147,
            0.142,
            0.147,
            0.144,
            0.144,
            0.145
        ],
        [
            0.149,
            0.146,
            0.145,
            0.147,
            0.144,
            0.146,
            0.144
        ],
        [
            0.152,
            0.149,
            0.148,
            0.147,
            0.146,
            0.151,
            0.144
        ],
        [
            0.156,
            0.151,
            0.147,
            0.144,
            0.147,
            0.154,
            0.148
        ],
        [
            0.162,
            0.161,
            0.152,
            0.147,
            0.154,
            0.162,
            0.152
        ],
        [
            0.163,
            0.163,
            0.153,
            0.151,
            0.164,
            0.17,
            0.158
        ],
        [
