{
    "event_type": "flower_visit",
    "event_id": "flower_1_20260401173019903010",
    "flower_id": "flower_1",
    "background_dist": 0.2,
    "start_time": 1775082617.569609,
    "end_time": 1775082619.902945,
    "num_scans": 35,
    "angles": [
        132,
        133,
        134,
        135,
        136,
        137,
        138
    ],
    "distance_series": [
        [
            0.15,
            0.152,
            0.155,
            0.154,
            0.159,
            0.158,
            0.15
        ],
        [
            0.149,
            0.147,
            0.15,
            0.155,
            0.163,
            0.159,
            0.151
        ],
        [
            0.149,
            0.147,
            0.145,
            0.155,
            0.161,
            0.16,
            0.153
        ],
        [
            0.145,
            0.144,
            0.146,
            0.151,
            0.157,
            0.153,
            0.155
        ],
        [
            0.143,
            0.145,
            0.144,
            0.153,
            0.151,
            0.15,
            0.147
        ],
        [
            0.145,
            0.149,
            0.151,
            0.156,
            0.15,
            0.146,
            0.142
        ],
        [
            0.148,
            0.154,
            0.153,
            0.157,
            0.151,
            0.14,
            0.14
        ],
        [
            0.152,
            0.152,
            0.161,
            0.153,
            0.145,
            0.14,
            0.139
        ],
        [
            0.155,
            0.157,
            0.162,
            0.154,
            0.144,
            0.142,
            0.144
        ],
        [
            0.156,
            0.158,
            0.162,
            0.149,
            0.142,
            0.141,
            0.144
        ],
        [
            0.148,
            0.155,
            0.162,
            0.152,
            0.148,
            0.142,
            0.144
        ],
        [
            0.146,
            0.153,
            0.161,
            0.156,
            0.151,
            0.143,
            0.147
        ],
        [
            0.146,
            0.152,
            0.161,
            0.156,
            0.153,
            0.149,
            0.146
        ],
        [
            0.148,
            0.146,
            0.156,
            0.157,
            0.157,
            0.151,
            0.146
        ],
        [
            0.151,
            0.144,
            0.152,
            0.159,
            0.162,
            0.152,
            0.148
        ],
        [
            0.147,
            0.139,
            0.146,
            0.155,
            0.164,
            0.158,
            0.15
        ],
        [
            0.149,
            0.138,
            0.141,
            0.153,
            0.166,
            0.162,
            0.148
        ],
        [
            0.146,
            0.137,
            0.141,
            0.151,
            0.161,
            0.162,
            0.152
        ],
        [
            0.143,
            0.137,
            0.14,
            0.151,
            0.157,
            0.16,
            0.148
        ],
        [
            0.142,
            0.142,
            0.144,
            0.151,
            0.157,
            0.155,
            0.14
        ],
        [
            0.139,
            0.147,
            0.148,
            0.151,
            0.157,
            0.149,
            0.14
        ],
        [
            0.139,
            0.15,
            0.153,
            0.15,
            0.155,
            0.146,
            0.139
        ],
        [
            0.141,
            0.157,
            0.156,
            0.16,
            0.157,
            0.151,
            0.151
        ],
        [
            0.145,
            0.158,
            0.158,
            0.161,
            0.155,
            0.153,
            0.155
        ],
        [
            0.147,
            0.161,
            0.158,
            0.162,
            0.149,
            0.153,
            0.153
        ],
        [
            0.149,
            0.162,
            0.161,
            0.164,
            0.161,
            0.166,
            0.17
        ],
        [
            0.16,
            0.171,
            0.173,
            0.175,
            0.176,
            0.18,
            0.179
        ],
        [
            0.169,
            0.176,
            0.181,
            0.187,
            0.196,
            0.196,
            0.197
        ],
        [
            0.174,
            0.18,
            0.197,
            0.202,
            0.213,
            0.213,
            0.216
        ],
        [
            0.185,
            0.189,
            0.205,
            0.214,
            0.22,
            0.215,
            0.222
        ],
        [
            0.187,
            0.189,
            0.206,
            0.218,
            0.219,
            0.219,
            0.222
        ],
        [
            0.185,
            0.189,
            0.209,
            0.219,
            0.222,
            0.219,
            0.22
        ],
        [
            0.185,
            0.195,
            0.207,
            0.219,
            0.226,
            0.214,
            0.222
        ],
        [
            0.181,
            0.193,
            0.208,
            0.221,
            0.224,
            0.213,
            0.224
        ],
        [
            0.183,
            0.192,
            0.207,
            0.22,
            0.226,
            0.21,
            0.223
        ]
    ],
    "timestamp": "2026-04-01T17:30:19.903058",
    "label": "bee"
}