{
    "event_type": "flower_visit",
    "event_id": "flower_1_20260401173000769809",
    "flower_id": "flower_1",
    "background_dist": 0.2,
    "start_time": 1775082597.903614,
    "end_time": 1775082600.769668,
    "num_scans": 43,
    "angles": [
        132,
        133,
        134,
        135,
        136,
        137,
        138
    ],
    "distance_series": [
        [
            0.157,
            0.152,
            0.143,
            0.156,
            0.157,
            0.154,
            0.146
        ],
        [
            0.156,
            0.151,
            0.143,
            0.153,
            0.153,
            0.158,
            0.146
        ],
        [
            0.159,
            0.151,
            0.147,
            0.155,
            0.156,
            0.158,
            0.147
        ],
        [
            0.16,
            0.152,
            0.151,
            0.159,
            0.157,
            0.159,
            0.147
        ],
        [
            0.165,
            0.15,
            0.155,
            0.161,
            0.154,
            0.157,
            0.155
        ],
        [
            0.169,
            0.153,
            0.162,
            0.164,
            0.154,
            0.158,
            0.163
        ],
        [
            0.167,
            0.157,
            0.162,
            0.168,
            0.158,
            0.159,
            0.173
        ],
        [
            0.165,
            0.162,
            0.171,
            0.177,
            0.158,
            0.16,
            0.182
        ],
        [
            0.171,
            0.166,
            0.182,
            0.187,
            0.162,
            0.161,
            0.19
        ],
        [
            0.177,
            0.171,
            0.189,
            0.192,
            0.163,
            0.164,
            0.195
        ],
        [
            0.183,
            0.172,
            0.2,
            0.192,
            0.165,
            0.161,
            0.198
        ],
        [
            0.187,
            0.17,
            0.2,
            0.188,
            0.163,
            0.168,
            0.202
        ],
        [
            0.184,
            0.17,
            0.198,
            0.18,
            0.156,
            0.18,
            0.206
        ],
        [
            0.179,
            0.169,
            0.194,
            0.173,
            0.162,
            0.191,
            0.207
        ],
        [
            0.175,
            0.167,
            0.192,
            0.167,
            0.17,
            0.203,
            0.21
        ],
        [
            0.171,
            0.171,
            0.183,
            0.161,
            0.168,
            0.212,
            0.216
        ],
        [
            0.173,
            0.166,
            0.173,
            0.156,
            0.171,
            0.207,
            0.211
        ],
        [
            0.168,
            0.163,
            0.166,
            0.156,
            0.17,
            0.202,
            0.208
        ],
        [
            0.172,
            0.158,
            0.159,
            0.156,
            0.165,
            0.194,
            0.204
        ],
        [
            0.169,
            0.162,
            0.16,
            0.157,
            0.163,
            0.185,
            0.198
        ],
        [
            0.169,
            0.163,
            0.16,
            0.157,
            0.163,
            0.179,
            0.191
        ],
        [
            0.168,
            0.158,
            0.163,
            0.159,
            0.158,
            0.167,
            0.186
        ],
        [
            0.165,
            0.16,
            0.164,
            0.161,
            0.159,
            0.167,
            0.183
        ],
        [
            0.167,
            0.154,
            0.17,
            0.169,
            0.161,
            0.168,
            0.191
        ],
        [
            0.167,
            0.154,
            0.178,
            0.18,
            0.168,
            0.166,
            0.193
        ],
        [
            0.17,
            0.155,
            0.189,
            0.19,
            0.172,
            0.166,
            0.195
        ],
        [
            0.17,
            0.161,
            0.194,
            0.19,
            0.171,
            0.16,
            0.197
        ],
        [
            0.171,
            0.166,
            0.196,
            0.187,
            0.161,
            0.161,
            0.199
        ],
        [
            0.172,
            0.168,
            0.198,
            0.184,
            0.161,
            0.17,
            0.202
        ],
        [
            0.171,
            0.178,
            0.198,
            0.174,
            0.159,
            0.179,
            0.203
        ],
        [
            0.175,
            0.175,
            0.192,
            0.169,
            0.158,
            0.188,
            0.209
        ],
        [
            0.175,
            0.174,
            0.179,
            0.165,
            0.155,
            0.19,
            0.204
        ],
        [
            0.165,
            0.168,
            0.172,
            0.165,
            0.156,
            0.183,
            0.188
        ],
        [
            0.163,
            0.155,
            0.165,
            0.164,
            0.155,
            0.188,
            0.186
        ],
        [
            0.16,
            0.163,
            0.172,
            0.182,
            0.174,
            0.194,
            0.189
        ],
        [
            0.166,
            0.172,
            0.185,
            0.195,
            0.195,
            0.199,
            0.203
        ],
        [
            0.177,
            0.183,
            0.197,
            0.208,
            0.207,
            0.215,
            0.221
        ],
        [
            0.185,
            0.194,
            0.208,
            0.217,
            0.221,
            0.217,
            0.222
        ],
        [
            0.186,
            0.193,
            0.211,
            0.208,
            0.22,
            0.22,
            0.219
        ],
        [
            0.186,
            0.199,
            0.208,
            0.211,
            0.215,
            0.216,
            0.217
        ],
        [
            0.189,
            0.192,
            0.209,
            0.215,
            0.219,
            0.217,
            0.22
        ],
        [
            0.192,
            0.192,
            0.211,
            0.222,
            0.221,
            0.218,
            0.224
        ],
        [
            0.191,
            0.192,
            0.21,
            0.217,
            0.22,
            0.216,
            0.222
        ]
    ],
    "timestamp": "2026-04-01T17:30:00.769896",
    "label": "bee"
}