{
    "event_type": "flower_visit",
    "event_id": "flower_1_20260401173237701717",
    "flower_id": "flower_1",
    "background_dist": 0.2,
    "start_time": 1775082755.767921,
    "end_time": 1775082757.7015831,
    "num_scans": 29,
    "angles": [
        132,
        133,
        134,
        135,
        136,
        137,
        138
    ],
    "distance_series": [
        [
            0.142,
            0.151,
            0.148,
            0.165,
            0.166,
            0.167,
            0.173
        ],
        [
            0.141,
            0.148,
            0.149,
            0.153,
            0.153,
            0.149,
            0.152
        ],
        [
            0.137,
            0.145,
            0.152,
            0.148,
            0.147,
            0.136,
            0.137
        ],
        [
            0.144,
            0.146,
            0.155,
            0.154,
            0.154,
            0.151,
            0.144
        ],
        [
            0.153,
            0.144,
            0.151,
            0.154,
            0.161,
            0.159,
            0.157
        ],
        [
            0.155,
            0.143,
            0.146,
            0.155,
            0.16,
            0.167,
            0.157
        ],
        [
            0.163,
            0.151,
            0.147,
            0.154,
            0.166,
            0.167,
            0.164
        ],
        [
            0.166,
            0.151,
            0.152,
            0.156,
            0.162,
            0.157,
            0.158
        ],
        [
            0.162,
            0.151,
            0.153,
            0.154,
            0.155,
            0.156,
            0.155
        ],
        [
            0.164,
            0.152,
            0.156,
            0.154,
            0.15,
            0.151,
            0.154
        ],
        [
            0.163,
            0.148,
            0.154,
            0.155,
            0.145,
            0.149,
            0.148
        ],
        [
            0.155,
            0.143,
            0.15,
            0.15,
            0.146,
            0.148,
            0.147
        ],
        [
            0.159,
            0.144,
            0.147,
            0.149,
            0.149,
            0.147,
            0.149
        ],
        [
            0.151,
            0.139,
            0.141,
            0.144,
            0.144,
            0.148,
            0.154
        ],
        [
            0.142,
            0.131,
            0.138,
            0.144,
            0.147,
            0.146,
            0.15
        ],
        [
            0.144,
            0.134,
            0.135,
            0.141,
            0.15,
            0.148,
            0.155
        ],
        [
            0.137,
            0.135,
            0.139,
            0.143,
            0.15,
            0.148,
            0.145
        ],
        [
            0.138,
            0.136,
            0.14,
            0.14,
            0.153,
            0.148,
            0.143
        ],
        [
            0.143,
            0.139,
            0.142,
            0.146,
            0.15,
            0.151,
            0.144
        ],
        [
            0.15,
            0.142,
            0.154,
            0.154,
            0.153,
            0.15,
            0.142
        ],
        [
            0.159,
            0.155,
            0.169,
            0.175,
            0.165,
            0.173,
            0.163
        ],
        [
            0.175,
            0.167,
            0.186,
            0.192,
            0.186,
            0.19,
            0.185
        ],
        [
            0.187,
            0.183,
            0.2,
            0.212,
            0.204,
            0.204,
            0.204
        ],
        [
            0.189,
            0.193,
            0.205,
            0.223,
            0.218,
            0.218,
            0.225
        ],
        [
            0.191,
            0.196,
            0.206,
            0.223,
            0.221,
            0.216,
            0.224
        ],
        [
            0.192,
            0.195,
            0.205,
            0.224,
            0.215,
            0.219,
            0.223
        ],
        [
            0.19,
            0.187,
            0.206,
            0.221,
            0.213,
            0.217,
            0.227
        ],
        [
            0.188,
            0.18,
            0.207,
            0.218,
            0.215,
            0.226,
            0.225
        ],
        [
            0.187,
            0.178,
            0.205,
            0.215,
            0.22,
            0.219,
            0.223
        ]
    ],
    "timestamp": "2026-04-01T17:32:37.701807",
    "label": "bee"
}