{
    "event_type": "flower_visit",
    "event_id": "flower_1_20260401173622099900",
    "flower_id": "flower_1",
    "background_dist": 0.2,
    "start_time": 1775082979.9668212,
    "end_time": 1775082982.0997498,
    "num_scans": 32,
    "angles": [
        132,
        133,
        134,
        135,
        136,
        137,
        138
    ],
    "distance_series": [
        [
            0.153,
            0.159,
            0.156,
            0.154,
            0.159,
            0.162,
            0.168
        ],
        [
            0.15,
            0.154,
            0.151,
            0.155,
            0.156,
            0.16,
            0.161
        ],
        [
            0.148,
            0.156,
            0.152,
            0.152,
            0.155,
            0.158,
            0.16
        ],
        [
            0.146,
            0.156,
            0.155,
            0.149,
            0.151,
            0.152,
            0.157
        ],
        [
            0.152,
            0.157,
            0.159,
            0.15,
            0.154,
            0.15,
            0.154
        ],
        [
            0.153,
            0.156,
            0.159,
            0.147,
            0.153,
            0.147,
            0.154
        ],
        [
            0.16,
            0.156,
            0.152,
            0.147,
            0.154,
            0.147,
            0.153
        ],
        [
            0.161,
            0.156,
            0.153,
            0.153,
            0.159,
            0.152,
            0.152
        ],
        [
            0.161,
            0.157,
            0.156,
            0.155,
            0.158,
            0.155,
            0.155
        ],
        [
            0.163,
            0.158,
            0.159,
            0.156,
            0.158,
            0.156,
            0.161
        ],
        [
            0.154,
            0.158,
            0.162,
            0.163,
            0.158,
            0.159,
            0.166
        ],
        [
            0.157,
            0.16,
            0.161,
            0.162,
            0.158,
            0.158,
            0.169
        ],
        [
            0.152,
            0.156,
            0.16,
            0.159,
            0.157,
            0.159,
            0.17
        ],
        [
            0.152,
            0.155,
            0.157,
            0.16,
            0.156,
            0.156,
            0.165
        ],
        [
            0.152,
            0.152,
            0.153,
            0.153,
            0.153,
            0.157,
            0.163
        ],
        [
            0.152,
            0.148,
            0.153,
            0.15,
            0.151,
            0.154,
            0.16
        ],
        [
            0.149,
            0.148,
            0.151,
            0.149,
            0.151,
            0.15,
            0.154
        ],
        [
            0.148,
            0.148,
            0.152,
            0.149,
            0.149,
            0.148,
            0.153
        ],
        [
            0.149,
            0.15,
            0.151,
            0.146,
            0.151,
            0.146,
            0.154
        ],
        [
            0.15,
            0.148,
            0.154,
            0.149,
            0.15,
            0.147,
            0.156
        ],
        [
            0.157,
            0.149,
            0.156,
            0.149,
            0.152,
            0.153,
            0.17
        ],
        [
            0.156,
            0.151,
            0.155,
            0.151,
            0.156,
            0.171,
            0.182
        ],
        [
            0.157,
            0.15,
            0.153,
            0.155,
            0.158,
            0.174,
            0.187
        ],
        [
            0.166,
            0.164,
            0.164,
            0.173,
            0.174,
            0.191,
            0.203
        ],
        [
            0.178,
            0.169,
            0.177,
            0.187,
            0.19,
            0.201,
            0.205
        ],
        [
            0.182,
            0.175,
            0.191,
            0.201,
            0.202,
            0.207,
            0.209
        ],
        [
            0.19,
            0.182,
            0.208,
            0.214,
            0.217,
            0.218,
            0.22
        ],
        [
            0.189,
            0.18,
            0.213,
            0.218,
            0.217,
            0.214,
            0.22
        ],
        [
            0.187,
            0.185,
            0.213,
            0.216,
            0.216,
            0.218,
            0.222
        ],
        [
            0.186,
            0.186,
            0.211,
            0.218,
            0.212,
            0.217,
            0.223
        ],
        [
            0.188,
            0.186,
            0.209,
            0.213,
            0.21,
            0.22,
            0.222
        ],
        [
            0.193,
            0.187,
            0.208,
            0.212,
            0.207,
            0.221,
            0.223
        ]
    ],
    "timestamp": "2026-04-01T17:36:22.099989",
    "label": "bee"
}