{
    "event_type": "flower_visit",
    "event_id": "flower_1_20260401173005236425",
    "flower_id": "flower_1",
    "background_dist": 0.2,
    "start_time": 1775082603.0367281,
    "end_time": 1775082605.2362828,
    "num_scans": 33,
    "angles": [
        132,
        133,
        134,
        135,
        136,
        137,
        138
    ],
    "distance_series": [
        [
            0.176,
            0.178,
            0.194,
            0.205,
            0.189,
            0.159,
            0.168
        ],
        [
            0.177,
            0.168,
            0.186,
            0.199,
            0.183,
            0.156,
            0.16
        ],
        [
            0.177,
            0.164,
            0.178,
            0.19,
            0.181,
            0.163,
            0.163
        ],
        [
            0.182,
            0.16,
            0.171,
            0.185,
            0.176,
            0.164,
            0.163
        ],
        [
            0.186,
            0.157,
            0.164,
            0.178,
            0.172,
            0.163,
            0.162
        ],
        [
            0.184,
            0.157,
            0.168,
            0.178,
            0.17,
            0.167,
            0.165
        ],
        [
            0.176,
            0.156,
            0.165,
            0.177,
            0.165,
            0.167,
            0.17
        ],
        [
            0.173,
            0.158,
            0.167,
            0.169,
            0.162,
            0.165,
            0.172
        ],
        [
            0.166,
            0.161,
            0.164,
            0.165,
            0.161,
            0.162,
            0.171
        ],
        [
            0.157,
            0.156,
            0.155,
            0.161,
            0.161,
            0.158,
            0.162
        ],
        [
            0.16,
            0.158,
            0.155,
            0.159,
            0.16,
            0.158,
            0.154
        ],
        [
            0.159,
            0.159,
            0.151,
            0.152,
            0.162,
            0.158,
            0.154
        ],
        [
            0.162,
            0.156,
            0.152,
            0.154,
            0.157,
            0.154,
            0.155
        ],
        [
            0.173,
            0.157,
            0.155,
            0.155,
            0.153,
            0.154,
            0.155
        ],
        [
            0.177,
            0.158,
            0.156,
            0.155,
            0.156,
            0.156,
            0.159
        ],
        [
            0.183,
            0.156,
            0.162,
            0.162,
            0.16,
            0.155,
            0.162
        ],
        [
            0.184,
            0.165,
            0.176,
            0.175,
            0.169,
            0.167,
            0.158
        ],
        [
            0.187,
            0.169,
            0.186,
            0.188,
            0.183,
            0.175,
            0.159
        ],
        [
            0.183,
            0.173,
            0.196,
            0.205,
            0.199,
            0.182,
            0.16
        ],
        [
            0.189,
            0.181,
            0.201,
            0.209,
            0.204,
            0.184,
            0.159
        ],
        [
            0.186,
            0.173,
            0.204,
            0.211,
            0.206,
            0.182,
            0.156
        ],
        [
            0.182,
            0.172,
            0.203,
            0.209,
            0.205,
            0.174,
            0.157
        ],
        [
            0.174,
            0.166,
            0.198,
            0.206,
            0.196,
            0.167,
            0.159
        ],
        [
            0.169,
            0.163,
            0.186,
            0.191,
            0.18,
            0.168,
            0.16
        ],
        [
            0.167,
            0.159,
            0.172,
            0.175,
            0.171,
            0.161,
            0.165
        ],
        [
            0.17,
            0.167,
            0.174,
            0.18,
            0.173,
            0.172,
            0.181
        ],
        [
            0.179,
            0.177,
            0.182,
            0.183,
            0.183,
            0.181,
            0.199
        ],
        [
            0.178,
            0.186,
            0.194,
            0.201,
            0.195,
            0.198,
            0.212
        ],
        [
            0.184,
            0.186,
            0.207,
            0.215,
            0.213,
            0.207,
            0.221
        ],
        [
            0.185,
            0.182,
            0.207,
            0.218,
            0.217,
            0.216,
            0.226
        ],
        [
            0.185,
            0.182,
            0.205,
            0.222,
            0.216,
            0.22,
            0.226
        ],
        [
            0.186,
            0.179,
            0.207,
            0.222,
            0.218,
            0.221,
            0.225
        ],
        [
            0.183,
            0.185,
            0.206,
            0.225,
            0.213,
            0.217,
            0.223
        ]
    ],
    "timestamp": "2026-04-01T17:30:05.236512",
    "label": "bee"
}